{
  "type": "FeatureCollection",
  "features": [
    {
      "id": "2",
      "type": "Feature",
      "geometry": {
        "type": "Point",
        "coordinates": [
          -81.97201869999999,
          36.7113192
        ]
      },
      "properties": {
        "church_name": "Sinking Spring Presbyterian Church",
        "lib_level": 0,
        "full_address": "136 E Main St, Abingdon, VA 24210-2835",
        "url": "sinkingspring.org",
        "google_maps_url": "https://maps.google.com/?cid=3662896034643220778",
        "size_bucket": "M",
        "affiliate": null
      }
    },
    {
      "id": "4",
      "type": "Feature",
      "geometry": {
        "type": "Point",
        "coordinates": [
          -81.52120409999999,
          36.8326589
        ]
      },
      "properties": {
        "church_name": "Royal Oak Presbyterian Church",
        "lib_level": 0,
        "full_address": "139 W Main St, Marion, VA 24354-2531",
        "url": "www.royaloakpres.com",
        "google_maps_url": "https://maps.google.com/?cid=14840482482278526320",
        "size_bucket": "S",
        "affiliate": null
      }
    },
    {
      "id": "7",
      "type": "Feature",
      "geometry": {
        "type": "Point",
        "coordinates": [
          -81.51888459999999,
          37.1169067
        ]
      },
      "properties": {
        "church_name": "Tazewell Presbyterian Church",
        "lib_level": 0,
        "full_address": "149 Church St, Tazewell, VA 24651",
        "url": "www.tazpreschurch.org",
        "google_maps_url": "https://maps.google.com/?cid=16905073372721693171",
        "size_bucket": "S",
        "affiliate": null
      }
    },
    {
      "id": "8",
      "type": "Feature",
      "geometry": {
        "type": "Point",
        "coordinates": [
          -81.6245524,
          36.9027058
        ]
      },
      "properties": {
        "church_name": "Rich Valley Presbyterian Church",
        "lib_level": 0,
        "full_address": "3811 Valley Rd, Saltville, VA 24370",
        "url": "richvalleypresbyterianchurch.org",
        "google_maps_url": null,
        "size_bucket": "S",
        "affiliate": null
      }
    },
    {
      "id": "9",
      "type": "Feature",
      "geometry": {
        "type": "Point",
        "coordinates": [
          -81.78878379999999,
          36.7667573
        ]
      },
      "properties": {
        "church_name": "Glade Spring Presbyterian Church",
        "lib_level": 0,
        "full_address": "33234 Lee Hwy, Glade Spring, VA 24340",
        "url": "www.oldgladepresbyterian.com",
        "google_maps_url": "https://maps.google.com/?cid=15090663261980648700",
        "size_bucket": "S",
        "affiliate": null
      }
    },
    {
      "id": "10",
      "type": "Feature",
      "geometry": {
        "type": "Point",
        "coordinates": [
          -81.99829749999999,
          36.6364411
        ]
      },
      "properties": {
        "church_name": "Green Spring Presbyterian Church",
        "lib_level": 1,
        "full_address": "22007 Green Spring Church Rd, Abingdon, VA 24211-5573",
        "url": "www.greenspringchurch.org",
        "google_maps_url": "https://maps.google.com/?cid=10325858478115655622",
        "size_bucket": "S",
        "affiliate": null
      }
    },
    {
      "id": "11",
      "type": "Feature",
      "geometry": {
        "type": "Point",
        "coordinates": [
          -81.7965576,
          37.0939102
        ]
      },
      "properties": {
        "church_name": "Richlands Presbyterian Church",
        "lib_level": 0,
        "full_address": "1301 2nd St, Richlands, VA 24641",
        "url": null,
        "google_maps_url": "https://maps.google.com/?cid=9915701788141243998",
        "size_bucket": "S",
        "affiliate": null
      }
    },
    {
      "id": "18",
      "type": "Feature",
      "geometry": {
        "type": "Point",
        "coordinates": [
          -82.10804619999999,
          36.6030683
        ]
      },
      "properties": {
        "church_name": "High Point Presbyterian Church",
        "lib_level": 0,
        "full_address": "24168 High Point Rd, Bristol, VA 24202-4708",
        "url": null,
        "google_maps_url": null,
        "size_bucket": "XS",
        "affiliate": null
      }
    },
    {
      "id": "25",
      "type": "Feature",
      "geometry": {
        "type": "Point",
        "coordinates": [
          -82.5964654,
          37.1031352
        ]
      },
      "properties": {
        "church_name": "Pound Presbyterian Church",
        "lib_level": 0,
        "full_address": "10619 Old Indian Creek Rd, Pound, VA 24279",
        "url": "1stpresbyterianchurchpound.org",
        "google_maps_url": "https://maps.google.com/?cid=17990679095604512962",
        "size_bucket": "XS",
        "affiliate": null
      }
    },
    {
      "id": "26",
      "type": "Feature",
      "geometry": {
        "type": "Point",
        "coordinates": [
          -82.77456529999999,
          36.8655717
        ]
      },
      "properties": {
        "church_name": "Big Stone Gap Presbyterian Church",
        "lib_level": 0,
        "full_address": "304 Clinton Ave E, Big Stone Gap, VA 24219-2928",
        "url": "www.faithstreet.com/big-stone-gap-presbyterian-church-big-stone-gap-va",
        "google_maps_url": "https://maps.google.com/?cid=3097465600969155833",
        "size_bucket": "XS",
        "affiliate": null
      }
    },
    {
      "id": "31",
      "type": "Feature",
      "geometry": {
        "type": "Point",
        "coordinates": [
          -81.7659074,
          36.81267030000001
        ]
      },
      "properties": {
        "church_name": "McCalls Gap Presbyterian Church",
        "lib_level": 0,
        "full_address": "9420 Crescent Rd, Glade Spring, VA 24340",
        "url": null,
        "google_maps_url": "https://maps.google.com/?cid=12907371184613458563",
        "size_bucket": null,
        "affiliate": null
      }
    },
    {
      "id": "33",
      "type": "Feature",
      "geometry": {
        "type": "Point",
        "coordinates": [
          -82.0989432,
          37.2325366
        ]
      },
      "properties": {
        "church_name": "Vansant Presbyterian Church",
        "lib_level": 0,
        "full_address": "1058 Baxter Hill Rd, Vansant, VA 24656",
        "url": null,
        "google_maps_url": "https://maps.google.com/?cid=7308133359414803975",
        "size_bucket": null,
        "affiliate": null
      }
    },
    {
      "id": "35",
      "type": "Feature",
      "geometry": {
        "type": "Point",
        "coordinates": [
          -81.6262681,
          36.9027181
        ]
      },
      "properties": {
        "church_name": "Locust Cove Presbyterian Church",
        "lib_level": 0,
        "full_address": "3783 Valley Rd, Saltville, VA 24370",
        "url": null,
        "google_maps_url": "https://maps.google.com/?cid=5379298167010010465",
        "size_bucket": null,
        "affiliate": null
      }
    },
    {
      "id": "38",
      "type": "Feature",
      "geometry": {
        "type": "Point",
        "coordinates": [
          -81.790373,
          37.182694
        ]
      },
      "properties": {
        "church_name": "Jewell Ridge Presbyterian Church",
        "lib_level": 0,
        "full_address": "618 Jewell Main, Jewell Ridge, VA 24622",
        "url": null,
        "google_maps_url": "https://maps.google.com/?cid=7700248436211429235",
        "size_bucket": null,
        "affiliate": null
      }
    },
    {
      "id": "39",
      "type": "Feature",
      "geometry": {
        "type": "Point",
        "coordinates": [
          -82.08903360000001,
          36.899566
        ]
      },
      "properties": {
        "church_name": "Lebanon Presbyterian Church",
        "lib_level": 0,
        "full_address": "523 W Main St, Lebanon, VA 24266",
        "url": "www.lebanonpresbyterianchurch.com",
        "google_maps_url": "https://maps.google.com/?cid=1974199780276196506",
        "size_bucket": null,
        "affiliate": null
      }
    },
    {
      "id": "40",
      "type": "Feature",
      "geometry": {
        "type": "Point",
        "coordinates": [
          -82.10718229999999,
          37.26432459999999
        ]
      },
      "properties": {
        "church_name": "Buchanan First Presbyterian Church",
        "lib_level": 0,
        "full_address": "21223 Riverside Dr, Grundy, VA 24614",
        "url": "bfpcgrundy.org",
        "google_maps_url": "https://maps.google.com/?cid=6267749003792414667",
        "size_bucket": null,
        "affiliate": null
      }
    },
    {
      "id": "41",
      "type": "Feature",
      "geometry": {
        "type": "Point",
        "coordinates": [
          -82.56995570000001,
          36.6419077
        ]
      },
      "properties": {
        "church_name": "First Presbyterian Church",
        "lib_level": 0,
        "full_address": "274 Jones St, Gate City, VA 24251",
        "url": "fpcgc.com",
        "google_maps_url": "https://maps.google.com/?cid=9556992369430568601",
        "size_bucket": null,
        "affiliate": null
      }
    },
    {
      "id": "44",
      "type": "Feature",
      "geometry": {
        "type": "Point",
        "coordinates": [
          -82.03659110000001,
          36.6734812
        ]
      },
      "properties": {
        "church_name": "Spring Creek Presbyterian Church",
        "lib_level": 0,
        "full_address": "19238 Spring Creek Rd, Abingdon, VA 24211",
        "url": "www.springcreekpresbyterian.net",
        "google_maps_url": null,
        "size_bucket": null,
        "affiliate": null
      }
    },
    {
      "id": "45",
      "type": "Feature",
      "geometry": {
        "type": "Point",
        "coordinates": [
          -82.1097703,
          36.6828682
        ]
      },
      "properties": {
        "church_name": "Maple Grove Presbyterian Church",
        "lib_level": 0,
        "full_address": "14389 Black Hollow Rd, Abingdon, VA 24210",
        "url": "www.maplegrovepresbyterian.org",
        "google_maps_url": null,
        "size_bucket": null,
        "affiliate": null
      }
    },
    {
      "id": "58",
      "type": "Feature",
      "geometry": {
        "type": "Point",
        "coordinates": [
          -73.8502225,
          43.0009367
        ]
      },
      "properties": {
        "church_name": "Ballston Spa Presbyterian Church",
        "lib_level": 0,
        "full_address": "22 W High St, Ballston Spa, NY 12020-1928",
        "url": "www.ballstonpresby.org",
        "google_maps_url": "https://maps.google.com/?cid=14200480280798473098",
        "size_bucket": "S",
        "affiliate": null
      }
    },
    {
      "id": "109",
      "type": "Feature",
      "geometry": {
        "type": "Point",
        "coordinates": [
          -94.4184011,
          35.3845186
        ]
      },
      "properties": {
        "church_name": "First Fort Smith Presbyterian Church",
        "lib_level": 1,
        "full_address": "116 N 12th St, Fort Smith, AR 72901-2742",
        "url": "www.1pres.org",
        "google_maps_url": "https://maps.google.com/?cid=17798154314218522846",
        "size_bucket": "M",
        "affiliate": null
      }
    },
    {
      "id": "110",
      "type": "Feature",
      "geometry": {
        "type": "Point",
        "coordinates": [
          -94.1625742,
          36.1844998
        ]
      },
      "properties": {
        "church_name": "First Presbyterian Church",
        "lib_level": 1,
        "full_address": "100 S Gutensohn Rd, Springdale, AR 72762-3810",
        "url": "www.fpcspringdale.org",
        "google_maps_url": null,
        "size_bucket": "M",
        "affiliate": null
      }
    },
    {
      "id": "111",
      "type": "Feature",
      "geometry": {
        "type": "Point",
        "coordinates": [
          -94.14888619999999,
          36.0815108
        ]
      },
      "properties": {
        "church_name": "First United Presbyterian Church",
        "lib_level": 1,
        "full_address": "695 E Calvin St, Fayetteville, AR 72703",
        "url": "www.fupcfay.org",
        "google_maps_url": null,
        "size_bucket": "M",
        "affiliate": null
      }
    },
    {
      "id": "112",
      "type": "Feature",
      "geometry": {
        "type": "Point",
        "coordinates": [
          -92.4613103,
          35.0928416
        ]
      },
      "properties": {
        "church_name": "First Presbyterian Church",
        "lib_level": 0,
        "full_address": "2400 Prince St, Conway, AR 72034-3747",
        "url": "www.fpcconway.org",
        "google_maps_url": null,
        "size_bucket": "M",
        "affiliate": null
      }
    },
    {
      "id": "114",
      "type": "Feature",
      "geometry": {
        "type": "Point",
        "coordinates": [
          -92.9869757,
          34.6653897
        ]
      },
      "properties": {
        "church_name": "Kirk in the Pines Presbyterian Church",
        "lib_level": 1,
        "full_address": "275 Asturias Dr, Hot Springs Village, AR 71909",
        "url": "www.kirkinthepines.org",
        "google_maps_url": null,
        "size_bucket": "M",
        "affiliate": null
      }
    },
    {
      "id": "119",
      "type": "Feature",
      "geometry": {
        "type": "Point",
        "coordinates": [
          -93.0574898,
          34.5176003
        ]
      },
      "properties": {
        "church_name": "First Presbyterian Church",
        "lib_level": 1,
        "full_address": "213 Whittington Ave, Hot Springs, AR 71901-3409",
        "url": "www.firstpreshotsprings.org",
        "google_maps_url": null,
        "size_bucket": "S",
        "affiliate": null
      }
    },
    {
      "id": "120",
      "type": "Feature",
      "geometry": {
        "type": "Point",
        "coordinates": [
          -91.6464701,
          35.7726201
        ]
      },
      "properties": {
        "church_name": "First Presbyterian Church",
        "lib_level": 1,
        "full_address": "775 E Boswell St, Batesville, AR 72501-5722",
        "url": "www.firstpresbatesville.org",
        "google_maps_url": null,
        "size_bucket": "S",
        "affiliate": null
      }
    },
    {
      "id": "122",
      "type": "Feature",
      "geometry": {
        "type": "Point",
        "coordinates": [
          -92.8242808,
          34.3741623
        ]
      },
      "properties": {
        "church_name": "First Presbyterian Church",
        "lib_level": 0,
        "full_address": "707 Martin L King Blvd, Malvern, AR 72104",
        "url": "fpcmalvern.org",
        "google_maps_url": null,
        "size_bucket": "S",
        "affiliate": null
      }
    },
    {
      "id": "124",
      "type": "Feature",
      "geometry": {
        "type": "Point",
        "coordinates": [
          -94.1559382,
          36.3110727
        ]
      },
      "properties": {
        "church_name": "First Presbyterian Church",
        "lib_level": 1,
        "full_address": "1901 S 26th St, Rogers, AR 72758",
        "url": "fpcrogers.com",
        "google_maps_url": "https://maps.google.com/?cid=3332755134316762003",
        "size_bucket": "S",
        "affiliate": null
      }
    },
    {
      "id": "128",
      "type": "Feature",
      "geometry": {
        "type": "Point",
        "coordinates": [
          -93.1130869,
          36.2199104
        ]
      },
      "properties": {
        "church_name": "First Presbyterian Church",
        "lib_level": 0,
        "full_address": "915 S Maple Street, Harrison, AR 72601",
        "url": "www.fpcharrison.org",
        "google_maps_url": null,
        "size_bucket": "S",
        "affiliate": null
      }
    },
    {
      "id": "129",
      "type": "Feature",
      "geometry": {
        "type": "Point",
        "coordinates": [
          -93.740953,
          36.4907168
        ]
      },
      "properties": {
        "church_name": "Holiday Island Presbyterian Church",
        "lib_level": 1,
        "full_address": "111 Valley Dr, Holiday Island, AR 72631",
        "url": "www.hipcark.com",
        "google_maps_url": "https://maps.google.com/?cid=11024215074697708607",
        "size_bucket": "XS",
        "affiliate": null
      }
    },
    {
      "id": "130",
      "type": "Feature",
      "geometry": {
        "type": "Point",
        "coordinates": [
          -92.5850822,
          34.56795870000001
        ]
      },
      "properties": {
        "church_name": "First Presbyterian Church",
        "lib_level": 1,
        "full_address": "501 N East St, Benton, AR 72015-3704",
        "url": "www.bentonfpc.com",
        "google_maps_url": null,
        "size_bucket": "XS",
        "affiliate": null
      }
    },
    {
      "id": "144",
      "type": "Feature",
      "geometry": {
        "type": "Point",
        "coordinates": [
          -92.2708578,
          34.7407677
        ]
      },
      "properties": {
        "church_name": "First Presbyterian Church",
        "lib_level": 1,
        "full_address": "800 Scott St, Little Rock, AR 72201",
        "url": "www.firstpreslr.org",
        "google_maps_url": "https://maps.google.com/?cid=13051951800761727706",
        "size_bucket": "XS",
        "affiliate": null
      }
    },
    {
      "id": "152",
      "type": "Feature",
      "geometry": {
        "type": "Point",
        "coordinates": [
          -94.2207612,
          35.4782726
        ]
      },
      "properties": {
        "church_name": "First Presbyterian Church",
        "lib_level": 1,
        "full_address": "24 Oak St, Alma, AR 72921",
        "url": null,
        "google_maps_url": null,
        "size_bucket": "XS",
        "affiliate": null
      }
    },
    {
      "id": "165",
      "type": "Feature",
      "geometry": {
        "type": "Point",
        "coordinates": [
          -93.4025575,
          34.227717
        ]
      },
      "properties": {
        "church_name": "Alpine Presbyterian Church",
        "lib_level": 1,
        "full_address": "146 Hickman Rd, Amity, AR 71921-9111",
        "url": null,
        "google_maps_url": null,
        "size_bucket": null,
        "affiliate": null
      }
    },
    {
      "id": "168",
      "type": "Feature",
      "geometry": {
        "type": "Point",
        "coordinates": [
          -92.0195428,
          34.2262213
        ]
      },
      "properties": {
        "church_name": "Faith Presbyterian Church",
        "lib_level": 1,
        "full_address": "913 N University, Pine Bluff, AR 71601-3003",
        "url": null,
        "google_maps_url": null,
        "size_bucket": null,
        "affiliate": null
      }
    },
    {
      "id": "182",
      "type": "Feature",
      "geometry": {
        "type": "Point",
        "coordinates": [
          -77.4826173,
          37.4758414
        ]
      },
      "properties": {
        "church_name": "Richmond Korean Presbyterian Church",
        "lib_level": 0,
        "full_address": "2990 Broad Rock Blvd, Richmond, VA 23224",
        "url": "www.richmondkpc.com",
        "google_maps_url": "https://maps.google.com/?cid=10968994066002628662",
        "size_bucket": "M",
        "affiliate": null
      }
    },
    {
      "id": "205",
      "type": "Feature",
      "geometry": {
        "type": "Point",
        "coordinates": [
          -76.5449335,
          39.0717097
        ]
      },
      "properties": {
        "church_name": "Woods Memorial Presbyterian Church",
        "lib_level": 1,
        "full_address": "611 Baltimore Annapolis Blvd, Severna Park, MD 21146",
        "url": "www.woodschurch.org",
        "google_maps_url": "https://maps.google.com/?cid=1364752168898548089",
        "size_bucket": "L",
        "affiliate": null
      }
    },
    {
      "id": "215",
      "type": "Feature",
      "geometry": {
        "type": "Point",
        "coordinates": [
          -76.3311015,
          39.5165086
        ]
      },
      "properties": {
        "church_name": "Christ Our King Presbyterian Church",
        "lib_level": 0,
        "full_address": "10 Lexington Rd, Bel Air, MD 21014",
        "url": "www.christourking.net",
        "google_maps_url": "https://maps.google.com/?cid=13338068262114060772",
        "size_bucket": "M",
        "affiliate": null
      }
    },
    {
      "id": "230",
      "type": "Feature",
      "geometry": {
        "type": "Point",
        "coordinates": [
          -76.5497287,
          39.5126493
        ]
      },
      "properties": {
        "church_name": "Chestnut Grove Presbyterian Church",
        "lib_level": 0,
        "full_address": "3701 Sweet Air Rd, Phoenix, MD 21131",
        "url": "www.chestnutgrovechurch.net",
        "google_maps_url": "https://maps.google.com/?cid=16444115521091515470",
        "size_bucket": "S",
        "affiliate": null
      }
    },
    {
      "id": "232",
      "type": "Feature",
      "geometry": {
        "type": "Point",
        "coordinates": [
          -78.7653304,
          39.65109169999999
        ]
      },
      "properties": {
        "church_name": "First Presbyterian Church",
        "lib_level": 1,
        "full_address": "11 Washington St, Cumberland, MD 21502",
        "url": "www.fpc-cumberland.org",
        "google_maps_url": null,
        "size_bucket": "S",
        "affiliate": null
      }
    },
    {
      "id": "264",
      "type": "Feature",
      "geometry": {
        "type": "Point",
        "coordinates": [
          -79.9285723,
          40.7152178
        ]
      },
      "properties": {
        "church_name": "Glade Run United Presbyterian Church",
        "lib_level": 0,
        "full_address": "1091 Pittsburgh Rd, Valencia, PA 16059",
        "url": "www.gladerunchurch.org",
        "google_maps_url": null,
        "size_bucket": "XL",
        "affiliate": null
      }
    },
    {
      "id": "265",
      "type": "Feature",
      "geometry": {
        "type": "Point",
        "coordinates": [
          -80.23088349999999,
          40.5885804
        ]
      },
      "properties": {
        "church_name": "Ambridge United Presbyterian Church",
        "lib_level": 1,
        "full_address": "798 Park Rd, Ambridge, PA 15003-2317",
        "url": "upambridge.org",
        "google_maps_url": null,
        "size_bucket": null,
        "affiliate": null
      }
    },
    {
      "id": "266",
      "type": "Feature",
      "geometry": {
        "type": "Point",
        "coordinates": [
          -80.23088349999999,
          40.5885804
        ]
      },
      "properties": {
        "church_name": "One In Christ Church Presbyterian Church",
        "lib_level": 1,
        "full_address": "798 Park Rd, Ambridge, PA 15003",
        "url": null,
        "google_maps_url": null,
        "size_bucket": null,
        "affiliate": null
      }
    },
    {
      "id": "268",
      "type": "Feature",
      "geometry": {
        "type": "Point",
        "coordinates": [
          -79.8102679,
          40.7502378
        ]
      },
      "properties": {
        "church_name": "Saxonburg Memorial Presbyterian Church",
        "lib_level": 0,
        "full_address": "100 W Main St, Saxonburg, PA 16056",
        "url": "www.saxonburg.org",
        "google_maps_url": null,
        "size_bucket": "M",
        "affiliate": null
      }
    },
    {
      "id": "269",
      "type": "Feature",
      "geometry": {
        "type": "Point",
        "coordinates": [
          -80.1274838,
          40.6978578
        ]
      },
      "properties": {
        "church_name": "Cranberry Community United Presbyterian Church",
        "lib_level": 0,
        "full_address": "2662 Rochester Rd, Cranberry Township, PA 16066",
        "url": "www.ccupc.org",
        "google_maps_url": null,
        "size_bucket": "M",
        "affiliate": null
      }
    },
    {
      "id": "271",
      "type": "Feature",
      "geometry": {
        "type": "Point",
        "coordinates": [
          -80.25752969999999,
          40.589218
        ]
      },
      "properties": {
        "church_name": "Ohio Presbyterian Church",
        "lib_level": 1,
        "full_address": "1236 Longvue Ave, Aliquippa, PA 15001-4519",
        "url": "ohiopresbyterian.org",
        "google_maps_url": "https://maps.google.com/?cid=10166917659613789996",
        "size_bucket": "S",
        "affiliate": null
      }
    },
    {
      "id": "272",
      "type": "Feature",
      "geometry": {
        "type": "Point",
        "coordinates": [
          -80.3084232,
          40.6930195
        ]
      },
      "properties": {
        "church_name": "Park Presbyterian Church",
        "lib_level": 0,
        "full_address": "275 Commerce St, Beaver, PA 15009-2635",
        "url": "parkpres.org",
        "google_maps_url": "https://maps.google.com/?cid=13942197071400429279",
        "size_bucket": "S",
        "affiliate": null
      }
    },
    {
      "id": "279",
      "type": "Feature",
      "geometry": {
        "type": "Point",
        "coordinates": [
          -80.1840495,
          40.6593387
        ]
      },
      "properties": {
        "church_name": "Concord Presbyterian Church",
        "lib_level": 0,
        "full_address": "2832 Conway Wallrose Rd, Baden, PA 15005",
        "url": "www.concordpreschurch.org",
        "google_maps_url": "https://maps.google.com/?cid=14070116757273282913",
        "size_bucket": "S",
        "affiliate": null
      }
    },
    {
      "id": "292",
      "type": "Feature",
      "geometry": {
        "type": "Point",
        "coordinates": [
          -79.8244653,
          40.7121734
        ]
      },
      "properties": {
        "church_name": "Westminster Presbyterian Church",
        "lib_level": 0,
        "full_address": "210 Westminster Rd, Sarver, PA 16055",
        "url": "www.westminsterchurch.net",
        "google_maps_url": "https://maps.google.com/?cid=9079188768942467624",
        "size_bucket": "XS",
        "affiliate": null
      }
    },
    {
      "id": "296",
      "type": "Feature",
      "geometry": {
        "type": "Point",
        "coordinates": [
          -80.3213468,
          40.7523827
        ]
      },
      "properties": {
        "church_name": "First Presbyterian Church",
        "lib_level": 0,
        "full_address": "1103 8th Ave, Beaver Falls, PA 15010",
        "url": "fpc-beaverfalls.org",
        "google_maps_url": "https://maps.google.com/?cid=6295090307300119563",
        "size_bucket": "XS",
        "affiliate": null
      }
    },
    {
      "id": "311",
      "type": "Feature",
      "geometry": {
        "type": "Point",
        "coordinates": [
          -79.73525029999999,
          40.7359064
        ]
      },
      "properties": {
        "church_name": "Buffalo Presbyterian Church",
        "lib_level": 0,
        "full_address": "678 Sarver Rd, Sarver, PA 16055",
        "url": null,
        "google_maps_url": "https://maps.google.com/?cid=15129321753468453276",
        "size_bucket": "XS",
        "affiliate": null
      }
    },
    {
      "id": "320",
      "type": "Feature",
      "geometry": {
        "type": "Point",
        "coordinates": [
          -80.3699784,
          40.5792431
        ]
      },
      "properties": {
        "church_name": "Service Presbyterian Church",
        "lib_level": 1,
        "full_address": "491 Service Church Rd, Aliquippa, PA 15001",
        "url": null,
        "google_maps_url": "https://maps.google.com/?cid=5515798292633579657",
        "size_bucket": null,
        "affiliate": null
      }
    },
    {
      "id": "322",
      "type": "Feature",
      "geometry": {
        "type": "Point",
        "coordinates": [
          -80.3425563,
          40.7601466
        ]
      },
      "properties": {
        "church_name": "Steffin Hill Presbyterian Church",
        "lib_level": 1,
        "full_address": "2000 Darlington Rd, Beaver Falls, PA 15010",
        "url": "steffinhill.org",
        "google_maps_url": "https://maps.google.com/?cid=9757260917453051321",
        "size_bucket": null,
        "affiliate": null
      }
    },
    {
      "id": "332",
      "type": "Feature",
      "geometry": {
        "type": "Point",
        "coordinates": [
          -88.9680645,
          42.302975
        ]
      },
      "properties": {
        "church_name": "Westminster Presbyterian Church",
        "lib_level": 0,
        "full_address": "2821 N Bell School Rd, Rockford, IL 61107-2753",
        "url": "www.westminsterchurch.cc",
        "google_maps_url": "https://maps.google.com/?cid=8783471353935624103",
        "size_bucket": "M",
        "affiliate": null
      }
    },
    {
      "id": "333",
      "type": "Feature",
      "geometry": {
        "type": "Point",
        "coordinates": [
          -88.3463393,
          41.6934157
        ]
      },
      "properties": {
        "church_name": "Oswego Presbyterian Church",
        "lib_level": 1,
        "full_address": "1976 Rt 25, Oswego, IL 60543-9834",
        "url": "www.opchurch.org",
        "google_maps_url": "https://maps.google.com/?cid=1072586431729461244",
        "size_bucket": "M",
        "affiliate": null
      }
    },
    {
      "id": "341",
      "type": "Feature",
      "geometry": {
        "type": "Point",
        "coordinates": [
          -88.7722842,
          41.9442776
        ]
      },
      "properties": {
        "church_name": "Westminster Presbyterian Church",
        "lib_level": 1,
        "full_address": "830 N Annie Glidden Rd, DeKalb, IL 60115-1509",
        "url": "www.westminsterdekalb.org",
        "google_maps_url": "https://maps.google.com/?cid=7278312996538667216",
        "size_bucket": "S",
        "affiliate": null
      }
    },
    {
      "id": "390",
      "type": "Feature",
      "geometry": {
        "type": "Point",
        "coordinates": [
          -71.1193674,
          42.3341202
        ]
      },
      "properties": {
        "church_name": "Korean Church of Boston Presbyterian Church",
        "lib_level": 0,
        "full_address": "32 Harvard St, Brookline, MA 2445",
        "url": "www.kcboston.org",
        "google_maps_url": null,
        "size_bucket": "L",
        "affiliate": null
      }
    },
    {
      "id": "395",
      "type": "Feature",
      "geometry": {
        "type": "Point",
        "coordinates": [
          -71.00000229999999,
          42.2354512
        ]
      },
      "properties": {
        "church_name": "First Presbyterian Church",
        "lib_level": 0,
        "full_address": "270 Franklin St, Quincy, MA 02169-7943",
        "url": "www.fpcquincy.org",
        "google_maps_url": null,
        "size_bucket": "S",
        "affiliate": null
      }
    },
    {
      "id": "396",
      "type": "Feature",
      "geometry": {
        "type": "Point",
        "coordinates": [
          -71.0811149,
          42.319503
        ]
      },
      "properties": {
        "church_name": "Roxbury Presbyterian Church",
        "lib_level": 0,
        "full_address": "328 Warren St, Roxbury, MA 2119",
        "url": "roxburypresbyterianchurch.org",
        "google_maps_url": "https://maps.google.com/?cid=16592663590849043332",
        "size_bucket": "S",
        "affiliate": null
      }
    },
    {
      "id": "397",
      "type": "Feature",
      "geometry": {
        "type": "Point",
        "coordinates": [
          -71.1019129,
          42.3735454
        ]
      },
      "properties": {
        "church_name": "First United Presbyterian Church",
        "lib_level": 1,
        "full_address": "1418 Cambridge St, Cambridge, MA 2139",
        "url": "www.fupc-cambridge.org",
        "google_maps_url": "https://maps.google.com/?cid=16399452945745825125",
        "size_bucket": "S",
        "affiliate": null
      }
    },
    {
      "id": "399",
      "type": "Feature",
      "geometry": {
        "type": "Point",
        "coordinates": [
          -71.4112474,
          42.383215
        ]
      },
      "properties": {
        "church_name": "Sudbury Presbyterian Church",
        "lib_level": 1,
        "full_address": "330 Concord Rd, Sudbury, MA 1776",
        "url": "www.pcsudbury.org",
        "google_maps_url": "https://maps.google.com/?cid=12777501296342704006",
        "size_bucket": "S",
        "affiliate": null
      }
    },
    {
      "id": "406",
      "type": "Feature",
      "geometry": {
        "type": "Point",
        "coordinates": [
          -71.00000229999999,
          42.2354512
        ]
      },
      "properties": {
        "church_name": "Young Sang Presbyterian Church",
        "lib_level": 0,
        "full_address": "270 Franklin St, Quincy, MA 2169",
        "url": "www.quincychurch.org",
        "google_maps_url": null,
        "size_bucket": "XS",
        "affiliate": null
      }
    },
    {
      "id": "410",
      "type": "Feature",
      "geometry": {
        "type": "Point",
        "coordinates": [
          -71.1193674,
          42.3341202
        ]
      },
      "properties": {
        "church_name": "First Presbyterian Church",
        "lib_level": 0,
        "full_address": "32 Harvard St, Brookline, MA 2445",
        "url": "www.fpcbrookline.org",
        "google_maps_url": null,
        "size_bucket": "XS",
        "affiliate": null
      }
    },
    {
      "id": "420",
      "type": "Feature",
      "geometry": {
        "type": "Point",
        "coordinates": [
          -76.8811632,
          40.2589028
        ]
      },
      "properties": {
        "church_name": "Market Square Presbyterian Church",
        "lib_level": 1,
        "full_address": "20 S 2nd St, Harrisburg, PA 17101",
        "url": "www.marketsquarechurch.org",
        "google_maps_url": "https://maps.google.com/?cid=14280905782086276722",
        "size_bucket": "M",
        "affiliate": null
      }
    },
    {
      "id": "421",
      "type": "Feature",
      "geometry": {
        "type": "Point",
        "coordinates": [
          -77.6616835,
          39.93739
        ]
      },
      "properties": {
        "church_name": "Central Presbyterian Church",
        "lib_level": 0,
        "full_address": "40 Lincoln Way W, Chambersburg, PA 17201-2104",
        "url": "www.centralonthesquare.org",
        "google_maps_url": "https://maps.google.com/?cid=15339217518318235908",
        "size_bucket": "M",
        "affiliate": null
      }
    },
    {
      "id": "428",
      "type": "Feature",
      "geometry": {
        "type": "Point",
        "coordinates": [
          -77.18936099999999,
          40.20217
        ]
      },
      "properties": {
        "church_name": "First Presbyterian Church",
        "lib_level": 1,
        "full_address": "2a N Hanover St, Carlisle, PA 17013-3000",
        "url": "www.firstprescarlisle.org",
        "google_maps_url": "https://maps.google.com/?cid=17002550887972964186",
        "size_bucket": "S",
        "affiliate": null
      }
    },
    {
      "id": "453",
      "type": "Feature",
      "geometry": {
        "type": "Point",
        "coordinates": [
          -122.5811791,
          45.6148402
        ]
      },
      "properties": {
        "church_name": "Columbia Presbyterian Church",
        "lib_level": 0,
        "full_address": "805 SE Columbia Ridge Dr, Vancouver, WA 98664",
        "url": "www.columbiapresbyterian.org",
        "google_maps_url": "https://maps.google.com/?cid=10385991311673930781",
        "size_bucket": "L",
        "affiliate": null
      }
    },
    {
      "id": "454",
      "type": "Feature",
      "geometry": {
        "type": "Point",
        "coordinates": [
          -122.7179995,
          45.4082392
        ]
      },
      "properties": {
        "church_name": "Lake Grove Presbyterian Church",
        "lib_level": 1,
        "full_address": "4040 Sunset Dr, Lake Oswego, OR 97035-4318",
        "url": "www.lakegrovepres.org",
        "google_maps_url": "https://maps.google.com/?cid=12140504540599719954",
        "size_bucket": "L",
        "affiliate": null
      }
    },
    {
      "id": "471",
      "type": "Feature",
      "geometry": {
        "type": "Point",
        "coordinates": [
          -122.9154583,
          45.523488
        ]
      },
      "properties": {
        "church_name": "Orenco Presbyterian Church",
        "lib_level": 0,
        "full_address": "6420 NE Oelrich St, Hillsboro, OR 97124",
        "url": "www.orencochurch.org",
        "google_maps_url": "https://maps.google.com/?cid=8135217597138978291",
        "size_bucket": "S",
        "affiliate": null
      }
    },
    {
      "id": "491",
      "type": "Feature",
      "geometry": {
        "type": "Point",
        "coordinates": [
          -122.7238854,
          45.4703165
        ]
      },
      "properties": {
        "church_name": "Multnomah Presbyterian Church",
        "lib_level": 1,
        "full_address": "7555 SW 45th Ave, Portland, OR 97219-1516",
        "url": "multpreschurch.org/",
        "google_maps_url": "https://maps.google.com/?cid=8038556822684388220",
        "size_bucket": "S",
        "affiliate": null
      }
    },
    {
      "id": "511",
      "type": "Feature",
      "geometry": {
        "type": "Point",
        "coordinates": [
          -123.9274053,
          46.12130399999999
        ]
      },
      "properties": {
        "church_name": "Pioneer Presbyterian Church",
        "lib_level": 1,
        "full_address": "33324 Patriot Way, Warrenton, OR 97146",
        "url": "www.pioneerchurchpcusa.org",
        "google_maps_url": "https://maps.google.com/?cid=4190570522817534105",
        "size_bucket": "XS",
        "affiliate": null
      }
    },
    {
      "id": "574",
      "type": "Feature",
      "geometry": {
        "type": "Point",
        "coordinates": [
          -81.936289,
          28.9369903
        ]
      },
      "properties": {
        "church_name": "North Lake Presbyterian Church",
        "lib_level": 0,
        "full_address": "975 Rolling Acres Road, Lady Lake, FL 32159-5023",
        "url": "www.northlakepc.org",
        "google_maps_url": "https://maps.google.com/?cid=7098817149777739115",
        "size_bucket": "L",
        "affiliate": null
      }
    },
    {
      "id": "576",
      "type": "Feature",
      "geometry": {
        "type": "Point",
        "coordinates": [
          -80.3832273,
          27.6450631
        ]
      },
      "properties": {
        "church_name": "First Presbyterian Church",
        "lib_level": 0,
        "full_address": "520 Royal Palm Blvd, Vero Beach, FL 32960-5126",
        "url": "www.firstpresvero.org",
        "google_maps_url": "https://maps.google.com/?cid=5265198275759347008",
        "size_bucket": "L",
        "affiliate": null
      }
    },
    {
      "id": "578",
      "type": "Feature",
      "geometry": {
        "type": "Point",
        "coordinates": [
          -81.3816993,
          28.7755441
        ]
      },
      "properties": {
        "church_name": "Markham Woods Presbyterian Church",
        "lib_level": 0,
        "full_address": "5210 Markham Woods Rd, Lake Mary, FL 32746-4000",
        "url": "www.mwpcusa.org",
        "google_maps_url": "https://maps.google.com/?cid=3508290824951233515",
        "size_bucket": "M",
        "affiliate": null
      }
    },
    {
      "id": "579",
      "type": "Feature",
      "geometry": {
        "type": "Point",
        "coordinates": [
          -81.63869830000002,
          28.5030116
        ]
      },
      "properties": {
        "church_name": "Korean Presbyterian Church",
        "lib_level": 0,
        "full_address": "16796 Davenport Rd, Winter Garden, FL 34787-9104",
        "url": "www.kpco.org",
        "google_maps_url": "https://maps.google.com/?cid=1117006083435785355",
        "size_bucket": "M",
        "affiliate": null
      }
    },
    {
      "id": "580",
      "type": "Feature",
      "geometry": {
        "type": "Point",
        "coordinates": [
          -81.3044384,
          29.0398873
        ]
      },
      "properties": {
        "church_name": "First Presbyterian Church",
        "lib_level": 1,
        "full_address": "724 N Woodland Blvd, Deland, FL 32720-2707",
        "url": "www.fpcdeland.org",
        "google_maps_url": "https://maps.google.com/?cid=15315616959539762960",
        "size_bucket": "M",
        "affiliate": null
      }
    },
    {
      "id": "581",
      "type": "Feature",
      "geometry": {
        "type": "Point",
        "coordinates": [
          -81.63869830000002,
          28.5030116
        ]
      },
      "properties": {
        "church_name": "Harvest Presbyterian Church",
        "lib_level": 0,
        "full_address": "16796 E Davenport Rd, Winter Garden, FL 34787",
        "url": "www.harvestchurchorlando.org",
        "google_maps_url": null,
        "size_bucket": "M",
        "affiliate": null
      }
    },
    {
      "id": "584",
      "type": "Feature",
      "geometry": {
        "type": "Point",
        "coordinates": [
          -81.25222540000001,
          28.6472967
        ]
      },
      "properties": {
        "church_name": "El Redentor Presbyterian Church",
        "lib_level": 0,
        "full_address": "6971 Red Bug Lake Rd, Oviedo, FL 32765-6528",
        "url": "www.elredentor.net",
        "google_maps_url": "https://maps.google.com/?cid=16713943196368955694",
        "size_bucket": "M",
        "affiliate": null
      }
    },
    {
      "id": "585",
      "type": "Feature",
      "geometry": {
        "type": "Point",
        "coordinates": [
          -81.7876063,
          28.8366831
        ]
      },
      "properties": {
        "church_name": "GraceWay Presbyterian Church",
        "lib_level": 0,
        "full_address": "10200 Morningside Dr, Leesburg, FL 34788",
        "url": "www.gracewaychurch.us",
        "google_maps_url": "https://maps.google.com/?cid=6093653683821038745",
        "size_bucket": "M",
        "affiliate": null
      }
    },
    {
      "id": "586",
      "type": "Feature",
      "geometry": {
        "type": "Point",
        "coordinates": [
          -81.4080204,
          28.68911679999999
        ]
      },
      "properties": {
        "church_name": "Wekiva Presbyterian Church",
        "lib_level": 0,
        "full_address": "211 Wekiva Springs Ln, Longwood, FL 32779-3601",
        "url": "www.wekivapresbyterian.org",
        "google_maps_url": "https://maps.google.com/?cid=14798653848603590457",
        "size_bucket": "M",
        "affiliate": null
      }
    },
    {
      "id": "587",
      "type": "Feature",
      "geometry": {
        "type": "Point",
        "coordinates": [
          -80.97553649999999,
          29.1578274
        ]
      },
      "properties": {
        "church_name": "Westminster-by-the-Sea Presbyterian Church",
        "lib_level": 0,
        "full_address": "3221 S Peninsula Dr, Daytona Beach Shores, FL 32118",
        "url": "www.wbts.org",
        "google_maps_url": "https://maps.google.com/?cid=10477767141381328263",
        "size_bucket": "M",
        "affiliate": null
      }
    },
    {
      "id": "588",
      "type": "Feature",
      "geometry": {
        "type": "Point",
        "coordinates": [
          -81.6250858,
          28.5540534
        ]
      },
      "properties": {
        "church_name": "Oakland Presbyterian Church",
        "lib_level": 1,
        "full_address": "218 E Oakland Ave, Oakland, FL 34760",
        "url": "oaklandpres.org",
        "google_maps_url": "https://maps.google.com/?cid=2565256423858798626",
        "size_bucket": "M",
        "affiliate": null
      }
    },
    {
      "id": "589",
      "type": "Feature",
      "geometry": {
        "type": "Point",
        "coordinates": [
          -81.0261215,
          29.1274407
        ]
      },
      "properties": {
        "church_name": "Port Orange Presbyterian Church",
        "lib_level": 0,
        "full_address": "4662 S Clyde Morris Blvd, Port Orange, FL 32129",
        "url": "www.popreschurch.com",
        "google_maps_url": "https://maps.google.com/?cid=2605296376039782529",
        "size_bucket": "M",
        "affiliate": null
      }
    },
    {
      "id": "592",
      "type": "Feature",
      "geometry": {
        "type": "Point",
        "coordinates": [
          -81.68123399999999,
          28.8512315
        ]
      },
      "properties": {
        "church_name": "First Presbyterian Church",
        "lib_level": 1,
        "full_address": "117 S Center St, Eustis, FL 32726",
        "url": "www.fpceustis.com",
        "google_maps_url": "https://maps.google.com/?cid=1714686238000687607",
        "size_bucket": "M",
        "affiliate": null
      }
    },
    {
      "id": "594",
      "type": "Feature",
      "geometry": {
        "type": "Point",
        "coordinates": [
          -81.89964010000001,
          28.8098052
        ]
      },
      "properties": {
        "church_name": "First Presbyterian Church",
        "lib_level": 1,
        "full_address": "200 S Lone Oak Dr, Leesburg, FL 34749",
        "url": "www.firstpresleesburg.org",
        "google_maps_url": "https://maps.google.com/?cid=466524358387485941",
        "size_bucket": "M",
        "affiliate": null
      }
    },
    {
      "id": "595",
      "type": "Feature",
      "geometry": {
        "type": "Point",
        "coordinates": [
          -81.50083219999999,
          28.4925423
        ]
      },
      "properties": {
        "church_name": "Church of the Lakes Presbyterian Church",
        "lib_level": 0,
        "full_address": "4700 Lincoln Ave, Orlando, FL 32819-3211",
        "url": "www.pcol.org",
        "google_maps_url": "https://maps.google.com/?cid=7998831528125998697",
        "size_bucket": "M",
        "affiliate": null
      }
    },
    {
      "id": "597",
      "type": "Feature",
      "geometry": {
        "type": "Point",
        "coordinates": [
          -81.3258603,
          28.5937967
        ]
      },
      "properties": {
        "church_name": "Winter Park Presbyterian Church",
        "lib_level": 0,
        "full_address": "400 S Lakemont Ave, Winter Park, FL 32792",
        "url": "www.winppc.org",
        "google_maps_url": "https://maps.google.com/?cid=14564484819616057665",
        "size_bucket": "M",
        "affiliate": null
      }
    },
    {
      "id": "598",
      "type": "Feature",
      "geometry": {
        "type": "Point",
        "coordinates": [
          -81.6464788,
          28.8011183
        ]
      },
      "properties": {
        "church_name": "First Presbyterian Church",
        "lib_level": 1,
        "full_address": "222 W 6th Ave, Mt Dora, FL 32757-5512",
        "url": "www.fpcmtdora.org",
        "google_maps_url": "https://maps.google.com/?cid=12170115493767233809",
        "size_bucket": "M",
        "affiliate": null
      }
    },
    {
      "id": "601",
      "type": "Feature",
      "geometry": {
        "type": "Point",
        "coordinates": [
          -81.51815429999999,
          28.5488499
        ]
      },
      "properties": {
        "church_name": "Quest Presbyterian Church",
        "lib_level": 0,
        "full_address": "1450 Citrus Oaks Ave, Gotha, FL 34734",
        "url": "www.questpc.org",
        "google_maps_url": null,
        "size_bucket": "M",
        "affiliate": null
      }
    },
    {
      "id": "602",
      "type": "Feature",
      "geometry": {
        "type": "Point",
        "coordinates": [
          -82.0391361,
          28.8634651
        ]
      },
      "properties": {
        "church_name": "First Presbyterian Church",
        "lib_level": 0,
        "full_address": "203 Barwick St, Wildwood, FL 34785",
        "url": "www.fpcwildwood.org",
        "google_maps_url": "https://maps.google.com/?cid=16679622279925901273",
        "size_bucket": "M",
        "affiliate": null
      }
    },
    {
      "id": "605",
      "type": "Feature",
      "geometry": {
        "type": "Point",
        "coordinates": [
          -80.6349539,
          28.0574145
        ]
      },
      "properties": {
        "church_name": "Ch of the Good Shepherd Presbyterian Church",
        "lib_level": 1,
        "full_address": "810 W Florida Ave, Melbourne, FL 32901",
        "url": "www.pcgoodshep.org",
        "google_maps_url": "https://maps.google.com/?cid=6811539442865886440",
        "size_bucket": "S",
        "affiliate": null
      }
    },
    {
      "id": "606",
      "type": "Feature",
      "geometry": {
        "type": "Point",
        "coordinates": [
          -81.2637134,
          28.6191145
        ]
      },
      "properties": {
        "church_name": "Tuskawilla Presbyterian Church",
        "lib_level": 0,
        "full_address": "3600 Aloma Ave, Oviedo, FL 32765",
        "url": "www.mytpc.org",
        "google_maps_url": "https://maps.google.com/?cid=9825953173980030594",
        "size_bucket": "S",
        "affiliate": null
      }
    },
    {
      "id": "607",
      "type": "Feature",
      "geometry": {
        "type": "Point",
        "coordinates": [
          -81.4076333,
          28.2940733
        ]
      },
      "properties": {
        "church_name": "First Presbyterian Church",
        "lib_level": 0,
        "full_address": "15 Church St, Kissimmee, FL 34741-5126",
        "url": "www.firstpresbyteriankissimmee.com",
        "google_maps_url": "https://maps.google.com/?cid=166547136863429808",
        "size_bucket": "S",
        "affiliate": null
      }
    },
    {
      "id": "610",
      "type": "Feature",
      "geometry": {
        "type": "Point",
        "coordinates": [
          -80.44745209999999,
          27.6446547
        ]
      },
      "properties": {
        "church_name": "Westminster Presbyterian Church",
        "lib_level": 0,
        "full_address": "2555 58th Ave, Vero Beach, FL 32966",
        "url": "www.wpcvbfl.com",
        "google_maps_url": "https://maps.google.com/?cid=16227259580672030606",
        "size_bucket": "S",
        "affiliate": null
      }
    },
    {
      "id": "613",
      "type": "Feature",
      "geometry": {
        "type": "Point",
        "coordinates": [
          -80.82956949999999,
          27.2463688
        ]
      },
      "properties": {
        "church_name": "Okeechobee Presbyterian Church",
        "lib_level": 0,
        "full_address": "312 N Parrott Ave, Okeechobee, FL 34972",
        "url": "www.okeechobeepresby.com",
        "google_maps_url": "https://maps.google.com/?cid=18313946189853339832",
        "size_bucket": "S",
        "affiliate": null
      }
    },
    {
      "id": "614",
      "type": "Feature",
      "geometry": {
        "type": "Point",
        "coordinates": [
          -81.2793272,
          28.2486348
        ]
      },
      "properties": {
        "church_name": "St Cloud Presbyterian Church",
        "lib_level": 0,
        "full_address": "909 10th St, St Cloud, FL 34770",
        "url": "www.stcloudpresbyterian.org",
        "google_maps_url": "https://maps.google.com/?cid=16514063149474994029",
        "size_bucket": "S",
        "affiliate": null
      }
    },
    {
      "id": "617",
      "type": "Feature",
      "geometry": {
        "type": "Point",
        "coordinates": [
          -81.17237720000001,
          28.63675
        ]
      },
      "properties": {
        "church_name": "Oviedo Presbyterian Church",
        "lib_level": 1,
        "full_address": "2405 Lockwood Blvd, Oviedo, FL 32765",
        "url": "www.oviedopres.org",
        "google_maps_url": "https://maps.google.com/?cid=3555139438726837826",
        "size_bucket": "S",
        "affiliate": null
      }
    },
    {
      "id": "618",
      "type": "Feature",
      "geometry": {
        "type": "Point",
        "coordinates": [
          -80.6195903,
          28.0185561
        ]
      },
      "properties": {
        "church_name": "First Presbyterian Church",
        "lib_level": 0,
        "full_address": "1080 Pt Malabar Blvd NE, Palm Bay, FL 32905-5136",
        "url": "www.palmbaypres.org",
        "google_maps_url": "https://maps.google.com/?cid=13580664720925253081",
        "size_bucket": "S",
        "affiliate": null
      }
    },
    {
      "id": "621",
      "type": "Feature",
      "geometry": {
        "type": "Point",
        "coordinates": [
          -80.7513869,
          28.3737865
        ]
      },
      "properties": {
        "church_name": "Cocoa Presbyterian Church",
        "lib_level": 0,
        "full_address": "1404 Dixon Blvd, Cocoa, FL 32922-6412",
        "url": "cocoapres.org/",
        "google_maps_url": "https://maps.google.com/?cid=2064043742933152823",
        "size_bucket": "S",
        "affiliate": null
      }
    },
    {
      "id": "623",
      "type": "Feature",
      "geometry": {
        "type": "Point",
        "coordinates": [
          -81.30821569999999,
          27.4378524
        ]
      },
      "properties": {
        "church_name": "Spring Lake Presbyterian Church",
        "lib_level": 1,
        "full_address": "5887 US Hwy 98, Sebring, FL 33876-9565",
        "url": "www.springlakepc.com",
        "google_maps_url": "https://maps.google.com/?cid=17468855337159908894",
        "size_bucket": "S",
        "affiliate": null
      }
    },
    {
      "id": "624",
      "type": "Feature",
      "geometry": {
        "type": "Point",
        "coordinates": [
          -82.1145662,
          28.6664129
        ]
      },
      "properties": {
        "church_name": "Bushnell Presbyterian Church",
        "lib_level": 0,
        "full_address": "323 Etheredge St, Bushnell, FL 33513",
        "url": null,
        "google_maps_url": "https://maps.google.com/?cid=13228864242308309618",
        "size_bucket": "S",
        "affiliate": null
      }
    },
    {
      "id": "630",
      "type": "Feature",
      "geometry": {
        "type": "Point",
        "coordinates": [
          -81.7734959,
          28.7173225
        ]
      },
      "properties": {
        "church_name": "Community Presbyterian Church",
        "lib_level": 1,
        "full_address": "420 N Palm Ave, Howey in the Hills, FL 34737",
        "url": "www.howeychurch.com",
        "google_maps_url": null,
        "size_bucket": "XS",
        "affiliate": null
      }
    },
    {
      "id": "631",
      "type": "Feature",
      "geometry": {
        "type": "Point",
        "coordinates": [
          -81.3158267,
          28.787045
        ]
      },
      "properties": {
        "church_name": "Upsala Presbyterian Church",
        "lib_level": 0,
        "full_address": "101 Upsala Rd, Sanford, FL 32771-3676",
        "url": "www.upsalachurch.com",
        "google_maps_url": "https://maps.google.com/?cid=9464583753494372633",
        "size_bucket": "XS",
        "affiliate": null
      }
    },
    {
      "id": "634",
      "type": "Feature",
      "geometry": {
        "type": "Point",
        "coordinates": [
          -81.7576133,
          28.5496852
        ]
      },
      "properties": {
        "church_name": "South Lake Presbyterian Church",
        "lib_level": 0,
        "full_address": "131 Chestnut St, Clermont, FL 34711-3017",
        "url": "www.slpcclermont.com",
        "google_maps_url": null,
        "size_bucket": null,
        "affiliate": null
      }
    },
    {
      "id": "677",
      "type": "Feature",
      "geometry": {
        "type": "Point",
        "coordinates": [
          -79.9562578,
          32.7189117
        ]
      },
      "properties": {
        "church_name": "St James Presbyterian Church",
        "lib_level": 1,
        "full_address": "1314 Seccessionville Rd, Charleston, SC 29412-8231",
        "url": "www.stjamesji.org",
        "google_maps_url": "https://maps.google.com/?cid=70218025914058531",
        "size_bucket": "L",
        "affiliate": null
      }
    },
    {
      "id": "678",
      "type": "Feature",
      "geometry": {
        "type": "Point",
        "coordinates": [
          -79.93118460000001,
          32.7744464
        ]
      },
      "properties": {
        "church_name": "First-Scots Presbyterian Church",
        "lib_level": 0,
        "full_address": "53 Meeting St, Charleston, SC 29401-2536",
        "url": "www.first-scots.org",
        "google_maps_url": "https://maps.google.com/?cid=1537740469239954652",
        "size_bucket": "L",
        "affiliate": null
      }
    },
    {
      "id": "679",
      "type": "Feature",
      "geometry": {
        "type": "Point",
        "coordinates": [
          -79.9907762,
          32.8223271
        ]
      },
      "properties": {
        "church_name": "Westminster Presbyterian Church",
        "lib_level": 0,
        "full_address": "1157 Sam Rittenberg Blvd, Charleston, SC 29407-3360",
        "url": "www.wpccharleston.org",
        "google_maps_url": "https://maps.google.com/?cid=15627995678004649627",
        "size_bucket": "L",
        "affiliate": null
      }
    },
    {
      "id": "682",
      "type": "Feature",
      "geometry": {
        "type": "Point",
        "coordinates": [
          -80.765711,
          32.140038
        ]
      },
      "properties": {
        "church_name": "Providence Presbyterian Church",
        "lib_level": 0,
        "full_address": "171 Cordillo Pkwy, Hilton Head Island, SC 29928-7503",
        "url": "www.providencehhi.org",
        "google_maps_url": "https://maps.google.com/?cid=13250249886292270151",
        "size_bucket": "M",
        "affiliate": null
      }
    },
    {
      "id": "684",
      "type": "Feature",
      "geometry": {
        "type": "Point",
        "coordinates": [
          -80.65319989999999,
          32.4104124
        ]
      },
      "properties": {
        "church_name": "Sea Island Presbyterian Church",
        "lib_level": 1,
        "full_address": "81 Lady's Island Dr, Beaufort, SC 29901",
        "url": "seaislandpresbyterian.org",
        "google_maps_url": "https://maps.google.com/?cid=11904760259902469105",
        "size_bucket": "M",
        "affiliate": null
      }
    },
    {
      "id": "685",
      "type": "Feature",
      "geometry": {
        "type": "Point",
        "coordinates": [
          -80.1822755,
          33.0177021
        ]
      },
      "properties": {
        "church_name": "Summerville Presbyterian Church",
        "lib_level": 0,
        "full_address": "407 S Laurel St, Summerville, SC 29483-5929",
        "url": "www.summervillepres.org",
        "google_maps_url": "https://maps.google.com/?cid=5866482555006967149",
        "size_bucket": "M",
        "affiliate": null
      }
    },
    {
      "id": "687",
      "type": "Feature",
      "geometry": {
        "type": "Point",
        "coordinates": [
          -80.0292362,
          33.2002808
        ]
      },
      "properties": {
        "church_name": "First Presbyterian Church",
        "lib_level": 0,
        "full_address": "419 West Main Street, Moncks Corner, SC 29461",
        "url": "www.firstpcmonckscorner.org",
        "google_maps_url": "https://maps.google.com/?cid=7290806799428544667",
        "size_bucket": "M",
        "affiliate": null
      }
    },
    {
      "id": "695",
      "type": "Feature",
      "geometry": {
        "type": "Point",
        "coordinates": [
          -80.06399050000002,
          33.0161032
        ]
      },
      "properties": {
        "church_name": "Peace Presbyterian Church",
        "lib_level": 0,
        "full_address": "174 Londonderry Rd, Goose Creek, SC 29445-5533",
        "url": "peacechurchgc.com",
        "google_maps_url": "https://maps.google.com/?cid=17452227032724943710",
        "size_bucket": "M",
        "affiliate": null
      }
    },
    {
      "id": "698",
      "type": "Feature",
      "geometry": {
        "type": "Point",
        "coordinates": [
          -80.8651941,
          33.4986257
        ]
      },
      "properties": {
        "church_name": "First Presbyterian Church",
        "lib_level": 0,
        "full_address": "650 Summers Ave, Orangeburg, SC 29115",
        "url": "1stpresbyterian.org",
        "google_maps_url": "https://maps.google.com/?cid=9407865989424468218",
        "size_bucket": "S",
        "affiliate": null
      }
    },
    {
      "id": "733",
      "type": "Feature",
      "geometry": {
        "type": "Point",
        "coordinates": [
          -80.7726629,
          35.0718152
        ]
      },
      "properties": {
        "church_name": "Providence Presbyterian Church",
        "lib_level": 1,
        "full_address": "10140 Providence Church Ln, Charlotte, NC 28277",
        "url": "www.providencepresclt.org",
        "google_maps_url": "https://maps.google.com/?cid=1884950592972517007",
        "size_bucket": "M",
        "affiliate": null
      }
    },
    {
      "id": "743",
      "type": "Feature",
      "geometry": {
        "type": "Point",
        "coordinates": [
          -80.9489435,
          35.3241479
        ]
      },
      "properties": {
        "church_name": "Cooks Memorial Presbyterian Church",
        "lib_level": 0,
        "full_address": "3413 Mt Holly-Huntersville Rd, Charlotte, NC 28216",
        "url": "www.cookschurch.org",
        "google_maps_url": "https://maps.google.com/?cid=8621662264129144101",
        "size_bucket": "S",
        "affiliate": null
      }
    },
    {
      "id": "771",
      "type": "Feature",
      "geometry": {
        "type": "Point",
        "coordinates": [
          -80.1172582,
          35.2244059
        ]
      },
      "properties": {
        "church_name": "First Presbyterian Church",
        "lib_level": 1,
        "full_address": "207 S Main St, Norwood, NC 28128",
        "url": "www.norwoodfpc.org",
        "google_maps_url": "https://maps.google.com/?cid=7708349350714674634",
        "size_bucket": "XS",
        "affiliate": null
      }
    },
    {
      "id": "816",
      "type": "Feature",
      "geometry": {
        "type": "Point",
        "coordinates": [
          -85.22035729999999,
          34.2700242
        ]
      },
      "properties": {
        "church_name": "Westminster Presbyterian Church",
        "lib_level": 1,
        "full_address": "1941 Shorter Ave, Rome, GA 30165-2140",
        "url": "www.wpcrome.org",
        "google_maps_url": "https://maps.google.com/?cid=5903977803648170920",
        "size_bucket": "S",
        "affiliate": null
      }
    },
    {
      "id": "827",
      "type": "Feature",
      "geometry": {
        "type": "Point",
        "coordinates": [
          -85.1702801,
          34.937874
        ]
      },
      "properties": {
        "church_name": "Christ Fellowship Presbyterian Church",
        "lib_level": 0,
        "full_address": "1176 N Three Notch Rd, Ringgold, GA 30736-8059",
        "url": "christfellowshipringgold.com",
        "google_maps_url": "https://maps.google.com/?cid=10316025170117978651",
        "size_bucket": "XS",
        "affiliate": null
      }
    },
    {
      "id": "834",
      "type": "Feature",
      "geometry": {
        "type": "Point",
        "coordinates": [
          -84.4937961,
          34.1107474
        ]
      },
      "properties": {
        "church_name": "Woodstock Presbyterian Church",
        "lib_level": 1,
        "full_address": "345 Arnold Mill Rd, Woodstock, GA 30188-2835",
        "url": "www.woodstockpcusa.com",
        "google_maps_url": "https://maps.google.com/?cid=13994900743074395212",
        "size_bucket": null,
        "affiliate": null
      }
    },
    {
      "id": "847",
      "type": "Feature",
      "geometry": {
        "type": "Point",
        "coordinates": [
          -87.83247,
          42.2524918
        ]
      },
      "properties": {
        "church_name": "First Presbyterian Church",
        "lib_level": 0,
        "full_address": "700 N Sheridan Rd, Lake Forest, IL 60045-2201",
        "url": "www.firstchurchlf.org",
        "google_maps_url": "https://maps.google.com/?cid=13575719411935731497",
        "size_bucket": "M",
        "affiliate": null
      }
    },
    {
      "id": "849",
      "type": "Feature",
      "geometry": {
        "type": "Point",
        "coordinates": [
          -87.67987749999999,
          42.0435679
        ]
      },
      "properties": {
        "church_name": "First Presbyterian Church",
        "lib_level": 0,
        "full_address": "1427 Chicago Ave, Evanston, IL 60201",
        "url": "www.firstpresevanston.org",
        "google_maps_url": "https://maps.google.com/?cid=8354217720309423674",
        "size_bucket": "M",
        "affiliate": null
      }
    },
    {
      "id": "850",
      "type": "Feature",
      "geometry": {
        "type": "Point",
        "coordinates": [
          -87.8140154,
          41.890278
        ]
      },
      "properties": {
        "church_name": "First Presbyterian Church",
        "lib_level": 0,
        "full_address": "7551 Quick Ave, River Forest, IL 60305",
        "url": "www.firstpresrf.org",
        "google_maps_url": "https://maps.google.com/?cid=4689043818175673283",
        "size_bucket": "M",
        "affiliate": null
      }
    },
    {
      "id": "910",
      "type": "Feature",
      "geometry": {
        "type": "Point",
        "coordinates": [
          -88.06732459999999,
          41.87940469999999
        ]
      },
      "properties": {
        "church_name": "First Presbyterian Church",
        "lib_level": 0,
        "full_address": "550 N Main St, Glen Ellyn, IL 60137",
        "url": "www.firstpresge.org",
        "google_maps_url": "https://maps.google.com/?cid=13518057471470593213",
        "size_bucket": null,
        "affiliate": null
      }
    },
    {
      "id": "934",
      "type": "Feature",
      "geometry": {
        "type": "Point",
        "coordinates": [
          -84.5067413,
          39.2285712
        ]
      },
      "properties": {
        "church_name": "Northminster Presbyterian Church",
        "lib_level": 0,
        "full_address": "703 Compton Rd, Cincinnati, OH 45231-5009",
        "url": "www.northminsterchurch.net/",
        "google_maps_url": "https://maps.google.com/?cid=8113078349658871150",
        "size_bucket": "L",
        "affiliate": null
      }
    },
    {
      "id": "935",
      "type": "Feature",
      "geometry": {
        "type": "Point",
        "coordinates": [
          -84.4414305,
          39.1380237
        ]
      },
      "properties": {
        "church_name": "Knox Presbyterian Church",
        "lib_level": 1,
        "full_address": "3400 Michigan Ave, Cincinnati, OH 45208-2102",
        "url": "www.knox.org",
        "google_maps_url": "https://maps.google.com/?cid=7940370294192505569",
        "size_bucket": "L",
        "affiliate": null
      }
    },
    {
      "id": "937",
      "type": "Feature",
      "geometry": {
        "type": "Point",
        "coordinates": [
          -84.3768126,
          39.313978
        ]
      },
      "properties": {
        "church_name": "Crestview Presbyterian Church",
        "lib_level": 0,
        "full_address": "9463 Cinci- Columbus Rd, West Chester, OH 45069",
        "url": "www.crestviewchurch.com",
        "google_maps_url": "https://maps.google.com/?cid=7034618150393619576",
        "size_bucket": "M",
        "affiliate": null
      }
    },
    {
      "id": "938",
      "type": "Feature",
      "geometry": {
        "type": "Point",
        "coordinates": [
          -84.36285389999999,
          39.2412981
        ]
      },
      "properties": {
        "church_name": "Evergreen Presbyterian Church",
        "lib_level": 0,
        "full_address": "9994 Zigzag Rd, Cincinnati, OH 45242",
        "url": null,
        "google_maps_url": "https://maps.google.com/?cid=17597879732855646729",
        "size_bucket": null,
        "affiliate": null
      }
    },
    {
      "id": "940",
      "type": "Feature",
      "geometry": {
        "type": "Point",
        "coordinates": [
          -84.3094005,
          39.3437693
        ]
      },
      "properties": {
        "church_name": "Heritage Presbyterian Church",
        "lib_level": 0,
        "full_address": "6546 S Mason Montgomery Rd, Mason, OH 45040",
        "url": "hpcmason.org",
        "google_maps_url": "https://maps.google.com/?cid=8098490279287018332",
        "size_bucket": "M",
        "affiliate": null
      }
    },
    {
      "id": "941",
      "type": "Feature",
      "geometry": {
        "type": "Point",
        "coordinates": [
          -84.3610825,
          39.202751
        ]
      },
      "properties": {
        "church_name": "Madeira-Silverwood Presbyterian Church",
        "lib_level": 0,
        "full_address": "8000 Miami Ave, Cincinnati, OH 45243",
        "url": "www.madeirachurch.org",
        "google_maps_url": "https://maps.google.com/?cid=4122088019411823376",
        "size_bucket": "M",
        "affiliate": null
      }
    },
    {
      "id": "946",
      "type": "Feature",
      "geometry": {
        "type": "Point",
        "coordinates": [
          -84.8163007,
          39.2613534
        ]
      },
      "properties": {
        "church_name": "First Presbyterian Church",
        "lib_level": 0,
        "full_address": "115 S Vine St, Harrison, OH 45030",
        "url": "www.harrisonpresbyterian.com/",
        "google_maps_url": "https://maps.google.com/?cid=2721204784433172948",
        "size_bucket": "S",
        "affiliate": null
      }
    },
    {
      "id": "947",
      "type": "Feature",
      "geometry": {
        "type": "Point",
        "coordinates": [
          -84.5173902,
          39.10395990000001
        ]
      },
      "properties": {
        "church_name": "Covenant-First Presbyterian Church",
        "lib_level": 0,
        "full_address": "717 Elm St, Cincinnati, OH 45202",
        "url": "www.covfirstchurch.org",
        "google_maps_url": "https://maps.google.com/?cid=4101122840682770982",
        "size_bucket": "S",
        "affiliate": null
      }
    },
    {
      "id": "955",
      "type": "Feature",
      "geometry": {
        "type": "Point",
        "coordinates": [
          -84.20389,
          39.291066
        ]
      },
      "properties": {
        "church_name": "Bethel Murdoch Presbyterian Church",
        "lib_level": 1,
        "full_address": "9602 Murdoch Goshen Rd, Loveland, OH 45140",
        "url": "www.thebmpc.org",
        "google_maps_url": "https://maps.google.com/?cid=11145923082800821988",
        "size_bucket": "S",
        "affiliate": null
      }
    },
    {
      "id": "959",
      "type": "Feature",
      "geometry": {
        "type": "Point",
        "coordinates": [
          -84.2500859,
          39.257835
        ]
      },
      "properties": {
        "church_name": "Loveland Presbyterian Church",
        "lib_level": 0,
        "full_address": "6796 Loveland Miamiville Rd, Loveland, OH 45140",
        "url": "www.lovelandpresbyterianchurch.org",
        "google_maps_url": "https://maps.google.com/?cid=11712148668024749593",
        "size_bucket": "XS",
        "affiliate": null
      }
    },
    {
      "id": "962",
      "type": "Feature",
      "geometry": {
        "type": "Point",
        "coordinates": [
          -84.63693959999999,
          39.1155429
        ]
      },
      "properties": {
        "church_name": "St Johns Westminster Presbyterian Church",
        "lib_level": 1,
        "full_address": "1085 Neeb Rd, Cincinnati, OH 45233-4106",
        "url": "www.sjwuc.org",
        "google_maps_url": "https://maps.google.com/?cid=9718117125266459123",
        "size_bucket": "XS",
        "affiliate": null
      }
    },
    {
      "id": "963",
      "type": "Feature",
      "geometry": {
        "type": "Point",
        "coordinates": [
          -84.4611671,
          39.2697182
        ]
      },
      "properties": {
        "church_name": "Glendale Presbyterian Church",
        "lib_level": 0,
        "full_address": "155 E Fountain Ave, Cincinnati, OH 45246-4541",
        "url": "www.firstpresbyterianglendale.org",
        "google_maps_url": "https://maps.google.com/?cid=8816484195099461644",
        "size_bucket": "XS",
        "affiliate": null
      }
    },
    {
      "id": "964",
      "type": "Feature",
      "geometry": {
        "type": "Point",
        "coordinates": [
          -84.90071809999999,
          39.0542321
        ]
      },
      "properties": {
        "church_name": "First Presbyterian Church",
        "lib_level": 0,
        "full_address": "215 4th St, Aurora, IN 47001-1078",
        "url": "www.orgsites.com/in/aurora1stpresby",
        "google_maps_url": "https://maps.google.com/?cid=14706888784713652443",
        "size_bucket": "XS",
        "affiliate": null
      }
    },
    {
      "id": "967",
      "type": "Feature",
      "geometry": {
        "type": "Point",
        "coordinates": [
          -84.2247812,
          39.1756079
        ]
      },
      "properties": {
        "church_name": "Christ Presbyterian Church",
        "lib_level": 0,
        "full_address": "5657 Pleasantview Dr, Milford, OH 45150-2836",
        "url": null,
        "google_maps_url": "https://maps.google.com/?cid=6512783343158620088",
        "size_bucket": "XS",
        "affiliate": null
      }
    },
    {
      "id": "980",
      "type": "Feature",
      "geometry": {
        "type": "Point",
        "coordinates": [
          -84.8566055,
          39.218363
        ]
      },
      "properties": {
        "church_name": "Providence at Bright Presbyterian Church",
        "lib_level": 0,
        "full_address": "23983 Salt Fork Rd, Lawrenceburg, IN 47025",
        "url": "www.brightprovidencechurch.org",
        "google_maps_url": "https://maps.google.com/?cid=7158165487274819166",
        "size_bucket": "XS",
        "affiliate": null
      }
    },
    {
      "id": "981",
      "type": "Feature",
      "geometry": {
        "type": "Point",
        "coordinates": [
          -84.84856669999999,
          39.0943449
        ]
      },
      "properties": {
        "church_name": "Beecher Presbyterian Church",
        "lib_level": 0,
        "full_address": "229 Short St, Lawrenceburg, IN 47025",
        "url": null,
        "google_maps_url": "https://maps.google.com/?cid=4568198307780676139",
        "size_bucket": "XS",
        "affiliate": null
      }
    },
    {
      "id": "987",
      "type": "Feature",
      "geometry": {
        "type": "Point",
        "coordinates": [
          -84.280912,
          38.9505118
        ]
      },
      "properties": {
        "church_name": "Cranston Memorial Presbyterian Church",
        "lib_level": 0,
        "full_address": "200 Union St, New Richmond, OH 45157",
        "url": null,
        "google_maps_url": "https://maps.google.com/?cid=8939508968790072842",
        "size_bucket": null,
        "affiliate": null
      }
    },
    {
      "id": "1008",
      "type": "Feature",
      "geometry": {
        "type": "Point",
        "coordinates": [
          -78.8760815,
          35.0527667
        ]
      },
      "properties": {
        "church_name": "First Fayetteville Presbyterian Church",
        "lib_level": 0,
        "full_address": "102 Ann St, Fayetteville, NC 28301",
        "url": "www.firstprez.com",
        "google_maps_url": "https://maps.google.com/?cid=4844706192537696044",
        "size_bucket": "M",
        "affiliate": null
      }
    },
    {
      "id": "1010",
      "type": "Feature",
      "geometry": {
        "type": "Point",
        "coordinates": [
          -78.6129136,
          35.3200479
        ]
      },
      "properties": {
        "church_name": "Dunn Presbyterian Church",
        "lib_level": 1,
        "full_address": "901 N Park Ave, Dunn, NC 28334",
        "url": "www.fpcdunn.com",
        "google_maps_url": null,
        "size_bucket": "M",
        "affiliate": null
      }
    },
    {
      "id": "1014",
      "type": "Feature",
      "geometry": {
        "type": "Point",
        "coordinates": [
          -77.8493225,
          34.2387316
        ]
      },
      "properties": {
        "church_name": "Windermere Presbyterian Church",
        "lib_level": 0,
        "full_address": "104 Windemere Rd, Wilmington, NC 28405",
        "url": "www.windermerepres.org",
        "google_maps_url": "https://maps.google.com/?cid=8616767406042612231",
        "size_bucket": "M",
        "affiliate": null
      }
    },
    {
      "id": "1069",
      "type": "Feature",
      "geometry": {
        "type": "Point",
        "coordinates": [
          -78.01072169999999,
          34.2399273
        ]
      },
      "properties": {
        "church_name": "Woodburn Presbyterian Church",
        "lib_level": 0,
        "full_address": "509 Village Rd, Leland, NC 28451",
        "url": null,
        "google_maps_url": "https://maps.google.com/?cid=8800098276152195477",
        "size_bucket": "XS",
        "affiliate": null
      }
    },
    {
      "id": "1168",
      "type": "Feature",
      "geometry": {
        "type": "Point",
        "coordinates": [
          -74.0538381,
          40.346355
        ]
      },
      "properties": {
        "church_name": "First Presbyterian Church",
        "lib_level": 0,
        "full_address": "255 Harding Rd, Red Bank, NJ 7701",
        "url": "www.towerhillchurch.org",
        "google_maps_url": "https://maps.google.com/?cid=12580424831449256549",
        "size_bucket": "L",
        "affiliate": null
      }
    },
    {
      "id": "1172",
      "type": "Feature",
      "geometry": {
        "type": "Point",
        "coordinates": [
          -74.05383379999999,
          40.1214342
        ]
      },
      "properties": {
        "church_name": "First Presbyterian Church",
        "lib_level": 1,
        "full_address": "16 Virginia Ave, Manasquan, NJ 08736-3503",
        "url": "www.fpcom.org",
        "google_maps_url": "https://maps.google.com/?cid=6330362267191641787",
        "size_bucket": "M",
        "affiliate": null
      }
    },
    {
      "id": "1188",
      "type": "Feature",
      "geometry": {
        "type": "Point",
        "coordinates": [
          -74.2725846,
          40.5628176
        ]
      },
      "properties": {
        "church_name": "First Presbyterian Church",
        "lib_level": 0,
        "full_address": "600 Rahway Ave, Woodbridge, NJ 7095",
        "url": "www.fpcwoodbridgenj.org",
        "google_maps_url": "https://maps.google.com/?cid=12185177825151289284",
        "size_bucket": "S",
        "affiliate": null
      }
    },
    {
      "id": "1198",
      "type": "Feature",
      "geometry": {
        "type": "Point",
        "coordinates": [
          -74.3880504,
          40.5172274
        ]
      },
      "properties": {
        "church_name": "Community Presbyterian Church",
        "lib_level": 0,
        "full_address": "75 Glenville Rd, Edison, NJ 08817-4053",
        "url": "www.cpcedison.org",
        "google_maps_url": "https://maps.google.com/?cid=14775641698971997914",
        "size_bucket": "S",
        "affiliate": null
      }
    },
    {
      "id": "1253",
      "type": "Feature",
      "geometry": {
        "type": "Point",
        "coordinates": [
          -110.9355457,
          32.263918
        ]
      },
      "properties": {
        "church_name": "Northminster Presbyterian Church",
        "lib_level": 0,
        "full_address": "2450 E Ft Lowell Rd, Tucson, AZ 85719",
        "url": "www.npctucson.org",
        "google_maps_url": "https://maps.google.com/?cid=2638817766242737569",
        "size_bucket": "L",
        "affiliate": null
      }
    },
    {
      "id": "1254",
      "type": "Feature",
      "geometry": {
        "type": "Point",
        "coordinates": [
          -110.9823312,
          32.3452885
        ]
      },
      "properties": {
        "church_name": "St Andrews Presbyterian Church",
        "lib_level": 0,
        "full_address": "7650 N Paseo Del Norte, Tucson, AZ 85704-4540",
        "url": "www.sapctucson.org",
        "google_maps_url": "https://maps.google.com/?cid=11062378060428120666",
        "size_bucket": "L",
        "affiliate": null
      }
    },
    {
      "id": "1257",
      "type": "Feature",
      "geometry": {
        "type": "Point",
        "coordinates": [
          -111.7437662,
          32.8950991
        ]
      },
      "properties": {
        "church_name": "First Presbyterian Church",
        "lib_level": 0,
        "full_address": "702 E Cottonwood Ln, Casa Grande, AZ 85122",
        "url": "firstpresbyteriancasagrande.com",
        "google_maps_url": "https://maps.google.com/?cid=18073799795681935646",
        "size_bucket": "M",
        "affiliate": null
      }
    },
    {
      "id": "1259",
      "type": "Feature",
      "geometry": {
        "type": "Point",
        "coordinates": [
          -110.852917,
          32.2216388
        ]
      },
      "properties": {
        "church_name": "Christ Presbyterian Church",
        "lib_level": 1,
        "full_address": "6565 E Broadway, Tucson, AZ 85710",
        "url": "www.cpctucsonaz.org",
        "google_maps_url": "https://maps.google.com/?cid=14786117053904078294",
        "size_bucket": "M",
        "affiliate": null
      }
    },
    {
      "id": "1279",
      "type": "Feature",
      "geometry": {
        "type": "Point",
        "coordinates": [
          -104.9411828,
          39.6634797
        ]
      },
      "properties": {
        "church_name": "Wellshire Presbyterian Church",
        "lib_level": 1,
        "full_address": "2999 S Colorado Blvd, Denver, CO 80222-6696",
        "url": "www.wpcdenver.org",
        "google_maps_url": "https://maps.google.com/?cid=11306883391142391023",
        "size_bucket": "L",
        "affiliate": null
      }
    },
    {
      "id": "1283",
      "type": "Feature",
      "geometry": {
        "type": "Point",
        "coordinates": [
          -105.0359953,
          39.6249362
        ]
      },
      "properties": {
        "church_name": "St James Presbyterian Church",
        "lib_level": 0,
        "full_address": "3601 W Belleview Ave, Littleton, CO 80123",
        "url": "www.sjpres.org",
        "google_maps_url": "https://maps.google.com/?cid=5759409809525499935",
        "size_bucket": "M",
        "affiliate": null
      }
    },
    {
      "id": "1291",
      "type": "Feature",
      "geometry": {
        "type": "Point",
        "coordinates": [
          -105.0072667,
          39.6136501
        ]
      },
      "properties": {
        "church_name": "First Presbyterian Church",
        "lib_level": 0,
        "full_address": "1609 W Littleton Blvd, Littleton, CO 80120-2018",
        "url": "www.littletonpresbyterian.org",
        "google_maps_url": "https://maps.google.com/?cid=14128233653006415814",
        "size_bucket": "S",
        "affiliate": null
      }
    },
    {
      "id": "1301",
      "type": "Feature",
      "geometry": {
        "type": "Point",
        "coordinates": [
          -104.9895978,
          39.71814
        ]
      },
      "properties": {
        "church_name": "First Avenue Presbyterian Church",
        "lib_level": 0,
        "full_address": "120 W 1st Ave, Denver, CO 80223",
        "url": "www.1stavepres.org",
        "google_maps_url": "https://maps.google.com/?cid=17053772517788673644",
        "size_bucket": "S",
        "affiliate": null
      }
    },
    {
      "id": "1323",
      "type": "Feature",
      "geometry": {
        "type": "Point",
        "coordinates": [
          -93.6815156,
          41.6298474
        ]
      },
      "properties": {
        "church_name": "Douglas Avenue Presbyterian Church",
        "lib_level": 1,
        "full_address": "4601 Douglas Ave, Des Moines, IA 50310-2742",
        "url": "www.dapcdm.com",
        "google_maps_url": "https://maps.google.com/?cid=2658041250109332816",
        "size_bucket": "XS",
        "affiliate": null
      }
    },
    {
      "id": "1333",
      "type": "Feature",
      "geometry": {
        "type": "Point",
        "coordinates": [
          -92.41315279999999,
          41.0208385
        ]
      },
      "properties": {
        "church_name": "First Presbyterian Church",
        "lib_level": 1,
        "full_address": "228 W 4th St, Ottumwa, IA 52501",
        "url": "www.ottumwafpc.org",
        "google_maps_url": "https://maps.google.com/?cid=1992288008511581794",
        "size_bucket": "S",
        "affiliate": null
      }
    },
    {
      "id": "1344",
      "type": "Feature",
      "geometry": {
        "type": "Point",
        "coordinates": [
          -93.79021379999999,
          41.6861919
        ]
      },
      "properties": {
        "church_name": "First Presbyterian Church",
        "lib_level": 0,
        "full_address": "410 SE 3rd St, Grimes, IA 50111",
        "url": "www.grimesfirstpresbyterianchurch.org",
        "google_maps_url": "https://maps.google.com/?cid=15582782999670231763",
        "size_bucket": "S",
        "affiliate": null
      }
    },
    {
      "id": "1378",
      "type": "Feature",
      "geometry": {
        "type": "Point",
        "coordinates": [
          -83.3112925,
          42.4553574
        ]
      },
      "properties": {
        "church_name": "Korean PC/Metro Detroit Presbyterian Church",
        "lib_level": 0,
        "full_address": "27075 W Nine Mile Rd, Southfield, MI 48033",
        "url": "www.kpcmd.org",
        "google_maps_url": "https://maps.google.com/?cid=10001599680857252783",
        "size_bucket": "L",
        "affiliate": null
      }
    },
    {
      "id": "1380",
      "type": "Feature",
      "geometry": {
        "type": "Point",
        "coordinates": [
          -83.46860219999999,
          42.3728899
        ]
      },
      "properties": {
        "church_name": "First Presbyterian Church",
        "lib_level": 0,
        "full_address": "701 Church St, Plymouth, MI 48170-6298",
        "url": "www.fpcp.net",
        "google_maps_url": "https://maps.google.com/?cid=16463167174839269000",
        "size_bucket": "L",
        "affiliate": null
      }
    },
    {
      "id": "1388",
      "type": "Feature",
      "geometry": {
        "type": "Point",
        "coordinates": [
          -82.8880003,
          42.4979603
        ]
      },
      "properties": {
        "church_name": "Lake Shore Presbyterian Church",
        "lib_level": 0,
        "full_address": "27801 Jefferson Ave, Saint Clair Shores, MI 48081",
        "url": "www.lakeshorechurch.com",
        "google_maps_url": "https://maps.google.com/?cid=18149768207804666888",
        "size_bucket": "M",
        "affiliate": null
      }
    },
    {
      "id": "1413",
      "type": "Feature",
      "geometry": {
        "type": "Point",
        "coordinates": [
          -83.4853387,
          42.4669648
        ]
      },
      "properties": {
        "church_name": "New Hope Presbyterian Church",
        "lib_level": 0,
        "full_address": "44400 W Ten Mile Rd., Novi, MI 48375",
        "url": "www.thenewhopechurch.com",
        "google_maps_url": null,
        "size_bucket": "S",
        "affiliate": null
      }
    },
    {
      "id": "1427",
      "type": "Feature",
      "geometry": {
        "type": "Point",
        "coordinates": [
          -83.4853387,
          42.4669648
        ]
      },
      "properties": {
        "church_name": "Faith Community Presbyterian Church",
        "lib_level": 0,
        "full_address": "44400 W 10 Mile Rd, Novi, MI 48375",
        "url": "faithnovi.org",
        "google_maps_url": null,
        "size_bucket": "XS",
        "affiliate": null
      }
    },
    {
      "id": "1429",
      "type": "Feature",
      "geometry": {
        "type": "Point",
        "coordinates": [
          -83.61404209999999,
          42.244895
        ]
      },
      "properties": {
        "church_name": "First Presbyterian Church",
        "lib_level": 0,
        "full_address": "300 N Washington St, Ypsilanti, MI 48197",
        "url": "www.fpcy.org",
        "google_maps_url": "https://maps.google.com/?cid=2945437806423853420",
        "size_bucket": "XS",
        "affiliate": null
      }
    },
    {
      "id": "1449",
      "type": "Feature",
      "geometry": {
        "type": "Point",
        "coordinates": [
          -75.4807388,
          40.0307543
        ]
      },
      "properties": {
        "church_name": "Paoli Presbyterian Church",
        "lib_level": 0,
        "full_address": "226 S Valley Rd, Paoli, PA 19301",
        "url": "www.paolipres.org",
        "google_maps_url": null,
        "size_bucket": "M",
        "affiliate": null
      }
    },
    {
      "id": "1451",
      "type": "Feature",
      "geometry": {
        "type": "Point",
        "coordinates": [
          -76.2151887,
          39.8231982
        ]
      },
      "properties": {
        "church_name": "Chestnut Level Presbyterian Church",
        "lib_level": 0,
        "full_address": "1068 Chestnut Level Rd, Quarryville, PA 17566",
        "url": "www.chestnutlevel.org",
        "google_maps_url": "https://maps.google.com/?cid=15065176521130778133",
        "size_bucket": "M",
        "affiliate": null
      }
    },
    {
      "id": "1452",
      "type": "Feature",
      "geometry": {
        "type": "Point",
        "coordinates": [
          -76.1788868,
          39.9810761
        ]
      },
      "properties": {
        "church_name": "First Presbyterian Church",
        "lib_level": 0,
        "full_address": "101 S Decatur St, Strasburg, PA 17579",
        "url": "www.straspres.org",
        "google_maps_url": "https://maps.google.com/?cid=14085402059260557362",
        "size_bucket": "M",
        "affiliate": null
      }
    },
    {
      "id": "1456",
      "type": "Feature",
      "geometry": {
        "type": "Point",
        "coordinates": [
          -76.4209132,
          40.084793
        ]
      },
      "properties": {
        "church_name": "Wayside Presbyterian Church",
        "lib_level": 0,
        "full_address": "600 Stony Battery Rd, Landisville, PA 17538",
        "url": "www.waysidepc.org",
        "google_maps_url": "https://maps.google.com/?cid=3421301839658654133",
        "size_bucket": "M",
        "affiliate": null
      }
    },
    {
      "id": "1460",
      "type": "Feature",
      "geometry": {
        "type": "Point",
        "coordinates": [
          -76.5895465,
          39.7518041
        ]
      },
      "properties": {
        "church_name": "Stewartstown Presbyterian Church",
        "lib_level": 0,
        "full_address": "14 College Ave, Stewartstown, PA 17363",
        "url": "www.friendsofchrist.org",
        "google_maps_url": "https://maps.google.com/?cid=2016232028186307760",
        "size_bucket": "S",
        "affiliate": null
      }
    },
    {
      "id": "1462",
      "type": "Feature",
      "geometry": {
        "type": "Point",
        "coordinates": [
          -76.5219717,
          39.7233902
        ]
      },
      "properties": {
        "church_name": "Centre Presbyterian Church",
        "lib_level": 0,
        "full_address": "83 New Park Road, New Park, PA 17352",
        "url": "www.centrechurchpa.org",
        "google_maps_url": "https://maps.google.com/?cid=11197784070110561493",
        "size_bucket": "S",
        "affiliate": null
      }
    },
    {
      "id": "1471",
      "type": "Feature",
      "geometry": {
        "type": "Point",
        "coordinates": [
          -76.0858671,
          39.9191173
        ]
      },
      "properties": {
        "church_name": "Middle Octorara Presbyterian Church",
        "lib_level": 0,
        "full_address": "1199 Valley Road, Quarryville, PA 17566",
        "url": "www.middleoctorara.org",
        "google_maps_url": "https://maps.google.com/?cid=12350812817069523463",
        "size_bucket": "S",
        "affiliate": null
      }
    },
    {
      "id": "1489",
      "type": "Feature",
      "geometry": {
        "type": "Point",
        "coordinates": [
          -76.72684319999999,
          39.9689506
        ]
      },
      "properties": {
        "church_name": "Westminster Presbyterian Church",
        "lib_level": 0,
        "full_address": "320 N Queen St, York, PA 17403",
        "url": null,
        "google_maps_url": "https://maps.google.com/?cid=10755665868742053359",
        "size_bucket": "XS",
        "affiliate": null
      }
    },
    {
      "id": "1519",
      "type": "Feature",
      "geometry": {
        "type": "Point",
        "coordinates": [
          -90.4333501,
          41.6342812
        ]
      },
      "properties": {
        "church_name": "Our Savior Presbyterian Church",
        "lib_level": 0,
        "full_address": "22530 240th Ave, LeCLaire, IA 52753",
        "url": "www.oursaviorpresbyterian.com",
        "google_maps_url": "https://maps.google.com/?cid=7397186161653617436",
        "size_bucket": "S",
        "affiliate": null
      }
    },
    {
      "id": "1521",
      "type": "Feature",
      "geometry": {
        "type": "Point",
        "coordinates": [
          -91.10515989999999,
          40.8110809
        ]
      },
      "properties": {
        "church_name": "First Presbyterian Church",
        "lib_level": 0,
        "full_address": "321 N 5th St, Burlington, IA 52601",
        "url": "www.1stpresb.org",
        "google_maps_url": "https://maps.google.com/?cid=9816482331605210869",
        "size_bucket": "S",
        "affiliate": null
      }
    },
    {
      "id": "1531",
      "type": "Feature",
      "geometry": {
        "type": "Point",
        "coordinates": [
          -91.96895719999999,
          41.99369189999999
        ]
      },
      "properties": {
        "church_name": "Central Presbyterian Church",
        "lib_level": 0,
        "full_address": "110 2nd St E, Newhall, IA 52315",
        "url": null,
        "google_maps_url": "https://maps.google.com/?cid=5294441615728769421",
        "size_bucket": "XS",
        "affiliate": null
      }
    },
    {
      "id": "1558",
      "type": "Feature",
      "geometry": {
        "type": "Point",
        "coordinates": [
          -84.597298,
          36.1036514
        ]
      },
      "properties": {
        "church_name": "Wartburg Presbyterian Church",
        "lib_level": 0,
        "full_address": "205 S Kingston, Wartburg, TN 37887",
        "url": null,
        "google_maps_url": "https://maps.google.com/?cid=5337861595712564835",
        "size_bucket": "XS",
        "affiliate": null
      }
    },
    {
      "id": "1561",
      "type": "Feature",
      "geometry": {
        "type": "Point",
        "coordinates": [
          -83.9651366,
          35.9335115
        ]
      },
      "properties": {
        "church_name": "Sequoyah Hills Presbyterian Church",
        "lib_level": 0,
        "full_address": "3700 Keowee Ave SW, Knoxville, TN 37919",
        "url": "www.sequoyahchurch.org",
        "google_maps_url": "https://maps.google.com/?cid=9311877691072487939",
        "size_bucket": "L",
        "affiliate": null
      }
    },
    {
      "id": "1563",
      "type": "Feature",
      "geometry": {
        "type": "Point",
        "coordinates": [
          -83.91593859999999,
          35.9643475
        ]
      },
      "properties": {
        "church_name": "First Presbyterian Church",
        "lib_level": 1,
        "full_address": "620 State St, Knoxville, TN 37902-1216",
        "url": "www.fpcknox.org",
        "google_maps_url": null,
        "size_bucket": "M",
        "affiliate": null
      }
    },
    {
      "id": "1567",
      "type": "Feature",
      "geometry": {
        "type": "Point",
        "coordinates": [
          -84.14058059999999,
          35.893004
        ]
      },
      "properties": {
        "church_name": "Korean Presbyterian Church",
        "lib_level": 0,
        "full_address": "108 Farlow Dr, Knoxville, TN 37934",
        "url": "www.knoxkoreanchurch.org",
        "google_maps_url": "https://maps.google.com/?cid=12357266324153636844",
        "size_bucket": "S",
        "affiliate": null
      }
    },
    {
      "id": "1568",
      "type": "Feature",
      "geometry": {
        "type": "Point",
        "coordinates": [
          -85.31236969999999,
          35.0481339
        ]
      },
      "properties": {
        "church_name": "Second Presbyterian Church",
        "lib_level": 1,
        "full_address": "700 Pine St, Chattanooga, TN 37402",
        "url": "secondpreschattanooga.org",
        "google_maps_url": "https://maps.google.com/?cid=9462614439634929809",
        "size_bucket": "S",
        "affiliate": null
      }
    },
    {
      "id": "1573",
      "type": "Feature",
      "geometry": {
        "type": "Point",
        "coordinates": [
          -84.2536937,
          35.7982805
        ]
      },
      "properties": {
        "church_name": "First Presbyterian Church",
        "lib_level": 0,
        "full_address": "634 Martel Rd, Lenoir City, TN 37772-6132",
        "url": "www.fpclc.com",
        "google_maps_url": "https://maps.google.com/?cid=7296206495730820809",
        "size_bucket": "S",
        "affiliate": null
      }
    },
    {
      "id": "1579",
      "type": "Feature",
      "geometry": {
        "type": "Point",
        "coordinates": [
          -84.3648597,
          35.5203786
        ]
      },
      "properties": {
        "church_name": "Madisonville Presbyterian Church",
        "lib_level": 0,
        "full_address": "201 Main St W, Madisonville, TN 37354",
        "url": "www.madisonvilleprestn.org",
        "google_maps_url": "https://maps.google.com/?cid=2262683414132684496",
        "size_bucket": "S",
        "affiliate": null
      }
    },
    {
      "id": "1580",
      "type": "Feature",
      "geometry": {
        "type": "Point",
        "coordinates": [
          -85.2948104,
          35.0692953
        ]
      },
      "properties": {
        "church_name": "Northside Presbyterian Church",
        "lib_level": 1,
        "full_address": "923 Mississippi Ave, Chattanooga, TN 37405",
        "url": "northsidepresbyterian.org",
        "google_maps_url": "https://maps.google.com/?cid=11244383152169943198",
        "size_bucket": "S",
        "affiliate": null
      }
    },
    {
      "id": "1586",
      "type": "Feature",
      "geometry": {
        "type": "Point",
        "coordinates": [
          -84.69054070000001,
          35.8713264
        ]
      },
      "properties": {
        "church_name": "First Presbyterian Church",
        "lib_level": 1,
        "full_address": "429 W Rockwood St, Rockwood, TN 37854",
        "url": "www.fpcrockwood.org",
        "google_maps_url": "https://maps.google.com/?cid=12649632696064724298",
        "size_bucket": "XS",
        "affiliate": null
      }
    },
    {
      "id": "1591",
      "type": "Feature",
      "geometry": {
        "type": "Point",
        "coordinates": [
          -83.5162309,
          35.7087771
        ]
      },
      "properties": {
        "church_name": "Gatlinburg Presbyterian Church",
        "lib_level": 0,
        "full_address": "237 Reagan Dr, Gatlinburg, TN 37738",
        "url": "www.gatlinburgpresbyterianchurch.org",
        "google_maps_url": "https://maps.google.com/?cid=9609564625334386931",
        "size_bucket": "XS",
        "affiliate": null
      }
    },
    {
      "id": "1600",
      "type": "Feature",
      "geometry": {
        "type": "Point",
        "coordinates": [
          -84.1227541,
          36.3796031
        ]
      },
      "properties": {
        "church_name": "First Presbyterian Church",
        "lib_level": 1,
        "full_address": "110 W Ash St, la Follette, TN 37766",
        "url": "www.firstpresbyterianlafollette.org",
        "google_maps_url": "https://maps.google.com/?cid=12103254266413827078",
        "size_bucket": null,
        "affiliate": null
      }
    },
    {
      "id": "1605",
      "type": "Feature",
      "geometry": {
        "type": "Point",
        "coordinates": [
          -84.8745046,
          35.1624431
        ]
      },
      "properties": {
        "church_name": "First Presbyterian Church",
        "lib_level": 0,
        "full_address": "433 N Ocoee St, Cleveland, TN 37311",
        "url": "www.firstprescleveland.com",
        "google_maps_url": null,
        "size_bucket": null,
        "affiliate": null
      }
    },
    {
      "id": "1615",
      "type": "Feature",
      "geometry": {
        "type": "Point",
        "coordinates": [
          -84.49229969999999,
          36.40906270000001
        ]
      },
      "properties": {
        "church_name": "First Presbyterian Church",
        "lib_level": 1,
        "full_address": "185 Woodland Pl, Huntsville, TN 3756",
        "url": "www.firstpreshuntsville.org",
        "google_maps_url": "https://maps.google.com/?cid=15248432711048869900",
        "size_bucket": null,
        "affiliate": null
      }
    },
    {
      "id": "1617",
      "type": "Feature",
      "geometry": {
        "type": "Point",
        "coordinates": [
          -84.5477533,
          35.9351787
        ]
      },
      "properties": {
        "church_name": "First Presbyterian Church",
        "lib_level": 1,
        "full_address": "601 Clinton St, Harriman, TN 37748",
        "url": null,
        "google_maps_url": "https://maps.google.com/?cid=17596422128457516782",
        "size_bucket": null,
        "affiliate": null
      }
    },
    {
      "id": "1625",
      "type": "Feature",
      "geometry": {
        "type": "Point",
        "coordinates": [
          -73.72763119999999,
          40.76258139999999
        ]
      },
      "properties": {
        "church_name": "Friends Presbyterian Church",
        "lib_level": 0,
        "full_address": "252-00 Horace Harding Expwy, Little Neck, NY 11362",
        "url": "www.nyfriends.org",
        "google_maps_url": null,
        "size_bucket": "M",
        "affiliate": null
      }
    },
    {
      "id": "1633",
      "type": "Feature",
      "geometry": {
        "type": "Point",
        "coordinates": [
          -73.4881304,
          41.0608265
        ]
      },
      "properties": {
        "church_name": "Good Neighbor NCD Presbyterian Church",
        "lib_level": 0,
        "full_address": "2011 Post Rd, Darien, CT 6820",
        "url": null,
        "google_maps_url": null,
        "size_bucket": null,
        "affiliate": null
      }
    },
    {
      "id": "1634",
      "type": "Feature",
      "geometry": {
        "type": "Point",
        "coordinates": [
          -74.02072460000001,
          40.8580008
        ]
      },
      "properties": {
        "church_name": "Light Church NCD Presbyterian Church",
        "lib_level": 1,
        "full_address": "73 Poplar St, Ridgefield Pak, NJ 7660",
        "url": null,
        "google_maps_url": null,
        "size_bucket": null,
        "affiliate": null
      }
    },
    {
      "id": "1659",
      "type": "Feature",
      "geometry": {
        "type": "Point",
        "coordinates": [
          -95.9868104,
          36.1497094
        ]
      },
      "properties": {
        "church_name": "First Presbyterian Church",
        "lib_level": 0,
        "full_address": "709 S Boston Ave, Tulsa, OK 74119-1609",
        "url": "firstchurchtulsa.org",
        "google_maps_url": "https://maps.google.com/?cid=18057504051964386294",
        "size_bucket": "L",
        "affiliate": null
      }
    },
    {
      "id": "1663",
      "type": "Feature",
      "geometry": {
        "type": "Point",
        "coordinates": [
          -95.977025,
          36.7484684
        ]
      },
      "properties": {
        "church_name": "First Presbyterian Church",
        "lib_level": 1,
        "full_address": "505 SE Dewey Ave, Bartlesville, OK 74003",
        "url": "www.fpcbok.org",
        "google_maps_url": "https://maps.google.com/?cid=5262954794382974691",
        "size_bucket": "S",
        "affiliate": null
      }
    },
    {
      "id": "1712",
      "type": "Feature",
      "geometry": {
        "type": "Point",
        "coordinates": [
          -119.0590192,
          43.5888171
        ]
      },
      "properties": {
        "church_name": "Pioneer Presbyterian Church",
        "lib_level": 1,
        "full_address": "417 W Washington St, Burns, OR 97720-0596",
        "url": null,
        "google_maps_url": "https://maps.google.com/?cid=462915350044897120",
        "size_bucket": "S",
        "affiliate": null
      }
    },
    {
      "id": "1729",
      "type": "Feature",
      "geometry": {
        "type": "Point",
        "coordinates": [
          -76.2947657,
          36.860622
        ]
      },
      "properties": {
        "church_name": "First Presbyterian Church",
        "lib_level": 0,
        "full_address": "820 Colonial Ave, Norfolk, VA 23507-1810",
        "url": "www.fpcnorfolk.org",
        "google_maps_url": "https://maps.google.com/?cid=17842028547217182647",
        "size_bucket": "L",
        "affiliate": null
      }
    },
    {
      "id": "1733",
      "type": "Feature",
      "geometry": {
        "type": "Point",
        "coordinates": [
          -76.2510394,
          36.7139098
        ]
      },
      "properties": {
        "church_name": "Great Bridge Presbyterian Church",
        "lib_level": 0,
        "full_address": "333 Cedar Rd, Chesapeake, VA 23322",
        "url": "www.gbpres.org",
        "google_maps_url": "https://maps.google.com/?cid=1537697232699652435",
        "size_bucket": "M",
        "affiliate": null
      }
    },
    {
      "id": "1745",
      "type": "Feature",
      "geometry": {
        "type": "Point",
        "coordinates": [
          -76.02356449999999,
          36.7588961
        ]
      },
      "properties": {
        "church_name": "Grace Covenant Presbyterian Church",
        "lib_level": 1,
        "full_address": "2228 Princess Anne Rd, Virginia Beach, VA 23456-3536",
        "url": "www.gcpcpa.org",
        "google_maps_url": "https://maps.google.com/?cid=14321072336537352123",
        "size_bucket": "S",
        "affiliate": null
      }
    },
    {
      "id": "1773",
      "type": "Feature",
      "geometry": {
        "type": "Point",
        "coordinates": [
          -80.66788609999999,
          41.0181495
        ]
      },
      "properties": {
        "church_name": "Westminster Presbyterian Church",
        "lib_level": 1,
        "full_address": "119 Stadium Dr, Boardman, OH 44512-5521",
        "url": "wpcboardman.com",
        "google_maps_url": "https://maps.google.com/?cid=2370207685959687319",
        "size_bucket": "M",
        "affiliate": null
      }
    },
    {
      "id": "1774",
      "type": "Feature",
      "geometry": {
        "type": "Point",
        "coordinates": [
          -80.7651435,
          41.025235
        ]
      },
      "properties": {
        "church_name": "Canfield Presbyterian Church",
        "lib_level": 1,
        "full_address": "140 W Main St, Canfield, OH 44406-1481",
        "url": "www.canfieldpresbyterian.org",
        "google_maps_url": "https://maps.google.com/?cid=17353346859412429178",
        "size_bucket": "M",
        "affiliate": null
      }
    },
    {
      "id": "1775",
      "type": "Feature",
      "geometry": {
        "type": "Point",
        "coordinates": [
          -80.60893449999999,
          41.0187219
        ]
      },
      "properties": {
        "church_name": "Poland Presbyterian Church",
        "lib_level": 1,
        "full_address": "2 Poland Manor Dr, Youngstown, OH 44514",
        "url": "www.polandpresbyterian.org",
        "google_maps_url": "https://maps.google.com/?cid=1971072554390428574",
        "size_bucket": "M",
        "affiliate": null
      }
    },
    {
      "id": "1778",
      "type": "Feature",
      "geometry": {
        "type": "Point",
        "coordinates": [
          -80.84845589999999,
          41.2910463
        ]
      },
      "properties": {
        "church_name": "Champion Presbyterian Church",
        "lib_level": 0,
        "full_address": "4997 Mahoning Ave NW, Warren, OH 444831405",
        "url": "www.championpreschurch.org",
        "google_maps_url": "https://maps.google.com/?cid=10423778839679368410",
        "size_bucket": "M",
        "affiliate": null
      }
    },
    {
      "id": "1781",
      "type": "Feature",
      "geometry": {
        "type": "Point",
        "coordinates": [
          -81.4418871,
          41.057725
        ]
      },
      "properties": {
        "church_name": "Oak Hill Presbyterian Church",
        "lib_level": 1,
        "full_address": "2406 Ardwell Ave, Akron, OH 44312-1403",
        "url": "www.oakhillpresb.com",
        "google_maps_url": "https://maps.google.com/?cid=5368599183095168462",
        "size_bucket": "S",
        "affiliate": null
      }
    },
    {
      "id": "1784",
      "type": "Feature",
      "geometry": {
        "type": "Point",
        "coordinates": [
          -81.6127362,
          41.0135458
        ]
      },
      "properties": {
        "church_name": "First Presbyterian Church",
        "lib_level": 1,
        "full_address": "636 Park Ave W, Barberton, OH 44203",
        "url": "www.fpcbarberton.org",
        "google_maps_url": "https://maps.google.com/?cid=1394701529144144592",
        "size_bucket": "S",
        "affiliate": null
      }
    },
    {
      "id": "1790",
      "type": "Feature",
      "geometry": {
        "type": "Point",
        "coordinates": [
          -81.3418763,
          41.1441505
        ]
      },
      "properties": {
        "church_name": "Kent Presbyterian Church",
        "lib_level": 0,
        "full_address": "4756 E Summit St, Kent, OH 44240",
        "url": "www.kentprez.org",
        "google_maps_url": null,
        "size_bucket": "XS",
        "affiliate": null
      }
    },
    {
      "id": "1806",
      "type": "Feature",
      "geometry": {
        "type": "Point",
        "coordinates": [
          -80.849623,
          41.2550765
        ]
      },
      "properties": {
        "church_name": "Covenant Presbyterian Church",
        "lib_level": 0,
        "full_address": "2050 Oakdale NW, Warren, OH 44485",
        "url": null,
        "google_maps_url": "https://maps.google.com/?cid=5684076633659170656",
        "size_bucket": "XS",
        "affiliate": null
      }
    },
    {
      "id": "1811",
      "type": "Feature",
      "geometry": {
        "type": "Point",
        "coordinates": [
          -84.20706009999999,
          30.8724674
        ]
      },
      "properties": {
        "church_name": "Cairo Presbyterian Church",
        "lib_level": 1,
        "full_address": "100 4th Ave SE, Cairo, GA 39828",
        "url": null,
        "google_maps_url": "https://maps.google.com/?cid=5084977381305337169",
        "size_bucket": "XS",
        "affiliate": null
      }
    },
    {
      "id": "1812",
      "type": "Feature",
      "geometry": {
        "type": "Point",
        "coordinates": [
          -84.9910603,
          32.4671251
        ]
      },
      "properties": {
        "church_name": "First Presbyterian Church",
        "lib_level": 0,
        "full_address": "1100 1st Ave, Columbus, GA 31901-2404",
        "url": "www.columbusfpc.org",
        "google_maps_url": null,
        "size_bucket": "M",
        "affiliate": null
      }
    },
    {
      "id": "1813",
      "type": "Feature",
      "geometry": {
        "type": "Point",
        "coordinates": [
          -84.5754019,
          30.9035269
        ]
      },
      "properties": {
        "church_name": "First Presbyterian Church",
        "lib_level": 0,
        "full_address": "200 E Shotwell St, Bainbridge, GA 39819",
        "url": "www.fpcbainbridge.com",
        "google_maps_url": "https://maps.google.com/?cid=2279745295432351148",
        "size_bucket": null,
        "affiliate": null
      }
    },
    {
      "id": "1815",
      "type": "Feature",
      "geometry": {
        "type": "Point",
        "coordinates": [
          -83.7872538,
          31.174575
        ]
      },
      "properties": {
        "church_name": "First Presbyterian Church",
        "lib_level": 1,
        "full_address": "501 1st St SE, Moultrie, GA 31768",
        "url": "www.moultriefirstpres.com",
        "google_maps_url": "https://maps.google.com/?cid=960019540936408651",
        "size_bucket": "S",
        "affiliate": null
      }
    },
    {
      "id": "1817",
      "type": "Feature",
      "geometry": {
        "type": "Point",
        "coordinates": [
          -83.6880774,
          32.87415310000001
        ]
      },
      "properties": {
        "church_name": "Northminster Presbyterian Church",
        "lib_level": 1,
        "full_address": "565 Wimbish Rd, Macon, GA 31210-4803",
        "url": "www.northminstermacon.org",
        "google_maps_url": "https://maps.google.com/?cid=13905327578948217979",
        "size_bucket": "S",
        "affiliate": null
      }
    },
    {
      "id": "1820",
      "type": "Feature",
      "geometry": {
        "type": "Point",
        "coordinates": [
          -84.9910603,
          32.4671251
        ]
      },
      "properties": {
        "church_name": "Edgewood Presbyterian Church",
        "lib_level": 0,
        "full_address": "1100 1st Ave, Columbus, GA 31901",
        "url": "www.epclife.com",
        "google_maps_url": null,
        "size_bucket": "S",
        "affiliate": null
      }
    },
    {
      "id": "1822",
      "type": "Feature",
      "geometry": {
        "type": "Point",
        "coordinates": [
          -84.337119,
          32.8825046
        ]
      },
      "properties": {
        "church_name": "First Presbyterian Church",
        "lib_level": 1,
        "full_address": "403 Birdsong St, Thomaston, GA 30286",
        "url": "www.fpcthomaston.org",
        "google_maps_url": "https://maps.google.com/?cid=2505805306867936711",
        "size_bucket": "XS",
        "affiliate": null
      }
    },
    {
      "id": "1823",
      "type": "Feature",
      "geometry": {
        "type": "Point",
        "coordinates": [
          -83.74491619999999,
          32.8899994
        ]
      },
      "properties": {
        "church_name": "St Andrews Presbyterian Church",
        "lib_level": 1,
        "full_address": "501 Bass Rd, Macon, GA 31210-7302",
        "url": "www.standrewspresbyterianchurch.com",
        "google_maps_url": "https://maps.google.com/?cid=11497124708891579035",
        "size_bucket": "XS",
        "affiliate": null
      }
    },
    {
      "id": "1825",
      "type": "Feature",
      "geometry": {
        "type": "Point",
        "coordinates": [
          -84.23425979999999,
          32.0714218
        ]
      },
      "properties": {
        "church_name": "First Presbyterian Church",
        "lib_level": 0,
        "full_address": "125 South Jackson St, Americus, GA 31709",
        "url": "americuspresbyterian.org",
        "google_maps_url": "https://maps.google.com/?cid=8695554518930601740",
        "size_bucket": "XS",
        "affiliate": null
      }
    },
    {
      "id": "1826",
      "type": "Feature",
      "geometry": {
        "type": "Point",
        "coordinates": [
          -83.5113219,
          31.456424
        ]
      },
      "properties": {
        "church_name": "First Presbyterian Church",
        "lib_level": 1,
        "full_address": "217 N Park Ave, Tifton, GA 31793",
        "url": "firstpresbyteriantifton.com",
        "google_maps_url": "https://maps.google.com/?cid=939179110581640125",
        "size_bucket": "XS",
        "affiliate": null
      }
    },
    {
      "id": "1833",
      "type": "Feature",
      "geometry": {
        "type": "Point",
        "coordinates": [
          -84.15530559999999,
          33.0534819
        ]
      },
      "properties": {
        "church_name": "Barnesville Presbyterian Church",
        "lib_level": 1,
        "full_address": "310 Thomaston St, Barnesville, GA 30233",
        "url": "www.barnesvillepresbyterianchurch.org",
        "google_maps_url": "https://maps.google.com/?cid=11628903345279724228",
        "size_bucket": "XS",
        "affiliate": null
      }
    },
    {
      "id": "1838",
      "type": "Feature",
      "geometry": {
        "type": "Point",
        "coordinates": [
          -84.2069854,
          31.2307395
        ]
      },
      "properties": {
        "church_name": "First Presbyterian Church",
        "lib_level": 1,
        "full_address": "57 E Broad St, Camilla, GA 21730",
        "url": null,
        "google_maps_url": "https://maps.google.com/?cid=16967235252229458288",
        "size_bucket": "XS",
        "affiliate": null
      }
    },
    {
      "id": "1840",
      "type": "Feature",
      "geometry": {
        "type": "Point",
        "coordinates": [
          -84.96263809999999,
          32.5278041
        ]
      },
      "properties": {
        "church_name": "Korean Presbyterian Church",
        "lib_level": 0,
        "full_address": "5748 Whitesville Rd, Columbus, GA 31904-3045",
        "url": null,
        "google_maps_url": null,
        "size_bucket": null,
        "affiliate": null
      }
    },
    {
      "id": "1842",
      "type": "Feature",
      "geometry": {
        "type": "Point",
        "coordinates": [
          -83.56033959999999,
          30.7860967
        ]
      },
      "properties": {
        "church_name": "First Presbyterian Church",
        "lib_level": 1,
        "full_address": "200 N Court St, Quitman, GA 31643-2051",
        "url": "www.firstpresbyterianchurchquitman.com",
        "google_maps_url": "https://maps.google.com/?cid=10421603164627530494",
        "size_bucket": null,
        "affiliate": null
      }
    },
    {
      "id": "1843",
      "type": "Feature",
      "geometry": {
        "type": "Point",
        "coordinates": [
          -84.4723607,
          31.3462057
        ]
      },
      "properties": {
        "church_name": "Elmodel Presbyterian Church",
        "lib_level": 1,
        "full_address": "1739 Elmodel Hwy, Newton, GA 39870",
        "url": null,
        "google_maps_url": "https://maps.google.com/?cid=18329711505391558372",
        "size_bucket": null,
        "affiliate": null
      }
    },
    {
      "id": "1844",
      "type": "Feature",
      "geometry": {
        "type": "Point",
        "coordinates": [
          -84.79151200000001,
          31.7738367
        ]
      },
      "properties": {
        "church_name": "First Presbyterian Church",
        "lib_level": 1,
        "full_address": "177 Church St, Cuthbert, GA 39840",
        "url": null,
        "google_maps_url": "https://maps.google.com/?cid=15795690977439596607",
        "size_bucket": null,
        "affiliate": null
      }
    },
    {
      "id": "1846",
      "type": "Feature",
      "geometry": {
        "type": "Point",
        "coordinates": [
          -84.15339589999999,
          31.5796368
        ]
      },
      "properties": {
        "church_name": "First Presbyterian Church",
        "lib_level": 1,
        "full_address": "220 N Jackson St, Albany, GA 31701",
        "url": "www.1stpresalbany.org",
        "google_maps_url": "https://maps.google.com/?cid=5016383503717480157",
        "size_bucket": null,
        "affiliate": null
      }
    },
    {
      "id": "1852",
      "type": "Feature",
      "geometry": {
        "type": "Point",
        "coordinates": [
          -85.2263929,
          30.7757989
        ]
      },
      "properties": {
        "church_name": "First Presbyterian Church",
        "lib_level": 0,
        "full_address": "2898 Jefferson St, Marianna, FL 32446",
        "url": "www.firstpresmarianna.org",
        "google_maps_url": "https://maps.google.com/?cid=10622629670420382847",
        "size_bucket": "M",
        "affiliate": null
      }
    },
    {
      "id": "1854",
      "type": "Feature",
      "geometry": {
        "type": "Point",
        "coordinates": [
          -84.57611299999999,
          30.5913725
        ]
      },
      "properties": {
        "church_name": "First Presbyterian Church",
        "lib_level": 1,
        "full_address": "306 N Madison St, Quincy, FL 32351",
        "url": "www.firstpresquincy.org",
        "google_maps_url": "https://maps.google.com/?cid=8381004056007664512",
        "size_bucket": "S",
        "affiliate": null
      }
    },
    {
      "id": "1858",
      "type": "Feature",
      "geometry": {
        "type": "Point",
        "coordinates": [
          -87.16566159999999,
          30.3632631
        ]
      },
      "properties": {
        "church_name": "Gulf Breeze Presbyterian Church",
        "lib_level": 0,
        "full_address": "100 Andrew Jackson Trl, Gulf Breeze, FL 32562",
        "url": "www.gbpres.net",
        "google_maps_url": "https://maps.google.com/?cid=10915000595842324639",
        "size_bucket": "S",
        "affiliate": null
      }
    },
    {
      "id": "1860",
      "type": "Feature",
      "geometry": {
        "type": "Point",
        "coordinates": [
          -86.1127525,
          30.7194798
        ]
      },
      "properties": {
        "church_name": "First Presbyterian Church",
        "lib_level": 1,
        "full_address": "1063 Circle Dr, DeFuniak Springs, FL 32435-2589",
        "url": "firstdefuniak.org",
        "google_maps_url": "https://maps.google.com/?cid=129053209822047918",
        "size_bucket": "S",
        "affiliate": null
      }
    },
    {
      "id": "1861",
      "type": "Feature",
      "geometry": {
        "type": "Point",
        "coordinates": [
          -85.6843452,
          30.1916875
        ]
      },
      "properties": {
        "church_name": "Grace Presbyterian Church",
        "lib_level": 0,
        "full_address": "1415 Airport Rd, Panama City, FL 32405",
        "url": "www.gracechurchpc.com",
        "google_maps_url": "https://maps.google.com/?cid=15004991491650432887",
        "size_bucket": "S",
        "affiliate": null
      }
    },
    {
      "id": "1874",
      "type": "Feature",
      "geometry": {
        "type": "Point",
        "coordinates": [
          -86.5709589,
          30.7609183
        ]
      },
      "properties": {
        "church_name": "First Presbyterian Church",
        "lib_level": 1,
        "full_address": "492 N Ferdon Blvd, Crestview, FL 32536-2700",
        "url": "www.fpc-crestview.org",
        "google_maps_url": "https://maps.google.com/?cid=6557686797388028779",
        "size_bucket": "XS",
        "affiliate": null
      }
    },
    {
      "id": "1876",
      "type": "Feature",
      "geometry": {
        "type": "Point",
        "coordinates": [
          -83.8686862,
          30.5460993
        ]
      },
      "properties": {
        "church_name": "First Presbyterian Church",
        "lib_level": 1,
        "full_address": "290 E Dogwood St, Monticello, FL 32344",
        "url": "www.firstpresbyterianmonticello.org",
        "google_maps_url": "https://maps.google.com/?cid=7179523866682334155",
        "size_bucket": "XS",
        "affiliate": null
      }
    },
    {
      "id": "1881",
      "type": "Feature",
      "geometry": {
        "type": "Point",
        "coordinates": [
          -86.4613571,
          30.9613218
        ]
      },
      "properties": {
        "church_name": "Laurel Hill Presbyterian Church",
        "lib_level": 0,
        "full_address": "8115 4th St, Laurel Hill, FL 32567",
        "url": null,
        "google_maps_url": "https://maps.google.com/?cid=17504222626908967572",
        "size_bucket": "XS",
        "affiliate": null
      }
    },
    {
      "id": "1893",
      "type": "Feature",
      "geometry": {
        "type": "Point",
        "coordinates": [
          -82.8372345,
          34.6858949
        ]
      },
      "properties": {
        "church_name": "Fort Hill Presbyterian Church",
        "lib_level": 1,
        "full_address": "101 Edgewood Ave, Clemson, SC 29631",
        "url": "www.forthillchurch.org",
        "google_maps_url": "https://maps.google.com/?cid=5676743569736241135",
        "size_bucket": "M",
        "affiliate": null
      }
    },
    {
      "id": "1897",
      "type": "Feature",
      "geometry": {
        "type": "Point",
        "coordinates": [
          -82.3426458,
          34.8797276
        ]
      },
      "properties": {
        "church_name": "John Knox Presbyterian Church",
        "lib_level": 0,
        "full_address": "35 Shannon Dr, Greenville, SC 29615-1598",
        "url": "www.johnknoxpres.org",
        "google_maps_url": "https://maps.google.com/?cid=4898693990552167058",
        "size_bucket": "M",
        "affiliate": null
      }
    },
    {
      "id": "1898",
      "type": "Feature",
      "geometry": {
        "type": "Point",
        "coordinates": [
          -82.3912045,
          34.8487512
        ]
      },
      "properties": {
        "church_name": "Fourth Presbyterian Church",
        "lib_level": 1,
        "full_address": "703 E Washington St, Greenville, SC 29601-3034",
        "url": "www.fourthpres.com",
        "google_maps_url": "https://maps.google.com/?cid=2995961352356712438",
        "size_bucket": "M",
        "affiliate": null
      }
    },
    {
      "id": "1900",
      "type": "Feature",
      "geometry": {
        "type": "Point",
        "coordinates": [
          -82.44701429999999,
          34.9532888
        ]
      },
      "properties": {
        "church_name": "Trinity Presbyterian Church",
        "lib_level": 1,
        "full_address": "405 Trailblazer Dr, Travelers Rest, SC 29690",
        "url": "trinitytr.org",
        "google_maps_url": "https://maps.google.com/?cid=16610381347192312249",
        "size_bucket": "M",
        "affiliate": null
      }
    },
    {
      "id": "1901",
      "type": "Feature",
      "geometry": {
        "type": "Point",
        "coordinates": [
          -82.0308659,
          34.8963437
        ]
      },
      "properties": {
        "church_name": "Nazareth Presbyterian Church",
        "lib_level": 0,
        "full_address": "680 Nazareth Church Rd, Moore, SC 29369-9771",
        "url": "www.nazarethpresbyterian.org",
        "google_maps_url": "https://maps.google.com/?cid=10615856588630324639",
        "size_bucket": "M",
        "affiliate": null
      }
    },
    {
      "id": "1925",
      "type": "Feature",
      "geometry": {
        "type": "Point",
        "coordinates": [
          -82.6676124,
          34.30341970000001
        ]
      },
      "properties": {
        "church_name": "Good Hope Presbyterian Church",
        "lib_level": 0,
        "full_address": "720 Betsy St, Iva, SC 29655",
        "url": "goodhopepres.org",
        "google_maps_url": "https://maps.google.com/?cid=843865192548339653",
        "size_bucket": "XS",
        "affiliate": null
      }
    },
    {
      "id": "1928",
      "type": "Feature",
      "geometry": {
        "type": "Point",
        "coordinates": [
          -83.03001019999999,
          34.6890877
        ]
      },
      "properties": {
        "church_name": "Richland Presbyterian Church",
        "lib_level": 0,
        "full_address": "821 Poplar Springs Rd, Westminster, SC 29693",
        "url": null,
        "google_maps_url": "https://maps.google.com/?cid=2183468160124225242",
        "size_bucket": "XS",
        "affiliate": true
      }
    },
    {
      "id": "1954",
      "type": "Feature",
      "geometry": {
        "type": "Point",
        "coordinates": [
          -77.6419201,
          43.224628
        ]
      },
      "properties": {
        "church_name": "Bethany Presbyterian Church",
        "lib_level": 0,
        "full_address": "3000 Dewey Ave, Rochester, NY 14616-3729",
        "url": "www.bethanyrochester.org",
        "google_maps_url": "https://maps.google.com/?cid=14867692721827468724",
        "size_bucket": "M",
        "affiliate": null
      }
    },
    {
      "id": "2045",
      "type": "Feature",
      "geometry": {
        "type": "Point",
        "coordinates": [
          -77.28258269999999,
          42.8903797
        ]
      },
      "properties": {
        "church_name": "United Presbyterian Church",
        "lib_level": 0,
        "full_address": "11 Gibson St, Canandaigua, NY 14424-1309",
        "url": "www.uccdga.org",
        "google_maps_url": "https://maps.google.com/?cid=10377388756820067861",
        "size_bucket": null,
        "affiliate": null
      }
    },
    {
      "id": "2060",
      "type": "Feature",
      "geometry": {
        "type": "Point",
        "coordinates": [
          -90.23866040000001,
          38.7499466
        ]
      },
      "properties": {
        "church_name": "Third Presbyterian Church",
        "lib_level": 0,
        "full_address": "9990 Lewis & Clark Blvd, Moline Acres, MO 63136-5323",
        "url": null,
        "google_maps_url": "https://maps.google.com/?cid=12061057570044948340",
        "size_bucket": "M",
        "affiliate": null
      }
    },
    {
      "id": "2063",
      "type": "Feature",
      "geometry": {
        "type": "Point",
        "coordinates": [
          -89.9127448,
          38.7886931
        ]
      },
      "properties": {
        "church_name": "First Presbyterian Church",
        "lib_level": 1,
        "full_address": "3601 Ridge View Rd, Edwardsville, IL 62025",
        "url": "www.fpcedw.org",
        "google_maps_url": "https://maps.google.com/?cid=14472357412661186143",
        "size_bucket": "M",
        "affiliate": null
      }
    },
    {
      "id": "2067",
      "type": "Feature",
      "geometry": {
        "type": "Point",
        "coordinates": [
          -90.2887135,
          38.796326
        ]
      },
      "properties": {
        "church_name": "Florissant Valley Presbyterian Church",
        "lib_level": 1,
        "full_address": "13200 New Halls Ferry Rd, Florissant, MO 63033",
        "url": null,
        "google_maps_url": null,
        "size_bucket": null,
        "affiliate": null
      }
    },
    {
      "id": "2076",
      "type": "Feature",
      "geometry": {
        "type": "Point",
        "coordinates": [
          -90.2887135,
          38.796326
        ]
      },
      "properties": {
        "church_name": "John Knox Presbyterian Church",
        "lib_level": 1,
        "full_address": "13200 New Halls Ferry Rd, Florissant, MO 63033-3231",
        "url": "www.john-knox-church.org",
        "google_maps_url": null,
        "size_bucket": "S",
        "affiliate": null
      }
    },
    {
      "id": "2084",
      "type": "Feature",
      "geometry": {
        "type": "Point",
        "coordinates": [
          -90.2887135,
          38.796326
        ]
      },
      "properties": {
        "church_name": "Florissant Presbyterian Church",
        "lib_level": 1,
        "full_address": "13200 New Halls Ferry Rd, Florissant, MO 63033",
        "url": "www.flopresby.org",
        "google_maps_url": null,
        "size_bucket": "S",
        "affiliate": null
      }
    },
    {
      "id": "2097",
      "type": "Feature",
      "geometry": {
        "type": "Point",
        "coordinates": [
          -91.3321296,
          38.3997483
        ]
      },
      "properties": {
        "church_name": "Boeuff Presbyterian Church",
        "lib_level": 0,
        "full_address": "407 S Pine, Gerald, MO 63037",
        "url": "www.boeuffchurch.com",
        "google_maps_url": "https://www.google.com/maps?cid=16811029835710360801",
        "size_bucket": "XS",
        "affiliate": true
      }
    },
    {
      "id": "2118",
      "type": "Feature",
      "geometry": {
        "type": "Point",
        "coordinates": [
          -114.312267,
          48.19305079999999
        ]
      },
      "properties": {
        "church_name": "First Presbyterian Church",
        "lib_level": 1,
        "full_address": "540 S Main, Kalispell, MT 59901-4851",
        "url": "www.fpckalispell.org",
        "google_maps_url": "https://maps.google.com/?cid=17045178870962754146",
        "size_bucket": "S",
        "affiliate": null
      }
    },
    {
      "id": "2121",
      "type": "Feature",
      "geometry": {
        "type": "Point",
        "coordinates": [
          -111.9492634,
          48.17006259999999
        ]
      },
      "properties": {
        "church_name": "First Presbyterian Church",
        "lib_level": 1,
        "full_address": "123 4th Ave SW, Conrad, MT 59425-2302",
        "url": null,
        "google_maps_url": "https://maps.google.com/?cid=14519420416639407386",
        "size_bucket": "S",
        "affiliate": null
      }
    },
    {
      "id": "2122",
      "type": "Feature",
      "geometry": {
        "type": "Point",
        "coordinates": [
          -111.2404566,
          47.4986626
        ]
      },
      "properties": {
        "church_name": "Sunrise Presbyterian Church",
        "lib_level": 0,
        "full_address": "3809 6th Ave S, Great Falls, MT 59405",
        "url": "www.sunrisegreatfalls.net",
        "google_maps_url": "https://maps.google.com/?cid=13459169172919459368",
        "size_bucket": "XS",
        "affiliate": null
      }
    },
    {
      "id": "2123",
      "type": "Feature",
      "geometry": {
        "type": "Point",
        "coordinates": [
          -114.2779747,
          47.8655722
        ]
      },
      "properties": {
        "church_name": "First Presbyterian Church",
        "lib_level": 1,
        "full_address": "402 B St, Dayton, MT 59914-0188",
        "url": null,
        "google_maps_url": null,
        "size_bucket": "XS",
        "affiliate": null
      }
    },
    {
      "id": "2124",
      "type": "Feature",
      "geometry": {
        "type": "Point",
        "coordinates": [
          -111.2521263,
          48.9073423
        ]
      },
      "properties": {
        "church_name": "Community Presbyterian Church",
        "lib_level": 1,
        "full_address": "659 Whitlash Rd, Whitlash, MT 59545",
        "url": null,
        "google_maps_url": "https://maps.google.com/?cid=8873505199324611591",
        "size_bucket": "XS",
        "affiliate": null
      }
    },
    {
      "id": "2129",
      "type": "Feature",
      "geometry": {
        "type": "Point",
        "coordinates": [
          -114.3361851,
          48.4094231
        ]
      },
      "properties": {
        "church_name": "First Presbyterian Church",
        "lib_level": 0,
        "full_address": "301 Central Ave, Whitefish, MT 59937-2663",
        "url": "www.fpcwhitefish.org/",
        "google_maps_url": "https://maps.google.com/?cid=9169653129136101337",
        "size_bucket": null,
        "affiliate": null
      }
    },
    {
      "id": "2130",
      "type": "Feature",
      "geometry": {
        "type": "Point",
        "coordinates": [
          -114.1588284,
          47.6927293
        ]
      },
      "properties": {
        "church_name": "First Presbyterian Church",
        "lib_level": 1,
        "full_address": "301 4th Ave E, Polson, MT 59860-2315",
        "url": "www.polsonpresbyterian.org/",
        "google_maps_url": "https://maps.google.com/?cid=4657485295385537070",
        "size_bucket": null,
        "affiliate": null
      }
    },
    {
      "id": "2133",
      "type": "Feature",
      "geometry": {
        "type": "Point",
        "coordinates": [
          -111.2838331,
          47.5055572
        ]
      },
      "properties": {
        "church_name": "First Presbyterian Church",
        "lib_level": 1,
        "full_address": "1315 Central Ave, Great Falls, MT 59401",
        "url": "www.firstpresgfmt.org",
        "google_maps_url": "https://maps.google.com/?cid=14175601535249887897",
        "size_bucket": null,
        "affiliate": null
      }
    },
    {
      "id": "2145",
      "type": "Feature",
      "geometry": {
        "type": "Point",
        "coordinates": [
          -97.3431841,
          32.7482256
        ]
      },
      "properties": {
        "church_name": "First Presbyterian Church",
        "lib_level": 0,
        "full_address": "1000 Penn St, Fort Worth, TX 76102-3416",
        "url": "www.fpcfw.org",
        "google_maps_url": "https://maps.google.com/?cid=3006524142567773371",
        "size_bucket": "L",
        "affiliate": null
      }
    },
    {
      "id": "2148",
      "type": "Feature",
      "geometry": {
        "type": "Point",
        "coordinates": [
          -96.7779616,
          33.0262101
        ]
      },
      "properties": {
        "church_name": "Grace Presbyterian Church",
        "lib_level": 0,
        "full_address": "4300 W Park Blvd, Plano, TX 75093",
        "url": "www.gracepc.org",
        "google_maps_url": "https://maps.google.com/?cid=7531498008531441983",
        "size_bucket": "L",
        "affiliate": null
      }
    },
    {
      "id": "2152",
      "type": "Feature",
      "geometry": {
        "type": "Point",
        "coordinates": [
          -95.3023001,
          32.34027
        ]
      },
      "properties": {
        "church_name": "First Presbyterian Church",
        "lib_level": 1,
        "full_address": "230 W Rusk St, Tyler, TX 75701",
        "url": "www.fpctyler.com",
        "google_maps_url": "https://maps.google.com/?cid=1627923101525219142",
        "size_bucket": "M",
        "affiliate": null
      }
    },
    {
      "id": "2153",
      "type": "Feature",
      "geometry": {
        "type": "Point",
        "coordinates": [
          -97.0981767,
          32.7237485
        ]
      },
      "properties": {
        "church_name": "First Presbyterian Church",
        "lib_level": 0,
        "full_address": "1200 S Collins, Arlington, TX 76010-2846",
        "url": "www.firstprestexas.org",
        "google_maps_url": "https://maps.google.com/?cid=18092184643404771459",
        "size_bucket": "M",
        "affiliate": null
      }
    },
    {
      "id": "2156",
      "type": "Feature",
      "geometry": {
        "type": "Point",
        "coordinates": [
          -97.1354329,
          33.2161872
        ]
      },
      "properties": {
        "church_name": "St Andrew Presbyterian Church",
        "lib_level": 0,
        "full_address": "300 W Oak St, Denton, TX 76201",
        "url": "www.standrewdenton.com",
        "google_maps_url": "https://maps.google.com/?cid=3136638055792615022",
        "size_bucket": "M",
        "affiliate": null
      }
    },
    {
      "id": "2161",
      "type": "Feature",
      "geometry": {
        "type": "Point",
        "coordinates": [
          -96.976072,
          32.9160005
        ]
      },
      "properties": {
        "church_name": "PC At Hackberry Creek Presbyterian Church",
        "lib_level": 0,
        "full_address": "2000 Kinwest Pkwy, Irving, TX 75063",
        "url": "hackberrycreekchurch.com",
        "google_maps_url": "https://maps.google.com/?cid=14214849321655086597",
        "size_bucket": "M",
        "affiliate": null
      }
    },
    {
      "id": "2166",
      "type": "Feature",
      "geometry": {
        "type": "Point",
        "coordinates": [
          -97.17413839999999,
          32.9421071
        ]
      },
      "properties": {
        "church_name": "Trinity Presbyterian Church",
        "lib_level": 0,
        "full_address": "1452 W. Southlake Blvd, Southlake, TX 76092",
        "url": "www.trinitysouthlake.org",
        "google_maps_url": "https://maps.google.com/?cid=8793773754102834326",
        "size_bucket": "M",
        "affiliate": null
      }
    },
    {
      "id": "2167",
      "type": "Feature",
      "geometry": {
        "type": "Point",
        "coordinates": [
          -97.18542430000001,
          32.8231955
        ]
      },
      "properties": {
        "church_name": "St Philip Presbyterian Church",
        "lib_level": 1,
        "full_address": "745 W Pipeline Rd, Hurst, TX 76053-4927",
        "url": "www.stphil.org",
        "google_maps_url": null,
        "size_bucket": "M",
        "affiliate": null
      }
    },
    {
      "id": "2170",
      "type": "Feature",
      "geometry": {
        "type": "Point",
        "coordinates": [
          -96.59602489999999,
          32.7538384
        ]
      },
      "properties": {
        "church_name": "First Presbyterian Church",
        "lib_level": 0,
        "full_address": "1028 S Belt Line Rd, Mesquite, TX 75149-5066",
        "url": "fpcmesquite.org",
        "google_maps_url": "https://maps.google.com/?cid=10703191784862750980",
        "size_bucket": "S",
        "affiliate": null
      }
    },
    {
      "id": "2172",
      "type": "Feature",
      "geometry": {
        "type": "Point",
        "coordinates": [
          -96.8995704,
          32.6483028
        ]
      },
      "properties": {
        "church_name": "First Presbyterian Church",
        "lib_level": 0,
        "full_address": "543 E Freeman St, Duncanville, TX 75116-4820",
        "url": "www.fpcd.org",
        "google_maps_url": null,
        "size_bucket": "S",
        "affiliate": null
      }
    },
    {
      "id": "2178",
      "type": "Feature",
      "geometry": {
        "type": "Point",
        "coordinates": [
          -94.87289559999999,
          32.3891032
        ]
      },
      "properties": {
        "church_name": "First Presbyterian Church",
        "lib_level": 1,
        "full_address": "P O Box 1216, KILGORE, TX 75663",
        "url": "firstpreskilgore.org",
        "google_maps_url": null,
        "size_bucket": "S",
        "affiliate": null
      }
    },
    {
      "id": "2179",
      "type": "Feature",
      "geometry": {
        "type": "Point",
        "coordinates": [
          -97.40156610000001,
          32.6444896
        ]
      },
      "properties": {
        "church_name": "Westminster Presbyterian Church",
        "lib_level": 1,
        "full_address": "7001 Trail Lake Dr, Ft Worth, TX 76133-6011",
        "url": "www.wpcfw.org",
        "google_maps_url": null,
        "size_bucket": "S",
        "affiliate": null
      }
    },
    {
      "id": "2180",
      "type": "Feature",
      "geometry": {
        "type": "Point",
        "coordinates": [
          -95.8511753,
          32.2046069
        ]
      },
      "properties": {
        "church_name": "First Presbyterian Church",
        "lib_level": 1,
        "full_address": "405 E Corsicana St, Athens, TX 75751",
        "url": "www.fpcathens.com",
        "google_maps_url": null,
        "size_bucket": "S",
        "affiliate": null
      }
    },
    {
      "id": "2184",
      "type": "Feature",
      "geometry": {
        "type": "Point",
        "coordinates": [
          -97.4175844,
          32.3285555
        ]
      },
      "properties": {
        "church_name": "United Presbyterian Church",
        "lib_level": 1,
        "full_address": "1510 W Westhill Dr, Cleburne, TX 76033-5916",
        "url": "www.upccleburne.org",
        "google_maps_url": null,
        "size_bucket": "S",
        "affiliate": null
      }
    },
    {
      "id": "2185",
      "type": "Feature",
      "geometry": {
        "type": "Point",
        "coordinates": [
          -97.13827839999999,
          32.6568522
        ]
      },
      "properties": {
        "church_name": "Grace Presbyterian Church",
        "lib_level": 1,
        "full_address": "5500 Mansfield Rd, Arlington, TX 76017",
        "url": "www.gpcarlington.org",
        "google_maps_url": null,
        "size_bucket": "S",
        "affiliate": null
      }
    },
    {
      "id": "2192",
      "type": "Feature",
      "geometry": {
        "type": "Point",
        "coordinates": [
          -96.1070629,
          33.1098627
        ]
      },
      "properties": {
        "church_name": "United Presbyterian Church",
        "lib_level": 1,
        "full_address": "5905 Stonewall St, Greenville, TX 75402",
        "url": "www.upctx.org",
        "google_maps_url": null,
        "size_bucket": "S",
        "affiliate": null
      }
    },
    {
      "id": "2193",
      "type": "Feature",
      "geometry": {
        "type": "Point",
        "coordinates": [
          -96.6954761,
          32.7918447
        ]
      },
      "properties": {
        "church_name": "Eastminster Presbyterian Church",
        "lib_level": 1,
        "full_address": "6550 Samuell Blvd, Dallas, TX 75228-7125",
        "url": "www.eastminsterdallas.org",
        "google_maps_url": null,
        "size_bucket": "S",
        "affiliate": null
      }
    },
    {
      "id": "2195",
      "type": "Feature",
      "geometry": {
        "type": "Point",
        "coordinates": [
          -96.6296622,
          32.3283599
        ]
      },
      "properties": {
        "church_name": "First Presbyterian Church",
        "lib_level": 0,
        "full_address": "210 N McKinney St, Ennis, TX 75119-3951",
        "url": "www.fpcennis.com",
        "google_maps_url": "https://maps.google.com/?cid=14275362505161691921",
        "size_bucket": "S",
        "affiliate": null
      }
    },
    {
      "id": "2199",
      "type": "Feature",
      "geometry": {
        "type": "Point",
        "coordinates": [
          -94.97005519999999,
          33.1593825
        ]
      },
      "properties": {
        "church_name": "First Presbyterian Church",
        "lib_level": 1,
        "full_address": "401 N Madison, Mt Pleasant, TX 75455",
        "url": "presbyterianchurchmptx.org",
        "google_maps_url": null,
        "size_bucket": "S",
        "affiliate": null
      }
    },
    {
      "id": "2200",
      "type": "Feature",
      "geometry": {
        "type": "Point",
        "coordinates": [
          -96.6773446,
          32.8272997
        ]
      },
      "properties": {
        "church_name": "St Mark Presbyterian Church",
        "lib_level": 1,
        "full_address": "9999 Ferguson Rd, Dallas, TX 75228-3845",
        "url": "www.saintmarkchurch.org",
        "google_maps_url": null,
        "size_bucket": "S",
        "affiliate": null
      }
    },
    {
      "id": "2201",
      "type": "Feature",
      "geometry": {
        "type": "Point",
        "coordinates": [
          -97.1427316,
          33.6214013
        ]
      },
      "properties": {
        "church_name": "First Presbyterian Church",
        "lib_level": 0,
        "full_address": "401 S Denton, Gainesville, TX 76240",
        "url": "www.fpcgainesville.net",
        "google_maps_url": null,
        "size_bucket": "S",
        "affiliate": null
      }
    },
    {
      "id": "2204",
      "type": "Feature",
      "geometry": {
        "type": "Point",
        "coordinates": [
          -96.1612485,
          31.7259811
        ]
      },
      "properties": {
        "church_name": "Fairfield-Harmony Presbyterian Church",
        "lib_level": 1,
        "full_address": "119 W Main St, Fairfield, TX 75840",
        "url": null,
        "google_maps_url": null,
        "size_bucket": "XS",
        "affiliate": null
      }
    },
    {
      "id": "2206",
      "type": "Feature",
      "geometry": {
        "type": "Point",
        "coordinates": [
          -96.4025956,
          33.3896379
        ]
      },
      "properties": {
        "church_name": "Crossroads Presbyterian Church",
        "lib_level": 1,
        "full_address": "15859 Hwy 160, Blue Ridge, TX 75424",
        "url": "www.crpctx.org",
        "google_maps_url": null,
        "size_bucket": "XS",
        "affiliate": null
      }
    },
    {
      "id": "2208",
      "type": "Feature",
      "geometry": {
        "type": "Point",
        "coordinates": [
          -97.1063511,
          32.0160972
        ]
      },
      "properties": {
        "church_name": "First Presbyterian Church",
        "lib_level": 0,
        "full_address": "301 Old Brandon Rd, Hillsboro, TX 76645",
        "url": "www.hillsborotxfpc.org",
        "google_maps_url": "https://maps.google.com/?cid=5118652534915333704",
        "size_bucket": "XS",
        "affiliate": null
      }
    },
    {
      "id": "2209",
      "type": "Feature",
      "geometry": {
        "type": "Point",
        "coordinates": [
          -97.6068638,
          32.7082589
        ]
      },
      "properties": {
        "church_name": "Faith PC of E Parker Co Presbyterian Church",
        "lib_level": 0,
        "full_address": "301 Bailey Ranch Rd, Aledo, TX 76008-3207",
        "url": "www.faithaledo.com",
        "google_maps_url": "https://maps.google.com/?cid=13182591415478728102",
        "size_bucket": "XS",
        "affiliate": null
      }
    },
    {
      "id": "2210",
      "type": "Feature",
      "geometry": {
        "type": "Point",
        "coordinates": [
          -97.1438884,
          33.2305048
        ]
      },
      "properties": {
        "church_name": "First Presbyterian Church",
        "lib_level": 0,
        "full_address": "1114 W University Dr, Denton, TX 76201",
        "url": "www.fpcdenton.org",
        "google_maps_url": "https://maps.google.com/?cid=14484356229363425945",
        "size_bucket": "XS",
        "affiliate": null
      }
    },
    {
      "id": "2212",
      "type": "Feature",
      "geometry": {
        "type": "Point",
        "coordinates": [
          -96.9984941,
          32.4819207
        ]
      },
      "properties": {
        "church_name": "First Presbyterian Church",
        "lib_level": 1,
        "full_address": "516 W Main, Midlothian, TX 76065",
        "url": "fpcmidlothiantx.org",
        "google_maps_url": "https://maps.google.com/?cid=2538378215525303312",
        "size_bucket": "XS",
        "affiliate": null
      }
    },
    {
      "id": "2217",
      "type": "Feature",
      "geometry": {
        "type": "Point",
        "coordinates": [
          -98.115979,
          32.811166
        ]
      },
      "properties": {
        "church_name": "First Presbyterian Church",
        "lib_level": 1,
        "full_address": "300 NW 4th Ave, Mineral Wells, TX 76067-4825",
        "url": "www.fpcmw.org",
        "google_maps_url": null,
        "size_bucket": "XS",
        "affiliate": null
      }
    },
    {
      "id": "2240",
      "type": "Feature",
      "geometry": {
        "type": "Point",
        "coordinates": [
          -96.8647884,
          32.8849953
        ]
      },
      "properties": {
        "church_name": "United African Presbyterian Church",
        "lib_level": 0,
        "full_address": "10210 Webb Chapel Rd, Dallas, TX 75229",
        "url": null,
        "google_maps_url": null,
        "size_bucket": null,
        "affiliate": null
      }
    },
    {
      "id": "2246",
      "type": "Feature",
      "geometry": {
        "type": "Point",
        "coordinates": [
          -94.71911569999999,
          32.5577249
        ]
      },
      "properties": {
        "church_name": "Alpine-First Presbyterian Church",
        "lib_level": 1,
        "full_address": "135 Hiett Ln, Longview, TX 75605",
        "url": "www.alpinepresbyterian.org",
        "google_maps_url": null,
        "size_bucket": null,
        "affiliate": null
      }
    },
    {
      "id": "2259",
      "type": "Feature",
      "geometry": {
        "type": "Point",
        "coordinates": [
          -96.10172589999999,
          32.3677614
        ]
      },
      "properties": {
        "church_name": "First Presbyterian Church",
        "lib_level": 0,
        "full_address": "112 W Mount Vernon St, Mabank, TX 75147",
        "url": "www.fpcmabank.org",
        "google_maps_url": null,
        "size_bucket": null,
        "affiliate": null
      }
    },
    {
      "id": "2269",
      "type": "Feature",
      "geometry": {
        "type": "Point",
        "coordinates": [
          -111.6880578,
          33.4220501
        ]
      },
      "properties": {
        "church_name": "Church of the Master Presbyterian Church",
        "lib_level": 1,
        "full_address": "6659 E University Dr, Mesa, AZ 85205",
        "url": "www.cotmmesa.org",
        "google_maps_url": "https://maps.google.com/?cid=6595059461714670670",
        "size_bucket": "L",
        "affiliate": null
      }
    },
    {
      "id": "2271",
      "type": "Feature",
      "geometry": {
        "type": "Point",
        "coordinates": [
          -111.8216455,
          33.4190651
        ]
      },
      "properties": {
        "church_name": "First Presbyterian Church",
        "lib_level": 1,
        "full_address": "161 N Mesa Dr, Mesa, AZ 85201",
        "url": "www.fpcmesa.org",
        "google_maps_url": null,
        "size_bucket": "M",
        "affiliate": null
      }
    },
    {
      "id": "2329",
      "type": "Feature",
      "geometry": {
        "type": "Point",
        "coordinates": [
          -89.66420749999999,
          39.7965573
        ]
      },
      "properties": {
        "church_name": "Westminster Presbyterian Church",
        "lib_level": 1,
        "full_address": "533 S Walnut St, Springfield, IL 62704",
        "url": "www.wpcspi.org",
        "google_maps_url": "https://maps.google.com/?cid=3694697003873773137",
        "size_bucket": "M",
        "affiliate": null
      }
    },
    {
      "id": "2332",
      "type": "Feature",
      "geometry": {
        "type": "Point",
        "coordinates": [
          -88.99188699999999,
          40.481384
        ]
      },
      "properties": {
        "church_name": "Second Presbyterian Church",
        "lib_level": 0,
        "full_address": "404 N Prairie St, Bloomington, IL 61701-4033",
        "url": "www.secondpres.com",
        "google_maps_url": null,
        "size_bucket": "M",
        "affiliate": null
      }
    },
    {
      "id": "2374",
      "type": "Feature",
      "geometry": {
        "type": "Point",
        "coordinates": [
          -89.5487004,
          40.3726343
        ]
      },
      "properties": {
        "church_name": "First Presbyterian Church",
        "lib_level": 0,
        "full_address": "201 W 4th St, Delavan, IL 61734",
        "url": "www.firstpresdelavan.org",
        "google_maps_url": "https://maps.google.com/?cid=3169273879277608378",
        "size_bucket": "XS",
        "affiliate": null
      }
    },
    {
      "id": "2405",
      "type": "Feature",
      "geometry": {
        "type": "Point",
        "coordinates": [
          -84.38323969999999,
          33.8486746
        ]
      },
      "properties": {
        "church_name": "Peachtree Presbyterian Church",
        "lib_level": 0,
        "full_address": "3434 Roswell Rd NW, Atlanta, GA 30305",
        "url": "www.peachtreechurch.com",
        "google_maps_url": "https://maps.google.com/?cid=17236640891077334414",
        "size_bucket": "XL",
        "affiliate": null
      }
    },
    {
      "id": "2407",
      "type": "Feature",
      "geometry": {
        "type": "Point",
        "coordinates": [
          -84.36249670000001,
          34.0190778
        ]
      },
      "properties": {
        "church_name": "Roswell Presbyterian Church",
        "lib_level": 0,
        "full_address": "755 Mimosa Blvd, Roswell, GA 30075",
        "url": "www.roswellpres.org",
        "google_maps_url": "https://maps.google.com/?cid=12040096245834129394",
        "size_bucket": "L",
        "affiliate": null
      }
    },
    {
      "id": "2411",
      "type": "Feature",
      "geometry": {
        "type": "Point",
        "coordinates": [
          -84.29448889999999,
          33.7739047
        ]
      },
      "properties": {
        "church_name": "Decatur Presbyterian Church",
        "lib_level": 1,
        "full_address": "205 Sycamore St, Decatur, GA 30030",
        "url": "www.dpchurch.org",
        "google_maps_url": null,
        "size_bucket": "M",
        "affiliate": null
      }
    },
    {
      "id": "2412",
      "type": "Feature",
      "geometry": {
        "type": "Point",
        "coordinates": [
          -84.02106189999999,
          34.0892639
        ]
      },
      "properties": {
        "church_name": "Buford Presbyterian Church",
        "lib_level": 0,
        "full_address": "1242 Buford Hwy, Sugar Hill, GA 30518",
        "url": "www.bufordpres.com",
        "google_maps_url": "https://maps.google.com/?cid=7148673395752913446",
        "size_bucket": "M",
        "affiliate": null
      }
    },
    {
      "id": "2413",
      "type": "Feature",
      "geometry": {
        "type": "Point",
        "coordinates": [
          -84.3842662,
          33.7710131
        ]
      },
      "properties": {
        "church_name": "North Avenue Presbyterian Church",
        "lib_level": 0,
        "full_address": "607 Peachtree St NE, Atlanta, GA 30308",
        "url": "www.napc.org",
        "google_maps_url": "https://maps.google.com/?cid=3561240384030164373",
        "size_bucket": "M",
        "affiliate": null
      }
    },
    {
      "id": "2426",
      "type": "Feature",
      "geometry": {
        "type": "Point",
        "coordinates": [
          -84.1329916,
          33.4535329
        ]
      },
      "properties": {
        "church_name": "McDonough Presbyterian Church",
        "lib_level": 0,
        "full_address": "427 McGarity Rd, McDonough, GA 30252",
        "url": "www.mcdonoughpresbyterian.com",
        "google_maps_url": "https://maps.google.com/?cid=17301229527098466353",
        "size_bucket": "M",
        "affiliate": null
      }
    },
    {
      "id": "2443",
      "type": "Feature",
      "geometry": {
        "type": "Point",
        "coordinates": [
          -84.29448889999999,
          33.7739047
        ]
      },
      "properties": {
        "church_name": "UKirk Atlanta NCD Presbyterian Church",
        "lib_level": 1,
        "full_address": "205 Sycamore St, Decatur, GA 30030",
        "url": null,
        "google_maps_url": "https://maps.google.com/?cid=13144026666361045934",
        "size_bucket": null,
        "affiliate": null
      }
    },
    {
      "id": "2489",
      "type": "Feature",
      "geometry": {
        "type": "Point",
        "coordinates": [
          -84.31459269999999,
          33.7928812
        ]
      },
      "properties": {
        "church_name": "Emory Presbyterian Church",
        "lib_level": 1,
        "full_address": "1886 N Decatur Rd NE, Atlanta, GA 30307-1100",
        "url": "www.emorypresbyterian.org/",
        "google_maps_url": "https://maps.google.com/?cid=4055591839792081025",
        "size_bucket": "XS",
        "affiliate": null
      }
    },
    {
      "id": "2496",
      "type": "Feature",
      "geometry": {
        "type": "Point",
        "coordinates": [
          -84.31459269999999,
          33.7928812
        ]
      },
      "properties": {
        "church_name": "Trinity Presbyterian Church",
        "lib_level": 1,
        "full_address": "1886 N Decatur Rd, Atlanta, GA 30307",
        "url": null,
        "google_maps_url": null,
        "size_bucket": "XS",
        "affiliate": null
      }
    },
    {
      "id": "2535",
      "type": "Feature",
      "geometry": {
        "type": "Point",
        "coordinates": [
          -94.83032419999999,
          38.873831
        ]
      },
      "properties": {
        "church_name": "Neema Community Presbyterian Church",
        "lib_level": 0,
        "full_address": "621 S Lee St, Olathe, KS 66061",
        "url": "neemacommunitychurch.org",
        "google_maps_url": null,
        "size_bucket": "M",
        "affiliate": null
      }
    },
    {
      "id": "2586",
      "type": "Feature",
      "geometry": {
        "type": "Point",
        "coordinates": [
          -74.90722149999999,
          40.39874530000001
        ]
      },
      "properties": {
        "church_name": "Amwell Second Presbyterian Church",
        "lib_level": 0,
        "full_address": "39 Mt Airy Village Rd, Lambertville, NJ 08530-3517",
        "url": "www.mtairychurch.org",
        "google_maps_url": "https://maps.google.com/?cid=2497585469371242515",
        "size_bucket": "XS",
        "affiliate": null
      }
    },
    {
      "id": "2615",
      "type": "Feature",
      "geometry": {
        "type": "Point",
        "coordinates": [
          -74.48124279999999,
          40.8240911
        ]
      },
      "properties": {
        "church_name": "Morris Plains Presbyterian Church",
        "lib_level": 1,
        "full_address": "400 Speedwell Ave, Morris Plains, NJ 07950-2102",
        "url": "www.mppresby.org",
        "google_maps_url": "https://maps.google.com/?cid=15541112001118254768",
        "size_bucket": "S",
        "affiliate": null
      }
    },
    {
      "id": "2616",
      "type": "Feature",
      "geometry": {
        "type": "Point",
        "coordinates": [
          -74.5993897,
          40.7739266
        ]
      },
      "properties": {
        "church_name": "First Presbyterian Church",
        "lib_level": 0,
        "full_address": "14 Hilltop Rd, Mendham, NJ 07945-1215",
        "url": "www.hilltopchurch.org",
        "google_maps_url": null,
        "size_bucket": "S",
        "affiliate": null
      }
    },
    {
      "id": "2647",
      "type": "Feature",
      "geometry": {
        "type": "Point",
        "coordinates": [
          -74.8803535,
          40.3073621
        ]
      },
      "properties": {
        "church_name": "First Presbyterian Church",
        "lib_level": 0,
        "full_address": "48 River Dr, Titusville, NJ 8560",
        "url": "www.titusvillechurch.org",
        "google_maps_url": "https://maps.google.com/?cid=13686901796942032031",
        "size_bucket": "XS",
        "affiliate": null
      }
    },
    {
      "id": "2664",
      "type": "Feature",
      "geometry": {
        "type": "Point",
        "coordinates": [
          -82.3387565,
          36.320442
        ]
      },
      "properties": {
        "church_name": "Keystone Presbyterian Church",
        "lib_level": 0,
        "full_address": "505 Bert St, Johnson City, TN 37601",
        "url": null,
        "google_maps_url": "https://maps.google.com/?cid=12319409425178840292",
        "size_bucket": "XS",
        "affiliate": null
      }
    },
    {
      "id": "2666",
      "type": "Feature",
      "geometry": {
        "type": "Point",
        "coordinates": [
          -82.38682039999999,
          36.1519798
        ]
      },
      "properties": {
        "church_name": "Rock Creek Presbyterian Church",
        "lib_level": 0,
        "full_address": "800 Rock Creek Rd, Erwin, TN 37650",
        "url": "www.rockcreekpc.org",
        "google_maps_url": "https://maps.google.com/?cid=8046695052655602273",
        "size_bucket": "XS",
        "affiliate": null
      }
    },
    {
      "id": "2669",
      "type": "Feature",
      "geometry": {
        "type": "Point",
        "coordinates": [
          -82.5521397,
          36.0350401
        ]
      },
      "properties": {
        "church_name": "Jennie Moore Memorial Presbyterian Church",
        "lib_level": 0,
        "full_address": "284 Jennie Moore Rd, Flag Pond, TN 37650",
        "url": null,
        "google_maps_url": "https://maps.google.com/?cid=1217660196962840521",
        "size_bucket": "XS",
        "affiliate": null
      }
    },
    {
      "id": "2673",
      "type": "Feature",
      "geometry": {
        "type": "Point",
        "coordinates": [
          -82.1650451,
          36.5893391
        ]
      },
      "properties": {
        "church_name": "First Presbyterian Church",
        "lib_level": 0,
        "full_address": "701 Florida Ave, Bristol, TN 37620",
        "url": "www.fpcbristol.org",
        "google_maps_url": "https://maps.google.com/?cid=1288290787432039582",
        "size_bucket": "L",
        "affiliate": null
      }
    },
    {
      "id": "2680",
      "type": "Feature",
      "geometry": {
        "type": "Point",
        "coordinates": [
          -82.0672969,
          36.5739981
        ]
      },
      "properties": {
        "church_name": "Cold Spring Presbyterian Church",
        "lib_level": 0,
        "full_address": "280 Cold Springs Church Rd, Bristol, TN 37620",
        "url": "www.coldspringchurch.org",
        "google_maps_url": "https://maps.google.com/?cid=3504679055522857481",
        "size_bucket": "M",
        "affiliate": null
      }
    },
    {
      "id": "2687",
      "type": "Feature",
      "geometry": {
        "type": "Point",
        "coordinates": [
          -82.415035,
          36.144755
        ]
      },
      "properties": {
        "church_name": "Erwin Presbyterian Church",
        "lib_level": 0,
        "full_address": "105 N Elm Ave, Erwin, TN 37650",
        "url": "erwinpresbyterianchurch.com",
        "google_maps_url": "https://maps.google.com/?cid=124710582841270218",
        "size_bucket": "S",
        "affiliate": null
      }
    },
    {
      "id": "2691",
      "type": "Feature",
      "geometry": {
        "type": "Point",
        "coordinates": [
          -82.3532286,
          36.4259641
        ]
      },
      "properties": {
        "church_name": "New Bethel Presbyterian Church",
        "lib_level": 0,
        "full_address": "592 New Bethel Rd, Piney Flats, TN 37686",
        "url": "www.newbethelpres.org",
        "google_maps_url": "https://maps.google.com/?cid=11780850428306417181",
        "size_bucket": "XS",
        "affiliate": null
      }
    },
    {
      "id": "2693",
      "type": "Feature",
      "geometry": {
        "type": "Point",
        "coordinates": [
          -81.7999469,
          36.4804835
        ]
      },
      "properties": {
        "church_name": "Mountain City Presbyterian Church",
        "lib_level": 0,
        "full_address": "201 Fairground Ln, Mountain City, TN 37683",
        "url": null,
        "google_maps_url": "https://maps.google.com/?cid=12422234824269370396",
        "size_bucket": "XS",
        "affiliate": null
      }
    },
    {
      "id": "2700",
      "type": "Feature",
      "geometry": {
        "type": "Point",
        "coordinates": [
          -82.8229472,
          36.4943727
        ]
      },
      "properties": {
        "church_name": "New Providence Presbyterian Church",
        "lib_level": 1,
        "full_address": "214 Stoney Point Rd, Surgoinsville, TN 37873",
        "url": "newprovidencepresbyterian.com",
        "google_maps_url": "https://maps.google.com/?cid=17498329390053529410",
        "size_bucket": "XS",
        "affiliate": null
      }
    },
    {
      "id": "2706",
      "type": "Feature",
      "geometry": {
        "type": "Point",
        "coordinates": [
          -81.9383615,
          36.5272606
        ]
      },
      "properties": {
        "church_name": "Shady Valley Presbyterian Church",
        "lib_level": 0,
        "full_address": "10670 Hwy 421 N, Shady Valley, TN 37688",
        "url": null,
        "google_maps_url": "https://maps.google.com/?cid=5090342495389259441",
        "size_bucket": null,
        "affiliate": null
      }
    },
    {
      "id": "2718",
      "type": "Feature",
      "geometry": {
        "type": "Point",
        "coordinates": [
          -82.5915917,
          36.5543202
        ]
      },
      "properties": {
        "church_name": "Old Kingsport Presbyterian Church",
        "lib_level": 0,
        "full_address": "2049 Greenway St, Kingsport, TN 37660-3019",
        "url": null,
        "google_maps_url": null,
        "size_bucket": null,
        "affiliate": null
      }
    },
    {
      "id": "2731",
      "type": "Feature",
      "geometry": {
        "type": "Point",
        "coordinates": [
          -96.5028837,
          41.4422224
        ]
      },
      "properties": {
        "church_name": "Fremont Presbyterian Church",
        "lib_level": 0,
        "full_address": "520 W Linden Ave, Fremont, NE 68025",
        "url": "www.presbyterianfremont.org",
        "google_maps_url": "https://maps.google.com/?cid=13129536366105850820",
        "size_bucket": "S",
        "affiliate": null
      }
    },
    {
      "id": "2732",
      "type": "Feature",
      "geometry": {
        "type": "Point",
        "coordinates": [
          -96.6306074,
          40.6214273
        ]
      },
      "properties": {
        "church_name": "Hickman Presbyterian Church",
        "lib_level": 1,
        "full_address": "300 E 3rd St, Hickman, NE 68372",
        "url": "www.hickmanpresbyterian.org",
        "google_maps_url": "https://maps.google.com/?cid=8294888113806126209",
        "size_bucket": "S",
        "affiliate": null
      }
    },
    {
      "id": "2770",
      "type": "Feature",
      "geometry": {
        "type": "Point",
        "coordinates": [
          -74.3606282,
          41.4810816
        ]
      },
      "properties": {
        "church_name": "Scotchtown Presbyterian Church",
        "lib_level": 0,
        "full_address": "367 Blumel Rd, Middletown, NY 10941-1150",
        "url": null,
        "google_maps_url": "https://maps.google.com/?cid=12309901554250613133",
        "size_bucket": "XS",
        "affiliate": null
      }
    },
    {
      "id": "2774",
      "type": "Feature",
      "geometry": {
        "type": "Point",
        "coordinates": [
          -73.7852463,
          40.9047298
        ]
      },
      "properties": {
        "church_name": "Korean PC / Westchester Presbyterian Church",
        "lib_level": 0,
        "full_address": "50 Pintard Ave, New Rochelle, NY 10801-7148",
        "url": "kpcow.com",
        "google_maps_url": null,
        "size_bucket": "M",
        "affiliate": null
      }
    },
    {
      "id": "2794",
      "type": "Feature",
      "geometry": {
        "type": "Point",
        "coordinates": [
          -74.00960049999999,
          41.50707999999999
        ]
      },
      "properties": {
        "church_name": "Calvary Presbyterian Church",
        "lib_level": 1,
        "full_address": "120 South St, Newburgh, NY 12550-4640",
        "url": "www.calvarypresbychurch.org",
        "google_maps_url": "https://maps.google.com/?cid=9010635312982886515",
        "size_bucket": "S",
        "affiliate": null
      }
    },
    {
      "id": "2817",
      "type": "Feature",
      "geometry": {
        "type": "Point",
        "coordinates": [
          -73.7852463,
          40.9047298
        ]
      },
      "properties": {
        "church_name": "New Rochelle Presbyterian Church",
        "lib_level": 0,
        "full_address": "50 Pintard Ave, New Rochelle, NY 10801-7148",
        "url": "pcnr.org",
        "google_maps_url": "https://maps.google.com/?cid=13649969164616646944",
        "size_bucket": "XS",
        "affiliate": null
      }
    },
    {
      "id": "2844",
      "type": "Feature",
      "geometry": {
        "type": "Point",
        "coordinates": [
          -78.4376283,
          41.0242375
        ]
      },
      "properties": {
        "church_name": "Clearfield Presbyterian Church",
        "lib_level": 1,
        "full_address": "119 N 2nd St, Clearfied, PA 16830-2552",
        "url": null,
        "google_maps_url": "https://maps.google.com/?cid=16614486691857453716",
        "size_bucket": "S",
        "affiliate": null
      }
    },
    {
      "id": "2883",
      "type": "Feature",
      "geometry": {
        "type": "Point",
        "coordinates": [
          -97.514974,
          35.6719282
        ]
      },
      "properties": {
        "church_name": "Santa Fe Presbyterian Church",
        "lib_level": 1,
        "full_address": "1603 N Santa Fe, Edmond, OK 73003-3661",
        "url": "www.santafechurch.org",
        "google_maps_url": "https://maps.google.com/?cid=17765748452734306131",
        "size_bucket": "S",
        "affiliate": null
      }
    },
    {
      "id": "2894",
      "type": "Feature",
      "geometry": {
        "type": "Point",
        "coordinates": [
          -97.9512202,
          35.5317048
        ]
      },
      "properties": {
        "church_name": "First Presbyterian Church",
        "lib_level": 1,
        "full_address": "221 S Barker, El Reno, OK 73036-2811",
        "url": null,
        "google_maps_url": "https://maps.google.com/?cid=9766714021096125135",
        "size_bucket": "XS",
        "affiliate": null
      }
    },
    {
      "id": "2915",
      "type": "Feature",
      "geometry": {
        "type": "Point",
        "coordinates": [
          -99.3323446,
          34.6397635
        ]
      },
      "properties": {
        "church_name": "First Presbyterian Church",
        "lib_level": 0,
        "full_address": "208 E Cypress St, Altus, OK 73521-3920",
        "url": "www.altusfpc.org",
        "google_maps_url": null,
        "size_bucket": null,
        "affiliate": null
      }
    },
    {
      "id": "2925",
      "type": "Feature",
      "geometry": {
        "type": "Point",
        "coordinates": [
          -116.7786719,
          47.6745544
        ]
      },
      "properties": {
        "church_name": "First Presbyterian Church",
        "lib_level": 1,
        "full_address": "521 E Lakeside Ave, Coeur d' Alene, ID 83814",
        "url": "www.1stpresdowntown.org",
        "google_maps_url": "https://maps.google.com/?cid=8812069919279348002",
        "size_bucket": "L",
        "affiliate": null
      }
    },
    {
      "id": "2926",
      "type": "Feature",
      "geometry": {
        "type": "Point",
        "coordinates": [
          -117.4334643,
          47.65287319999999
        ]
      },
      "properties": {
        "church_name": "First Presbyterian Church",
        "lib_level": 0,
        "full_address": "318 S Cedar St, Spokane, WA 99204-1684",
        "url": "www.spokanefpc.org",
        "google_maps_url": "https://maps.google.com/?cid=6314008443350147080",
        "size_bucket": "L",
        "affiliate": null
      }
    },
    {
      "id": "2933",
      "type": "Feature",
      "geometry": {
        "type": "Point",
        "coordinates": [
          -117.1599849,
          46.7364533
        ]
      },
      "properties": {
        "church_name": "Pullman Presbyterian Church",
        "lib_level": 0,
        "full_address": "1630 Stadium Way, Pullman, WA 99163",
        "url": "www.pullmanpc.org",
        "google_maps_url": "https://maps.google.com/?cid=7753090588686077536",
        "size_bucket": "S",
        "affiliate": null
      }
    },
    {
      "id": "2967",
      "type": "Feature",
      "geometry": {
        "type": "Point",
        "coordinates": [
          -78.1222671,
          37.1758845
        ]
      },
      "properties": {
        "church_name": "Pryor Memorial Presbyterian Church",
        "lib_level": 0,
        "full_address": "115 E Tennessee, Crewe, VA 23930",
        "url": null,
        "google_maps_url": null,
        "size_bucket": "XS",
        "affiliate": null
      }
    },
    {
      "id": "2978",
      "type": "Feature",
      "geometry": {
        "type": "Point",
        "coordinates": [
          -78.49715599999999,
          38.0609888
        ]
      },
      "properties": {
        "church_name": "Meadows Presbyterian Church",
        "lib_level": 1,
        "full_address": "2200 Angus Rd, Charlottesville, VA 22901",
        "url": "www.meadowspc.org",
        "google_maps_url": "https://maps.google.com/?cid=5929958687329330051",
        "size_bucket": "M",
        "affiliate": null
      }
    },
    {
      "id": "2987",
      "type": "Feature",
      "geometry": {
        "type": "Point",
        "coordinates": [
          -77.4593253,
          37.5528238
        ]
      },
      "properties": {
        "church_name": "Grace Covenant Presbyterian Church",
        "lib_level": 0,
        "full_address": "1627 Monument Ave, Richmond, VA 23220-2906",
        "url": "www.grace-covenant.org",
        "google_maps_url": "https://maps.google.com/?cid=13511276497402660037",
        "size_bucket": "S",
        "affiliate": null
      }
    },
    {
      "id": "3006",
      "type": "Feature",
      "geometry": {
        "type": "Point",
        "coordinates": [
          -78.0023427,
          37.0761478
        ]
      },
      "properties": {
        "church_name": "Blackstone Presbyterian Church",
        "lib_level": 0,
        "full_address": "301 Church St, Blackstone, VA 23824",
        "url": null,
        "google_maps_url": null,
        "size_bucket": "XS",
        "affiliate": null
      }
    },
    {
      "id": "3094",
      "type": "Feature",
      "geometry": {
        "type": "Point",
        "coordinates": [
          -94.51649719999999,
          37.0862157
        ]
      },
      "properties": {
        "church_name": "First Presbyterian Church",
        "lib_level": 1,
        "full_address": "509 S Pearl Ave, Joplin, MO 64801-2542",
        "url": "www.fpcjoplin.org",
        "google_maps_url": "https://maps.google.com/?cid=9829726691525195956",
        "size_bucket": null,
        "affiliate": null
      }
    },
    {
      "id": "3099",
      "type": "Feature",
      "geometry": {
        "type": "Point",
        "coordinates": [
          -89.200087,
          43.0796679
        ]
      },
      "properties": {
        "church_name": "Bryn Mawr Presbyterian Church",
        "lib_level": 0,
        "full_address": "229 N Main St, Cottage Grove, WI 53527",
        "url": "https://www.brynmawrcg.org",
        "google_maps_url": null,
        "size_bucket": "XS",
        "affiliate": null
      }
    },
    {
      "id": "3111",
      "type": "Feature",
      "geometry": {
        "type": "Point",
        "coordinates": [
          -89.45567489999999,
          43.1919373
        ]
      },
      "properties": {
        "church_name": "First Presbyterian Church",
        "lib_level": 1,
        "full_address": "5763 CR Q, Waunakee, WI 53597-9403",
        "url": "www.myfpc.org",
        "google_maps_url": null,
        "size_bucket": "M",
        "affiliate": null
      }
    },
    {
      "id": "3116",
      "type": "Feature",
      "geometry": {
        "type": "Point",
        "coordinates": [
          -91.2384625,
          43.8093027
        ]
      },
      "properties": {
        "church_name": "First Presbyterian Church",
        "lib_level": 1,
        "full_address": "233 West Ave S, La Crosse, WI 54601-4128",
        "url": "www.firstpreslax.org",
        "google_maps_url": null,
        "size_bucket": "M",
        "affiliate": null
      }
    },
    {
      "id": "3180",
      "type": "Feature",
      "geometry": {
        "type": "Point",
        "coordinates": [
          -78.97052049999999,
          40.9429814
        ]
      },
      "properties": {
        "church_name": "Punxsutawney Presbyterian Church",
        "lib_level": 1,
        "full_address": "106 E Union St, Punxsutawney, PA 15767-2036",
        "url": "www.punxsypresbyterian.org",
        "google_maps_url": "https://maps.google.com/?cid=14316510899981718254",
        "size_bucket": "S",
        "affiliate": null
      }
    },
    {
      "id": "3198",
      "type": "Feature",
      "geometry": {
        "type": "Point",
        "coordinates": [
          -79.17617000000001,
          40.795655
        ]
      },
      "properties": {
        "church_name": "Plumville Presbyterian Church",
        "lib_level": 1,
        "full_address": "168 Main St, Plumville, PA 16246",
        "url": "www.pcplumville.org",
        "google_maps_url": "https://maps.google.com/?cid=9815690939186626755",
        "size_bucket": "XS",
        "affiliate": null
      }
    },
    {
      "id": "3206",
      "type": "Feature",
      "geometry": {
        "type": "Point",
        "coordinates": [
          -79.3311722,
          41.0037983
        ]
      },
      "properties": {
        "church_name": "New Bethlehem Presbyterian Church",
        "lib_level": 0,
        "full_address": "403 Penn St, New Bethlehem, PA 16242",
        "url": "www.nbpresby.org",
        "google_maps_url": "https://maps.google.com/?cid=3753270503294600171",
        "size_bucket": "XS",
        "affiliate": null
      }
    },
    {
      "id": "3210",
      "type": "Feature",
      "geometry": {
        "type": "Point",
        "coordinates": [
          -79.2419098,
          41.26458150000001
        ]
      },
      "properties": {
        "church_name": "Millcreek Presbyterian Church",
        "lib_level": 0,
        "full_address": "6225 Hudson Dr, Fisher, PA 16225",
        "url": null,
        "google_maps_url": "https://maps.google.com/?cid=1766241526073096062",
        "size_bucket": "XS",
        "affiliate": null
      }
    },
    {
      "id": "3241",
      "type": "Feature",
      "geometry": {
        "type": "Point",
        "coordinates": [
          -80.09032409999999,
          42.1268691
        ]
      },
      "properties": {
        "church_name": "First/Covenant Presbyterian Church",
        "lib_level": 0,
        "full_address": "250 W 7th St, Erie, PA 16501-1602",
        "url": "www.firstcovenanterie.org",
        "google_maps_url": "https://maps.google.com/?cid=12401146164221529548",
        "size_bucket": "M",
        "affiliate": null
      }
    },
    {
      "id": "3244",
      "type": "Feature",
      "geometry": {
        "type": "Point",
        "coordinates": [
          -80.3135853,
          42.0034427
        ]
      },
      "properties": {
        "church_name": "Girard Presbyterian Church",
        "lib_level": 0,
        "full_address": "260 Main St E, Girard, PA 16417",
        "url": "www.girardpc.org",
        "google_maps_url": "https://maps.google.com/?cid=8213266093143382276",
        "size_bucket": "M",
        "affiliate": null
      }
    },
    {
      "id": "3248",
      "type": "Feature",
      "geometry": {
        "type": "Point",
        "coordinates": [
          -80.1784392,
          42.0348643
        ]
      },
      "properties": {
        "church_name": "Church of the Cross Presbyterian Church",
        "lib_level": 0,
        "full_address": "5901 Millfair Rd, Fairview, PA 16415-2356",
        "url": "www.cotc.org",
        "google_maps_url": null,
        "size_bucket": "S",
        "affiliate": null
      }
    },
    {
      "id": "3252",
      "type": "Feature",
      "geometry": {
        "type": "Point",
        "coordinates": [
          -79.8355831,
          42.2153248
        ]
      },
      "properties": {
        "church_name": "First Presbyterian Church",
        "lib_level": 0,
        "full_address": "25 W Main St, North East, PA 16428-1116",
        "url": "www.fpcne.org/",
        "google_maps_url": "https://maps.google.com/?cid=15250902888879447870",
        "size_bucket": "S",
        "affiliate": null
      }
    },
    {
      "id": "3255",
      "type": "Feature",
      "geometry": {
        "type": "Point",
        "coordinates": [
          -79.6729263,
          41.6292581
        ]
      },
      "properties": {
        "church_name": "First Presbyterian Church",
        "lib_level": 1,
        "full_address": "216 N Franklin, Titusville, PA 16354-1702",
        "url": "titusvillepresbyterian.com",
        "google_maps_url": "https://maps.google.com/?cid=7066345269106437168",
        "size_bucket": "S",
        "affiliate": null
      }
    },
    {
      "id": "3276",
      "type": "Feature",
      "geometry": {
        "type": "Point",
        "coordinates": [
          -79.92928409999999,
          41.3665948
        ]
      },
      "properties": {
        "church_name": "Polk Presbyterian Church",
        "lib_level": 0,
        "full_address": "729 Main St, Polk, PA 16342",
        "url": null,
        "google_maps_url": "https://maps.google.com/?cid=5035341617148867274",
        "size_bucket": "XS",
        "affiliate": null
      }
    },
    {
      "id": "3278",
      "type": "Feature",
      "geometry": {
        "type": "Point",
        "coordinates": [
          -79.82618219999999,
          41.41088939999999
        ]
      },
      "properties": {
        "church_name": "Rocky Grove Avenue Presbyterian Church",
        "lib_level": 1,
        "full_address": "321 Rocky Grove Ave, Franklin, PA 16323-2761",
        "url": "www.rockygrovepres.org",
        "google_maps_url": "https://maps.google.com/?cid=14630927734738020296",
        "size_bucket": "XS",
        "affiliate": null
      }
    },
    {
      "id": "3283",
      "type": "Feature",
      "geometry": {
        "type": "Point",
        "coordinates": [
          -83.6255521,
          42.7921849
        ]
      },
      "properties": {
        "church_name": "Holly Presbyterian Church",
        "lib_level": 0,
        "full_address": "207 E Maple St, Holly, MI 48442-1645",
        "url": "www.hollypc.org",
        "google_maps_url": "https://maps.google.com/?cid=10985505127154740999",
        "size_bucket": "XS",
        "affiliate": null
      }
    },
    {
      "id": "3333",
      "type": "Feature",
      "geometry": {
        "type": "Point",
        "coordinates": [
          -85.1787947,
          42.321981
        ]
      },
      "properties": {
        "church_name": "First Presbyterian Church",
        "lib_level": 0,
        "full_address": "111 Capital Ave NE, Battle Creek, MI 49017",
        "url": "www.firstpresbc.org",
        "google_maps_url": "https://maps.google.com/?cid=749454418475185675",
        "size_bucket": "L",
        "affiliate": null
      }
    },
    {
      "id": "3341",
      "type": "Feature",
      "geometry": {
        "type": "Point",
        "coordinates": [
          -84.44177669999999,
          42.5803707
        ]
      },
      "properties": {
        "church_name": "First Presbyterian Church",
        "lib_level": 0,
        "full_address": "131 E Maple, Mason, MI 48854-1633",
        "url": "www.masonpresbyterian.org",
        "google_maps_url": "https://maps.google.com/?cid=2445912537779626926",
        "size_bucket": "M",
        "affiliate": null
      }
    },
    {
      "id": "3379",
      "type": "Feature",
      "geometry": {
        "type": "Point",
        "coordinates": [
          -85.0617267,
          42.98257479999999
        ]
      },
      "properties": {
        "church_name": "First Presbyterian Church",
        "lib_level": 0,
        "full_address": "125 E Main St, Ionia, MI 48846",
        "url": "www.1stpreschurchionia.com",
        "google_maps_url": "https://maps.google.com/?cid=8226717603939344556",
        "size_bucket": "XS",
        "affiliate": null
      }
    },
    {
      "id": "3393",
      "type": "Feature",
      "geometry": {
        "type": "Point",
        "coordinates": [
          -72.5344926,
          40.9907964
        ]
      },
      "properties": {
        "church_name": "Mattituck Presbyterian Church",
        "lib_level": 0,
        "full_address": "12605 Main Rd, Mattituck, NY 11952",
        "url": "www.mattpres.com",
        "google_maps_url": "https://maps.google.com/?cid=3752950938989569556",
        "size_bucket": "M",
        "affiliate": null
      }
    },
    {
      "id": "3442",
      "type": "Feature",
      "geometry": {
        "type": "Point",
        "coordinates": [
          -117.6607187,
          33.58434560000001
        ]
      },
      "properties": {
        "church_name": "Church of the Master Presbyterian Church",
        "lib_level": 0,
        "full_address": "26051 Marguerite Pky, Mission Viejo, CA 92692-3201",
        "url": "www.mypcom.com",
        "google_maps_url": "https://maps.google.com/?cid=10821606082292825731",
        "size_bucket": "L",
        "affiliate": null
      }
    },
    {
      "id": "3443",
      "type": "Feature",
      "geometry": {
        "type": "Point",
        "coordinates": [
          -117.6133663,
          33.4293564
        ]
      },
      "properties": {
        "church_name": "San Clemente Presbyterian Church",
        "lib_level": 0,
        "full_address": "119 N Ave de la Estrella, San Clemente, CA 92672-9325",
        "url": "www.scpres.org",
        "google_maps_url": "https://maps.google.com/?cid=18440174886680064592",
        "size_bucket": "L",
        "affiliate": null
      }
    },
    {
      "id": "3445",
      "type": "Feature",
      "geometry": {
        "type": "Point",
        "coordinates": [
          -117.7161078,
          33.5264881
        ]
      },
      "properties": {
        "church_name": "Laguna Niguel Presbyterian Church",
        "lib_level": 0,
        "full_address": "30071 Ivy Glenn Dr, Laguna Niguel, CA 92677-5025",
        "url": "www.lnpc.org",
        "google_maps_url": "https://maps.google.com/?cid=11756244305093689244",
        "size_bucket": "L",
        "affiliate": null
      }
    },
    {
      "id": "3446",
      "type": "Feature",
      "geometry": {
        "type": "Point",
        "coordinates": [
          -117.7815066,
          33.5436113
        ]
      },
      "properties": {
        "church_name": "Laguna Presbyterian Church",
        "lib_level": 0,
        "full_address": "415 Forest Ave, Laguna Beach, CA 92651",
        "url": "www.lagunapreschurch.org",
        "google_maps_url": "https://maps.google.com/?cid=5572538005171974028",
        "size_bucket": "L",
        "affiliate": null
      }
    },
    {
      "id": "3447",
      "type": "Feature",
      "geometry": {
        "type": "Point",
        "coordinates": [
          -117.941559,
          33.8788489
        ]
      },
      "properties": {
        "church_name": "First Presbyterian Church",
        "lib_level": 0,
        "full_address": "838 N Euclid St, Fullerton, CA 92832-1010",
        "url": "www.fpc-fullerton.org",
        "google_maps_url": "https://maps.google.com/?cid=5658688038559602682",
        "size_bucket": "M",
        "affiliate": null
      }
    },
    {
      "id": "3459",
      "type": "Feature",
      "geometry": {
        "type": "Point",
        "coordinates": [
          -117.9869871,
          33.9073062
        ]
      },
      "properties": {
        "church_name": "Community Presbyterian Church",
        "lib_level": 0,
        "full_address": "13701 Hillsborough Dr, La Mirada, CA 90638",
        "url": "www.cpclm.org",
        "google_maps_url": "https://maps.google.com/?cid=3380162931715853578",
        "size_bucket": "S",
        "affiliate": null
      }
    },
    {
      "id": "3467",
      "type": "Feature",
      "geometry": {
        "type": "Point",
        "coordinates": [
          -117.941559,
          33.8788489
        ]
      },
      "properties": {
        "church_name": "Indonesian Presbyterian Church",
        "lib_level": 0,
        "full_address": "838 N Euclid St, Fullerton, CA 92832",
        "url": null,
        "google_maps_url": null,
        "size_bucket": "S",
        "affiliate": null
      }
    },
    {
      "id": "3473",
      "type": "Feature",
      "geometry": {
        "type": "Point",
        "coordinates": [
          -118.12866,
          33.9462626
        ]
      },
      "properties": {
        "church_name": "First Presbyterian Church",
        "lib_level": 1,
        "full_address": "10544 Downey Ave, Downey, CA 90241",
        "url": "www.fpcdowney.com",
        "google_maps_url": "https://maps.google.com/?cid=4278432172660475652",
        "size_bucket": "S",
        "affiliate": null
      }
    },
    {
      "id": "3493",
      "type": "Feature",
      "geometry": {
        "type": "Point",
        "coordinates": [
          -88.0712453,
          45.805405
        ]
      },
      "properties": {
        "church_name": "First Presbyterian Church",
        "lib_level": 1,
        "full_address": "395 Hamilton Ave, Kingsford, MI 49802",
        "url": "www.kingsfpc.org",
        "google_maps_url": "https://maps.google.com/?cid=13401282446627209189",
        "size_bucket": "M",
        "affiliate": null
      }
    },
    {
      "id": "3494",
      "type": "Feature",
      "geometry": {
        "type": "Point",
        "coordinates": [
          -85.41671649999999,
          44.8942852
        ]
      },
      "properties": {
        "church_name": "First Presbyterian Church",
        "lib_level": 1,
        "full_address": "404 Spruce St, Elk Rapids, MI 49629",
        "url": "www.erfpc.org",
        "google_maps_url": "https://maps.google.com/?cid=12598388666867266107",
        "size_bucket": "M",
        "affiliate": null
      }
    },
    {
      "id": "3537",
      "type": "Feature",
      "geometry": {
        "type": "Point",
        "coordinates": [
          -83.65039089999999,
          41.5614325
        ]
      },
      "properties": {
        "church_name": "First Presbyterian Church",
        "lib_level": 0,
        "full_address": "200 E Broadway, Maumee, OH 43537-3312",
        "url": "www.firstpresmaumee.org",
        "google_maps_url": "https://maps.google.com/?cid=11466998848438938849",
        "size_bucket": "M",
        "affiliate": null
      }
    },
    {
      "id": "3583",
      "type": "Feature",
      "geometry": {
        "type": "Point",
        "coordinates": [
          -84.4566748,
          40.7827672
        ]
      },
      "properties": {
        "church_name": "Salem Presbyterian Church",
        "lib_level": 0,
        "full_address": "15258 Main St, Venedocia, OH 45892",
        "url": "www.salemchurch.cc",
        "google_maps_url": "https://maps.google.com/?cid=17940816640512029625",
        "size_bucket": null,
        "affiliate": null
      }
    },
    {
      "id": "3604",
      "type": "Feature",
      "geometry": {
        "type": "Point",
        "coordinates": [
          -84.20311219999999,
          40.0385503
        ]
      },
      "properties": {
        "church_name": "First Presbyterian Church",
        "lib_level": 1,
        "full_address": "20 S Walnut St, Troy, OH 45373-3529",
        "url": "www.fpctroy.org",
        "google_maps_url": "https://maps.google.com/?cid=12216962236119386495",
        "size_bucket": "S",
        "affiliate": null
      }
    },
    {
      "id": "3617",
      "type": "Feature",
      "geometry": {
        "type": "Point",
        "coordinates": [
          -83.7393732,
          39.6586761
        ]
      },
      "properties": {
        "church_name": "Jamestown Presbyterian Church",
        "lib_level": 0,
        "full_address": "61 West Washington Street, Jamestown, OH 45335",
        "url": null,
        "google_maps_url": "https://maps.google.com/?cid=18086604914346613511",
        "size_bucket": "XS",
        "affiliate": null
      }
    },
    {
      "id": "3633",
      "type": "Feature",
      "geometry": {
        "type": "Point",
        "coordinates": [
          -86.7780435,
          36.0808011
        ]
      },
      "properties": {
        "church_name": "First Presbyterian Church",
        "lib_level": 0,
        "full_address": "4815 Franklin Pike, Nashville, TN 37220",
        "url": "www.fpcnashville.org",
        "google_maps_url": "https://maps.google.com/?cid=11476979326888006658",
        "size_bucket": "L",
        "affiliate": null
      }
    },
    {
      "id": "3653",
      "type": "Feature",
      "geometry": {
        "type": "Point",
        "coordinates": [
          -86.44862060000001,
          36.387402
        ]
      },
      "properties": {
        "church_name": "First Presbyterian Church",
        "lib_level": 1,
        "full_address": "167 W Main St, Gallatin, TN 37066",
        "url": "www.fpcgallatin.org",
        "google_maps_url": null,
        "size_bucket": "S",
        "affiliate": null
      }
    },
    {
      "id": "3719",
      "type": "Feature",
      "geometry": {
        "type": "Point",
        "coordinates": [
          -85.5668902,
          38.245628
        ]
      },
      "properties": {
        "church_name": "Trinity Presbyterian Church",
        "lib_level": 1,
        "full_address": "10200 Shelbyville Rd, Louisville, KY 40223",
        "url": "www.tpclouisville.net/",
        "google_maps_url": "https://maps.google.com/?cid=16601488560120325534",
        "size_bucket": "S",
        "affiliate": null
      }
    },
    {
      "id": "3729",
      "type": "Feature",
      "geometry": {
        "type": "Point",
        "coordinates": [
          -85.21859219999999,
          38.2115419
        ]
      },
      "properties": {
        "church_name": "First Presbyterian Church",
        "lib_level": 1,
        "full_address": "629 Main St, Shelbyville, KY 40065",
        "url": "www.fpcshelbyvilleky.com",
        "google_maps_url": null,
        "size_bucket": "S",
        "affiliate": null
      }
    },
    {
      "id": "3756",
      "type": "Feature",
      "geometry": {
        "type": "Point",
        "coordinates": [
          -89.8107897,
          35.0839854
        ]
      },
      "properties": {
        "church_name": "Germantown Presbyterian Church",
        "lib_level": 0,
        "full_address": "2363 S Germantown Rd, Germantown, TN 38138",
        "url": "www.gpctn.org",
        "google_maps_url": "https://maps.google.com/?cid=5710715920234273297",
        "size_bucket": "L",
        "affiliate": null
      }
    },
    {
      "id": "3757",
      "type": "Feature",
      "geometry": {
        "type": "Point",
        "coordinates": [
          -88.8307008,
          35.6414827
        ]
      },
      "properties": {
        "church_name": "First Presbyterian Church",
        "lib_level": 0,
        "full_address": "1573 North Highland Ave, Jackson, TN 38301",
        "url": "www.fpcjacksontn.org",
        "google_maps_url": "https://maps.google.com/?cid=2184103476818396695",
        "size_bucket": "M",
        "affiliate": null
      }
    },
    {
      "id": "3762",
      "type": "Feature",
      "geometry": {
        "type": "Point",
        "coordinates": [
          -89.84055649999999,
          35.2166727
        ]
      },
      "properties": {
        "church_name": "Grace Presbyterian Church",
        "lib_level": 0,
        "full_address": "6671 Yale Rd, Bartlett, TN 38134-2550",
        "url": "www.grace-pres.org",
        "google_maps_url": "https://maps.google.com/?cid=10371866377786965844",
        "size_bucket": "S",
        "affiliate": null
      }
    },
    {
      "id": "3809",
      "type": "Feature",
      "geometry": {
        "type": "Point",
        "coordinates": [
          -87.7345758,
          41.9874543
        ]
      },
      "properties": {
        "church_name": "Korean United Presbyterian Church",
        "lib_level": 0,
        "full_address": "5909 N Rogers Ave, Chicago, IL 60025",
        "url": "www.kupc.org",
        "google_maps_url": "https://maps.google.com/?cid=17346816093483224860",
        "size_bucket": null,
        "affiliate": null
      }
    },
    {
      "id": "3842",
      "type": "Feature",
      "geometry": {
        "type": "Point",
        "coordinates": [
          -88.26190980000001,
          43.27255040000001
        ]
      },
      "properties": {
        "church_name": "First Presbyterian Church",
        "lib_level": 0,
        "full_address": "2281 Highway 164, Richfield, WI 53076",
        "url": "firstpresbyofrichfield.com",
        "google_maps_url": null,
        "size_bucket": "XS",
        "affiliate": null
      }
    },
    {
      "id": "3900",
      "type": "Feature",
      "geometry": {
        "type": "Point",
        "coordinates": [
          -97.8530686,
          30.5788055
        ]
      },
      "properties": {
        "church_name": "Leander Presbyterian Church",
        "lib_level": 1,
        "full_address": "101 W North St, Leander, TX 78646",
        "url": "www.leanderpresbyterianchurch.org",
        "google_maps_url": null,
        "size_bucket": "XS",
        "affiliate": null
      }
    },
    {
      "id": "3905",
      "type": "Feature",
      "geometry": {
        "type": "Point",
        "coordinates": [
          -97.7046321,
          26.1831751
        ]
      },
      "properties": {
        "church_name": "Second Presbyterian Church",
        "lib_level": 0,
        "full_address": "901 W Lincoln, Harlingen, TX 78550-1302",
        "url": "www.segunda.presbychurch.org",
        "google_maps_url": null,
        "size_bucket": "XS",
        "affiliate": null
      }
    },
    {
      "id": "3908",
      "type": "Feature",
      "geometry": {
        "type": "Point",
        "coordinates": [
          -98.4925214,
          28.9627141
        ]
      },
      "properties": {
        "church_name": "First Presbyterian Church",
        "lib_level": 0,
        "full_address": "435 N Bryant, Pleasanton, TX 78064",
        "url": "fpcpleasanton@gmail.com",
        "google_maps_url": null,
        "size_bucket": "XS",
        "affiliate": null
      }
    },
    {
      "id": "3910",
      "type": "Feature",
      "geometry": {
        "type": "Point",
        "coordinates": [
          -97.7528748,
          30.3343861
        ]
      },
      "properties": {
        "church_name": "Covenant Presbyterian Church",
        "lib_level": 0,
        "full_address": "3003 Northland Dr, Austin, TX 78757-5036",
        "url": "www.covenant.org",
        "google_maps_url": "https://maps.google.com/?cid=8555463569893139002",
        "size_bucket": "L",
        "affiliate": null
      }
    },
    {
      "id": "3911",
      "type": "Feature",
      "geometry": {
        "type": "Point",
        "coordinates": [
          -97.798582,
          30.2730973
        ]
      },
      "properties": {
        "church_name": "Westlake Hills Presbyterian Church",
        "lib_level": 1,
        "full_address": "7127 Bee Caves Rd, Austin, TX 78746",
        "url": "www.whpc.org",
        "google_maps_url": null,
        "size_bucket": "L",
        "affiliate": null
      }
    },
    {
      "id": "3912",
      "type": "Feature",
      "geometry": {
        "type": "Point",
        "coordinates": [
          -98.4770377,
          29.5773105
        ]
      },
      "properties": {
        "church_name": "San Pedro Presbyterian Church",
        "lib_level": 1,
        "full_address": "14900 San Pedro Ave, San Antonio, TX 78232-3711",
        "url": "https://www.sanpedrochurch.com",
        "google_maps_url": null,
        "size_bucket": "M",
        "affiliate": null
      }
    },
    {
      "id": "3917",
      "type": "Feature",
      "geometry": {
        "type": "Point",
        "coordinates": [
          -98.7316697,
          29.781137
        ]
      },
      "properties": {
        "church_name": "St Mark Presbyterian Church",
        "lib_level": 1,
        "full_address": "208 W Bandera Rd, Boerne, TX 78006",
        "url": "www.stmarktx.org",
        "google_maps_url": null,
        "size_bucket": "M",
        "affiliate": null
      }
    },
    {
      "id": "3918",
      "type": "Feature",
      "geometry": {
        "type": "Point",
        "coordinates": [
          -98.1372842,
          29.7078188
        ]
      },
      "properties": {
        "church_name": "New Braunfels Presbyterian Church",
        "lib_level": 0,
        "full_address": "373 Howard St, New Braunfels, TX 78130-5329",
        "url": "www.nbpres.org",
        "google_maps_url": null,
        "size_bucket": "M",
        "affiliate": null
      }
    },
    {
      "id": "3923",
      "type": "Feature",
      "geometry": {
        "type": "Point",
        "coordinates": [
          -97.7445674,
          30.7021967
        ]
      },
      "properties": {
        "church_name": "San Gabriel Presbyterian Church",
        "lib_level": 1,
        "full_address": "5404 Williams Dr, Georgetown, TX 78633",
        "url": "sgpcgeorgetown.org",
        "google_maps_url": null,
        "size_bucket": "M",
        "affiliate": null
      }
    },
    {
      "id": "3925",
      "type": "Feature",
      "geometry": {
        "type": "Point",
        "coordinates": [
          -97.8813076,
          31.1192675
        ]
      },
      "properties": {
        "church_name": "First Presbyterian Church",
        "lib_level": 0,
        "full_address": "704 Martin L King Jr Dr, Copperas Cove, TX 76522-2535",
        "url": "www.fpccove.org",
        "google_maps_url": null,
        "size_bucket": "M",
        "affiliate": null
      }
    },
    {
      "id": "3926",
      "type": "Feature",
      "geometry": {
        "type": "Point",
        "coordinates": [
          -98.0835559,
          30.1794168
        ]
      },
      "properties": {
        "church_name": "Dripping Springs Presbyterian Church",
        "lib_level": 0,
        "full_address": "26650 RR 12, Dripping Springs, TX 78620",
        "url": "www.dspres.org",
        "google_maps_url": "https://maps.google.com/?cid=14306321278550581442",
        "size_bucket": "M",
        "affiliate": null
      }
    },
    {
      "id": "3927",
      "type": "Feature",
      "geometry": {
        "type": "Point",
        "coordinates": [
          -97.9462734,
          29.8836881
        ]
      },
      "properties": {
        "church_name": "First Presbyterian Church",
        "lib_level": 1,
        "full_address": "410 W Hutchison St, San Marcos, TX 78666",
        "url": "www.fpcsanmarcos.org",
        "google_maps_url": null,
        "size_bucket": "M",
        "affiliate": null
      }
    },
    {
      "id": "3928",
      "type": "Feature",
      "geometry": {
        "type": "Point",
        "coordinates": [
          -98.1142058,
          30.0068821
        ]
      },
      "properties": {
        "church_name": "Wimberley Presbyterian Church",
        "lib_level": 0,
        "full_address": "956 RR 2325, Wimberley, TX 78676",
        "url": "www.wimpres.org",
        "google_maps_url": "https://maps.google.com/?cid=15615818525136684928",
        "size_bucket": "M",
        "affiliate": null
      }
    },
    {
      "id": "3930",
      "type": "Feature",
      "geometry": {
        "type": "Point",
        "coordinates": [
          -98.66138989999999,
          29.4978159
        ]
      },
      "properties": {
        "church_name": "Northminster Presbyterian Church",
        "lib_level": 0,
        "full_address": "6800 Tezel Road, San Antonio, TX 78250",
        "url": "www.npcsatx.org",
        "google_maps_url": null,
        "size_bucket": "S",
        "affiliate": null
      }
    },
    {
      "id": "3934",
      "type": "Feature",
      "geometry": {
        "type": "Point",
        "coordinates": [
          -97.0519197,
          28.0278077
        ]
      },
      "properties": {
        "church_name": "First Presbyterian Church",
        "lib_level": 0,
        "full_address": "301 Hwy 35 N, Rockport, TX 78382-2734",
        "url": "www.rockportpresbyterian.org",
        "google_maps_url": null,
        "size_bucket": "S",
        "affiliate": null
      }
    },
    {
      "id": "3935",
      "type": "Feature",
      "geometry": {
        "type": "Point",
        "coordinates": [
          -98.3579632,
          29.5893669
        ]
      },
      "properties": {
        "church_name": "Holy Trinity Presbyterian Church",
        "lib_level": 0,
        "full_address": "16245 Nacogdoches Rd, San Antonio, TX 78247-1004",
        "url": "holytrinitypres.org",
        "google_maps_url": "https://maps.google.com/?cid=490077442418501323",
        "size_bucket": "S",
        "affiliate": null
      }
    },
    {
      "id": "3936",
      "type": "Feature",
      "geometry": {
        "type": "Point",
        "coordinates": [
          -97.230091,
          27.596495
        ]
      },
      "properties": {
        "church_name": "Island Presbyterian Church",
        "lib_level": 1,
        "full_address": "14030 Fortuna Bay Dr, Corpus Christi, TX 78418",
        "url": "www.islandpresby.com",
        "google_maps_url": null,
        "size_bucket": "S",
        "affiliate": null
      }
    },
    {
      "id": "3937",
      "type": "Feature",
      "geometry": {
        "type": "Point",
        "coordinates": [
          -98.2657076,
          30.5758607
        ]
      },
      "properties": {
        "church_name": "St Andrew Presbyterian Church",
        "lib_level": 1,
        "full_address": "201 FM 1431 E, Marble Falls, TX 78654-5301",
        "url": "www.standrewmarblefalls.com",
        "google_maps_url": null,
        "size_bucket": "S",
        "affiliate": null
      }
    },
    {
      "id": "3940",
      "type": "Feature",
      "geometry": {
        "type": "Point",
        "coordinates": [
          -98.5490985,
          29.5154854
        ]
      },
      "properties": {
        "church_name": "St Andrew Presbyterian Church",
        "lib_level": 1,
        "full_address": "8231 Callaghan Rd, San Antonio, TX 78230-4722",
        "url": "www.saintandrewsatx.com",
        "google_maps_url": null,
        "size_bucket": "S",
        "affiliate": null
      }
    },
    {
      "id": "3943",
      "type": "Feature",
      "geometry": {
        "type": "Point",
        "coordinates": [
          -97.3551634,
          27.6703496
        ]
      },
      "properties": {
        "church_name": "Faith Community Presbyterian Church",
        "lib_level": 0,
        "full_address": "2902 Roddfield Rd, Corpus Christi, TX 78414",
        "url": "https://www.facebook.com/faithcommunitychurchcctx/",
        "google_maps_url": null,
        "size_bucket": "S",
        "affiliate": null
      }
    },
    {
      "id": "3944",
      "type": "Feature",
      "geometry": {
        "type": "Point",
        "coordinates": [
          -98.9532794,
          29.7305572
        ]
      },
      "properties": {
        "church_name": "Pipe Creek Presbyterian Church",
        "lib_level": 1,
        "full_address": "8589 State Hwy 16 S, San Antonio, TX 78063",
        "url": "www.pipecreeklittlerrockchurch.org",
        "google_maps_url": null,
        "size_bucket": "S",
        "affiliate": null
      }
    },
    {
      "id": "3947",
      "type": "Feature",
      "geometry": {
        "type": "Point",
        "coordinates": [
          -98.2140407,
          29.8426792
        ]
      },
      "properties": {
        "church_name": "Canyon Lake Presbyterian Church",
        "lib_level": 0,
        "full_address": "230 Shepherd Hill Dr, Canyon Lake, TX 78133",
        "url": "www.canyonlakepres.org",
        "google_maps_url": "https://maps.google.com/?cid=16177676644530249504",
        "size_bucket": "S",
        "affiliate": null
      }
    },
    {
      "id": "3950",
      "type": "Feature",
      "geometry": {
        "type": "Point",
        "coordinates": [
          -97.500316,
          25.9065362
        ]
      },
      "properties": {
        "church_name": "Primera Iglesia-Mexico Presbyterian Church",
        "lib_level": 1,
        "full_address": "616 E Jefferson St, Brownsville, TX 78523",
        "url": null,
        "google_maps_url": null,
        "size_bucket": "S",
        "affiliate": null
      }
    },
    {
      "id": "3956",
      "type": "Feature",
      "geometry": {
        "type": "Point",
        "coordinates": [
          -97.75237519999999,
          28.408646
        ]
      },
      "properties": {
        "church_name": "First Presbyterian Church",
        "lib_level": 1,
        "full_address": "908 N Washington, Beeville, TX 78102-2998",
        "url": "https://www.facebook.com/FirstPresbyterianChurchBeeville/",
        "google_maps_url": null,
        "size_bucket": "S",
        "affiliate": null
      }
    },
    {
      "id": "3963",
      "type": "Feature",
      "geometry": {
        "type": "Point",
        "coordinates": [
          -97.8708383,
          27.5165874
        ]
      },
      "properties": {
        "church_name": "First Presbyterian Church",
        "lib_level": 1,
        "full_address": "302 W Kleberg Ave, Kingsville, TX 78363",
        "url": "https://www.facebook.com/p/1st-Presbyterian-Church-Kingsville-61558768866601/",
        "google_maps_url": null,
        "size_bucket": "XS",
        "affiliate": null
      }
    },
    {
      "id": "3965",
      "type": "Feature",
      "geometry": {
        "type": "Point",
        "coordinates": [
          -96.9993317,
          28.817372
        ]
      },
      "properties": {
        "church_name": "First Presbyterian Church",
        "lib_level": 1,
        "full_address": "2408 N Navarro, Victoria, TX 77901",
        "url": "fpcofvictoria.org",
        "google_maps_url": null,
        "size_bucket": "XS",
        "affiliate": null
      }
    },
    {
      "id": "3966",
      "type": "Feature",
      "geometry": {
        "type": "Point",
        "coordinates": [
          -98.5427156,
          29.4635737
        ]
      },
      "properties": {
        "church_name": "Grace Presbyterian Church",
        "lib_level": 0,
        "full_address": "950 Donaldson, San Antonio, TX 78228",
        "url": null,
        "google_maps_url": null,
        "size_bucket": "XS",
        "affiliate": null
      }
    },
    {
      "id": "3967",
      "type": "Feature",
      "geometry": {
        "type": "Point",
        "coordinates": [
          -96.63436,
          28.62328
        ]
      },
      "properties": {
        "church_name": "First Presbyterian Church",
        "lib_level": 1,
        "full_address": "1111 N Virginia St, Port Lavaca, TX 77979-2501",
        "url": null,
        "google_maps_url": null,
        "size_bucket": "XS",
        "affiliate": null
      }
    },
    {
      "id": "3968",
      "type": "Feature",
      "geometry": {
        "type": "Point",
        "coordinates": [
          -96.93637100000001,
          30.1827159
        ]
      },
      "properties": {
        "church_name": "First Presbyterian Church",
        "lib_level": 1,
        "full_address": "192 S Grimes St, Giddings, TX, United States, 78942",
        "url": "https://www.facebook.com/p/First-Presbyterian-Church-Giddings-61583849094079/",
        "google_maps_url": null,
        "size_bucket": "XS",
        "affiliate": null
      }
    },
    {
      "id": "3969",
      "type": "Feature",
      "geometry": {
        "type": "Point",
        "coordinates": [
          -98.2283585,
          30.75823759999999
        ]
      },
      "properties": {
        "church_name": "Burnet Presbyterian Church",
        "lib_level": 1,
        "full_address": "101 S Pierce St, Burnet, TX 78611",
        "url": null,
        "google_maps_url": null,
        "size_bucket": "XS",
        "affiliate": null
      }
    },
    {
      "id": "3971",
      "type": "Feature",
      "geometry": {
        "type": "Point",
        "coordinates": [
          -96.2138571,
          28.7038754
        ]
      },
      "properties": {
        "church_name": "First Presbyterian Church",
        "lib_level": 1,
        "full_address": "501 3rd St, Palacios, TX 77465",
        "url": "palaciospresbyterian.org",
        "google_maps_url": null,
        "size_bucket": "XS",
        "affiliate": null
      }
    },
    {
      "id": "3990",
      "type": "Feature",
      "geometry": {
        "type": "Point",
        "coordinates": [
          -97.94991990000001,
          29.5710216
        ]
      },
      "properties": {
        "church_name": "First Presbyterian Church",
        "lib_level": 0,
        "full_address": "305 N King, Seguin, TX 78156",
        "url": "www.firstpresseguin.org",
        "google_maps_url": null,
        "size_bucket": null,
        "affiliate": null
      }
    },
    {
      "id": "3991",
      "type": "Feature",
      "geometry": {
        "type": "Point",
        "coordinates": [
          -97.93963029999999,
          29.8742483
        ]
      },
      "properties": {
        "church_name": "Memorial Presbyterian Church",
        "lib_level": 0,
        "full_address": "104 Lee St, San Marcos, TX 78666",
        "url": "https://mpcsm.churchtrac.com/,",
        "google_maps_url": null,
        "size_bucket": null,
        "affiliate": null
      }
    },
    {
      "id": "3998",
      "type": "Feature",
      "geometry": {
        "type": "Point",
        "coordinates": [
          -98.6756592,
          30.7449458
        ]
      },
      "properties": {
        "church_name": "First Presbyterian Church",
        "lib_level": 1,
        "full_address": "1306 Ford St, Llano, TX 78643",
        "url": "https://www.facebook.com/HistoricLlanoPresbyterianChurch/",
        "google_maps_url": null,
        "size_bucket": null,
        "affiliate": null
      }
    },
    {
      "id": "3999",
      "type": "Feature",
      "geometry": {
        "type": "Point",
        "coordinates": [
          -99.5005448,
          27.5090049
        ]
      },
      "properties": {
        "church_name": "Sinai Presbyterian Church",
        "lib_level": 1,
        "full_address": "420 Washington St, Laredo, TX 78040-4545",
        "url": null,
        "google_maps_url": null,
        "size_bucket": null,
        "affiliate": null
      }
    },
    {
      "id": "4002",
      "type": "Feature",
      "geometry": {
        "type": "Point",
        "coordinates": [
          -99.7720109,
          30.4893555
        ]
      },
      "properties": {
        "church_name": "First Presbyterian Church",
        "lib_level": 1,
        "full_address": "201 S. 11th Street, Junction, TX 76849",
        "url": "https://fpcjunction.blogspot.com",
        "google_maps_url": null,
        "size_bucket": null,
        "affiliate": null
      }
    },
    {
      "id": "4004",
      "type": "Feature",
      "geometry": {
        "type": "Point",
        "coordinates": [
          -98.87246209999999,
          30.2837667
        ]
      },
      "properties": {
        "church_name": "Memorial Presbyterian Church",
        "lib_level": 1,
        "full_address": "601 N Milam St, Fredericksburg, TX 78624",
        "url": "www.fredericksburgpresbyterian.org",
        "google_maps_url": null,
        "size_bucket": null,
        "affiliate": null
      }
    },
    {
      "id": "4005",
      "type": "Feature",
      "geometry": {
        "type": "Point",
        "coordinates": [
          -97.2874312,
          29.0914199
        ]
      },
      "properties": {
        "church_name": "First Presbyterian Church",
        "lib_level": 1,
        "full_address": "302 N McLeod, Cuero, TX 77954",
        "url": "www.cuerofpc.org",
        "google_maps_url": null,
        "size_bucket": null,
        "affiliate": null
      }
    },
    {
      "id": "4007",
      "type": "Feature",
      "geometry": {
        "type": "Point",
        "coordinates": [
          -97.73272539999999,
          30.2593306
        ]
      },
      "properties": {
        "church_name": "El Buen Pastor Presbyterian Church",
        "lib_level": 0,
        "full_address": "1200 Willow, Austin, TX 78702-4341",
        "url": "https://www.elbuenpastorpc.org/about-us",
        "google_maps_url": null,
        "size_bucket": null,
        "affiliate": null
      }
    },
    {
      "id": "4012",
      "type": "Feature",
      "geometry": {
        "type": "Point",
        "coordinates": [
          -98.18169569999999,
          31.06378399999999
        ]
      },
      "properties": {
        "church_name": "First Adamsville Presbyterian Church",
        "lib_level": 1,
        "full_address": "401 South Chestnut Street, Lampasas, TX   76550",
        "url": "https://firstpresbyterianlampasas.nextmeta.com/mission-statement",
        "google_maps_url": null,
        "size_bucket": null,
        "affiliate": null
      }
    },
    {
      "id": "4013",
      "type": "Feature",
      "geometry": {
        "type": "Point",
        "coordinates": [
          -97.51690669999999,
          29.2831778
        ]
      },
      "properties": {
        "church_name": "Pilgrim Presbyterian Church",
        "lib_level": 1,
        "full_address": "621 CR210, Smiley, TX 78159",
        "url": null,
        "google_maps_url": null,
        "size_bucket": null,
        "affiliate": null
      }
    },
    {
      "id": "4015",
      "type": "Feature",
      "geometry": {
        "type": "Point",
        "coordinates": [
          -97.28915680000001,
          29.0938652
        ]
      },
      "properties": {
        "church_name": "Cheapside Presbyterian Church",
        "lib_level": 1,
        "full_address": "7141 FM 2067, Cuero, TX 77954",
        "url": "https://bpcburnet.org",
        "google_maps_url": "https://maps.google.com/?cid=14497588365833485875",
        "size_bucket": null,
        "affiliate": null
      }
    },
    {
      "id": "4019",
      "type": "Feature",
      "geometry": {
        "type": "Point",
        "coordinates": [
          -88.6255384,
          30.3862411
        ]
      },
      "properties": {
        "church_name": "Gautier Presbyterian Church",
        "lib_level": 1,
        "full_address": "1009 Hwy 90 E, Gautier, MS 39553-5508",
        "url": "gautierpres.org",
        "google_maps_url": "https://maps.google.com/?cid=8724762271980215821",
        "size_bucket": "XS",
        "affiliate": null
      }
    },
    {
      "id": "4022",
      "type": "Feature",
      "geometry": {
        "type": "Point",
        "coordinates": [
          -91.3849211,
          31.5329356
        ]
      },
      "properties": {
        "church_name": "Westminster Presbyterian Church",
        "lib_level": 0,
        "full_address": "33 Fatherland Rd, Natchez, MS 39120-4736",
        "url": null,
        "google_maps_url": "https://maps.google.com/?cid=2653152760334620768",
        "size_bucket": "XS",
        "affiliate": null
      }
    },
    {
      "id": "4023",
      "type": "Feature",
      "geometry": {
        "type": "Point",
        "coordinates": [
          -89.1844203,
          32.3127262
        ]
      },
      "properties": {
        "church_name": "Pilgrim Grove Presbyterian Church",
        "lib_level": 1,
        "full_address": "1750 Pecan Rd, Newton, MS 39345",
        "url": null,
        "google_maps_url": "https://maps.google.com/?cid=2570845881338729372",
        "size_bucket": "XS",
        "affiliate": null
      }
    },
    {
      "id": "4024",
      "type": "Feature",
      "geometry": {
        "type": "Point",
        "coordinates": [
          -91.4040723,
          31.5587195
        ]
      },
      "properties": {
        "church_name": "First Presbyterian Church",
        "lib_level": 1,
        "full_address": "400 State St, Natchez, MS 39120-3475",
        "url": "fpcnatchez.org",
        "google_maps_url": "https://maps.google.com/?cid=8558116809026338723",
        "size_bucket": "M",
        "affiliate": null
      }
    },
    {
      "id": "4025",
      "type": "Feature",
      "geometry": {
        "type": "Point",
        "coordinates": [
          -89.3273612,
          31.3263904
        ]
      },
      "properties": {
        "church_name": "Westminster Presbyterian Church",
        "lib_level": 1,
        "full_address": "115 N 25th Ave, Hattiesburg, MS 39401",
        "url": "www.westminster-hattiesburg.com",
        "google_maps_url": "https://maps.google.com/?cid=7829913818395353081",
        "size_bucket": "M",
        "affiliate": null
      }
    },
    {
      "id": "4026",
      "type": "Feature",
      "geometry": {
        "type": "Point",
        "coordinates": [
          -90.1445257,
          32.3811558
        ]
      },
      "properties": {
        "church_name": "Briarwood Presbyterian Church",
        "lib_level": 1,
        "full_address": "620 Briarwood Dr, Jackson, MS 39211",
        "url": "www.briarwoodpres.org",
        "google_maps_url": "https://maps.google.com/?cid=15458421969022431153",
        "size_bucket": "S",
        "affiliate": null
      }
    },
    {
      "id": "4027",
      "type": "Feature",
      "geometry": {
        "type": "Point",
        "coordinates": [
          -90.4540328,
          31.2434624
        ]
      },
      "properties": {
        "church_name": "J J White Memorial Presbyterian Church",
        "lib_level": 1,
        "full_address": "110 3rd St, McComb, MS 39648",
        "url": "www.jjwhitememorial.org",
        "google_maps_url": "https://maps.google.com/?cid=1874487325212574384",
        "size_bucket": "S",
        "affiliate": null
      }
    },
    {
      "id": "4028",
      "type": "Feature",
      "geometry": {
        "type": "Point",
        "coordinates": [
          -88.6838818,
          32.452763
        ]
      },
      "properties": {
        "church_name": "Prospect Presbyterian Church",
        "lib_level": 1,
        "full_address": "7876 Poplar Springs Dr, Meridian, MS 39305",
        "url": null,
        "google_maps_url": "https://maps.google.com/?cid=6432484965449098939",
        "size_bucket": "S",
        "affiliate": null
      }
    },
    {
      "id": "4031",
      "type": "Feature",
      "geometry": {
        "type": "Point",
        "coordinates": [
          -90.1935503,
          32.3444062
        ]
      },
      "properties": {
        "church_name": "Faith Presbyterian Church",
        "lib_level": 1,
        "full_address": "3255 Bailey Ave, Jackson, MS 39283",
        "url": null,
        "google_maps_url": "https://maps.google.com/?cid=11555523263155280102",
        "size_bucket": "S",
        "affiliate": null
      }
    },
    {
      "id": "4032",
      "type": "Feature",
      "geometry": {
        "type": "Point",
        "coordinates": [
          -89.13148729999999,
          31.6949179
        ]
      },
      "properties": {
        "church_name": "First Trinity Presbyterian Church",
        "lib_level": 1,
        "full_address": "500 N 5th Ave, Laurel, MS 39440",
        "url": "www.first-trinity.org",
        "google_maps_url": "https://maps.google.com/?cid=2069343989668357258",
        "size_bucket": "S",
        "affiliate": null
      }
    },
    {
      "id": "4033",
      "type": "Feature",
      "geometry": {
        "type": "Point",
        "coordinates": [
          -89.3251894,
          30.313839
        ]
      },
      "properties": {
        "church_name": "Old Town Presbyterian Church",
        "lib_level": 1,
        "full_address": "114 Ulman Ave, Bay St Louis, MS 39520",
        "url": null,
        "google_maps_url": "https://maps.google.com/?cid=17354592585999898617",
        "size_bucket": "XS",
        "affiliate": null
      }
    },
    {
      "id": "4034",
      "type": "Feature",
      "geometry": {
        "type": "Point",
        "coordinates": [
          -89.02820890000001,
          30.39897089999999
        ]
      },
      "properties": {
        "church_name": "Handsboro Presbyterian Church",
        "lib_level": 1,
        "full_address": "1304 E Pass Rd, Gulfport, MS 39507",
        "url": null,
        "google_maps_url": "https://maps.google.com/?cid=2758808719465178847",
        "size_bucket": "XS",
        "affiliate": null
      }
    },
    {
      "id": "4035",
      "type": "Feature",
      "geometry": {
        "type": "Point",
        "coordinates": [
          -90.1692298,
          32.379132
        ]
      },
      "properties": {
        "church_name": "St Luke's Presbyterian Church",
        "lib_level": 0,
        "full_address": "260 Presto Ln, Jackson, MS 39206",
        "url": "www.stlukespcusa.org/",
        "google_maps_url": "https://maps.google.com/?cid=4666779425070352331",
        "size_bucket": "XS",
        "affiliate": null
      }
    },
    {
      "id": "4036",
      "type": "Feature",
      "geometry": {
        "type": "Point",
        "coordinates": [
          -88.5900235,
          30.9251869
        ]
      },
      "properties": {
        "church_name": "First Presbyterian Church",
        "lib_level": 1,
        "full_address": "210 Park St, Lucedale, MS 39452, USA",
        "url": null,
        "google_maps_url": "https://maps.google.com/?cid=17577411902030305021",
        "size_bucket": "XS",
        "affiliate": null
      }
    },
    {
      "id": "4037",
      "type": "Feature",
      "geometry": {
        "type": "Point",
        "coordinates": [
          -89.2163277,
          30.3521416
        ]
      },
      "properties": {
        "church_name": "Pineville Presbyterian Church",
        "lib_level": 1,
        "full_address": "4476 Menge Ave, Pass Christian, MS 39571-4227",
        "url": null,
        "google_maps_url": "https://maps.google.com/?cid=7055426157149634759",
        "size_bucket": "XS",
        "affiliate": null
      }
    },
    {
      "id": "4038",
      "type": "Feature",
      "geometry": {
        "type": "Point",
        "coordinates": [
          -89.5352959,
          30.8384232
        ]
      },
      "properties": {
        "church_name": "Ruth Memorial Presbyterian Church",
        "lib_level": 1,
        "full_address": "809 Julia St, Poplarville, MS 39470",
        "url": null,
        "google_maps_url": "https://maps.google.com/?cid=3026592165515211589",
        "size_bucket": "XS",
        "affiliate": null
      }
    },
    {
      "id": "4042",
      "type": "Feature",
      "geometry": {
        "type": "Point",
        "coordinates": [
          -88.7224447,
          32.3806817
        ]
      },
      "properties": {
        "church_name": "Jones Memorial Presbyterian Church",
        "lib_level": 1,
        "full_address": "4415 Royal Rd, Meridian, MS 39307",
        "url": null,
        "google_maps_url": "https://maps.google.com/?cid=4006842260718516250",
        "size_bucket": null,
        "affiliate": null
      }
    },
    {
      "id": "4053",
      "type": "Feature",
      "geometry": {
        "type": "Point",
        "coordinates": [
          -95.9975856,
          41.2656284
        ]
      },
      "properties": {
        "church_name": "Dundee Presbyterian Church",
        "lib_level": 0,
        "full_address": "5312 Underwood Ave, Omaha, NE 68132-2197",
        "url": "www.dpcomaha.org",
        "google_maps_url": null,
        "size_bucket": "M",
        "affiliate": null
      }
    },
    {
      "id": "4070",
      "type": "Feature",
      "geometry": {
        "type": "Point",
        "coordinates": [
          -95.92920199999999,
          40.9148691
        ]
      },
      "properties": {
        "church_name": "Murray Presbyterian Church",
        "lib_level": 0,
        "full_address": "105 W Main St, Murray, NE 68409",
        "url": "www.murraypresbyterian.org",
        "google_maps_url": "https://maps.google.com/?cid=12864486265155206129",
        "size_bucket": "S",
        "affiliate": null
      }
    },
    {
      "id": "4082",
      "type": "Feature",
      "geometry": {
        "type": "Point",
        "coordinates": [
          -96.039405,
          41.2309964
        ]
      },
      "properties": {
        "church_name": "West Hills Presbyterian Church",
        "lib_level": 0,
        "full_address": "3015 S 82nd Ave, Omaha, NE 68124",
        "url": "www.whcomaha.org",
        "google_maps_url": "https://maps.google.com/?cid=18249411688308025048",
        "size_bucket": null,
        "affiliate": null
      }
    },
    {
      "id": "4097",
      "type": "Feature",
      "geometry": {
        "type": "Point",
        "coordinates": [
          -93.6197552,
          40.0790971
        ]
      },
      "properties": {
        "church_name": "Hodge Presbyterian Church",
        "lib_level": 0,
        "full_address": "315 W Crowder Rd, Trenton, MO 64683",
        "url": "www.hodgepresbyterianchurch.org",
        "google_maps_url": "https://maps.google.com/?cid=6426398547896723322",
        "size_bucket": "S",
        "affiliate": null
      }
    },
    {
      "id": "4105",
      "type": "Feature",
      "geometry": {
        "type": "Point",
        "coordinates": [
          -92.44357199999999,
          39.4211763
        ]
      },
      "properties": {
        "church_name": "Coates Street Presbyterian Church",
        "lib_level": 1,
        "full_address": "601 W Coates St, Moberly, MO 65270",
        "url": "coatesstreetpresbyterianchurch.com",
        "google_maps_url": "https://maps.google.com/?cid=676657697319301883",
        "size_bucket": "S",
        "affiliate": null
      }
    },
    {
      "id": "4202",
      "type": "Feature",
      "geometry": {
        "type": "Point",
        "coordinates": [
          -75.7824133,
          41.3303174
        ]
      },
      "properties": {
        "church_name": "Second Presbyterian Church",
        "lib_level": 1,
        "full_address": "143 Parsonage St, Pittston, PA 18640",
        "url": null,
        "google_maps_url": "https://maps.google.com/?cid=15255214795283373178",
        "size_bucket": null,
        "affiliate": null
      }
    },
    {
      "id": "4206",
      "type": "Feature",
      "geometry": {
        "type": "Point",
        "coordinates": [
          -81.78845919999999,
          40.8403031
        ]
      },
      "properties": {
        "church_name": "First Presbyterian Church",
        "lib_level": 1,
        "full_address": "1830 W Market St, Orrville, OH 44667-1358",
        "url": null,
        "google_maps_url": "https://maps.google.com/?cid=5155104078066766610",
        "size_bucket": "XS",
        "affiliate": null
      }
    },
    {
      "id": "4210",
      "type": "Feature",
      "geometry": {
        "type": "Point",
        "coordinates": [
          -82.5842301,
          40.6776389
        ]
      },
      "properties": {
        "church_name": "Lexington Presbyterian Church",
        "lib_level": 0,
        "full_address": "35 Church St W, Lexington, OH 44904",
        "url": null,
        "google_maps_url": null,
        "size_bucket": "XS",
        "affiliate": null
      }
    },
    {
      "id": "4217",
      "type": "Feature",
      "geometry": {
        "type": "Point",
        "coordinates": [
          -82.66522719999999,
          40.9942623
        ]
      },
      "properties": {
        "church_name": "First Presbyterian Church",
        "lib_level": 0,
        "full_address": "29 Plymouth St, Plymouth, OH 44865",
        "url": null,
        "google_maps_url": "https://maps.google.com/?cid=13467056056548959339",
        "size_bucket": "XS",
        "affiliate": null
      }
    },
    {
      "id": "4223",
      "type": "Feature",
      "geometry": {
        "type": "Point",
        "coordinates": [
          -81.4440357,
          40.87132829999999
        ]
      },
      "properties": {
        "church_name": "John Knox Presbyterian Church",
        "lib_level": 0,
        "full_address": "5155 Eastlake St NW, North Canton, OH 44720",
        "url": "www.jkpc.org",
        "google_maps_url": "https://maps.google.com/?cid=6488325519545198635",
        "size_bucket": "M",
        "affiliate": null
      }
    },
    {
      "id": "4227",
      "type": "Feature",
      "geometry": {
        "type": "Point",
        "coordinates": [
          -81.4565267,
          39.420928
        ]
      },
      "properties": {
        "church_name": "First Presbyterian Church",
        "lib_level": 1,
        "full_address": "501 4th St, Marietta, OH 45750-1943",
        "url": "www.fpcmariettaoh.org",
        "google_maps_url": "https://maps.google.com/?cid=17294603281799368286",
        "size_bucket": "S",
        "affiliate": null
      }
    },
    {
      "id": "4229",
      "type": "Feature",
      "geometry": {
        "type": "Point",
        "coordinates": [
          -81.86470709999999,
          40.274546
        ]
      },
      "properties": {
        "church_name": "Coshocton Presbyterian Church",
        "lib_level": 1,
        "full_address": "142 N 4th St, Coshocton, OH 43812",
        "url": null,
        "google_maps_url": "https://maps.google.com/?cid=13875566648710044839",
        "size_bucket": "S",
        "affiliate": null
      }
    },
    {
      "id": "4233",
      "type": "Feature",
      "geometry": {
        "type": "Point",
        "coordinates": [
          -81.6107968,
          39.2850229
        ]
      },
      "properties": {
        "church_name": "Pioneer Presbyterian Church",
        "lib_level": 1,
        "full_address": "873 Farson St, Belpre, OH 45714-1009",
        "url": "www.pioneerpc.org",
        "google_maps_url": "https://maps.google.com/?cid=5660595078361448232",
        "size_bucket": "S",
        "affiliate": null
      }
    },
    {
      "id": "4234",
      "type": "Feature",
      "geometry": {
        "type": "Point",
        "coordinates": [
          -81.590599,
          40.0264558
        ]
      },
      "properties": {
        "church_name": "Cambridge Presbyterian Church",
        "lib_level": 1,
        "full_address": "725 Steubenville Ave, Cambridge, OH 43725",
        "url": null,
        "google_maps_url": "https://maps.google.com/?cid=10093384313620416878",
        "size_bucket": null,
        "affiliate": null
      }
    },
    {
      "id": "4235",
      "type": "Feature",
      "geometry": {
        "type": "Point",
        "coordinates": [
          -82.3171666,
          40.8701336
        ]
      },
      "properties": {
        "church_name": "First Presbyterian Church",
        "lib_level": 0,
        "full_address": "320 Church St, Ashland, OH 44805",
        "url": "www.ashlandfpc.org",
        "google_maps_url": "https://maps.google.com/?cid=8750925508676875601",
        "size_bucket": "S",
        "affiliate": null
      }
    },
    {
      "id": "4236",
      "type": "Feature",
      "geometry": {
        "type": "Point",
        "coordinates": [
          -81.7904994,
          40.9744439
        ]
      },
      "properties": {
        "church_name": "Milton Presbyterian Church",
        "lib_level": 0,
        "full_address": "250 North St, Milton, OH 44270",
        "url": "www.miltonpreschurch.org",
        "google_maps_url": "https://maps.google.com/?cid=14013228278862057588",
        "size_bucket": "S",
        "affiliate": null
      }
    },
    {
      "id": "4237",
      "type": "Feature",
      "geometry": {
        "type": "Point",
        "coordinates": [
          -81.9178053,
          40.55309039999999
        ]
      },
      "properties": {
        "church_name": "First Presbyterian Church",
        "lib_level": 0,
        "full_address": "90 S Clay St, Millersburg, OH 44654-1363",
        "url": "www.millersburgfirst.com",
        "google_maps_url": "https://maps.google.com/?cid=6116715491163285455",
        "size_bucket": "S",
        "affiliate": null
      }
    },
    {
      "id": "4238",
      "type": "Feature",
      "geometry": {
        "type": "Point",
        "coordinates": [
          -81.8995602,
          40.9577781
        ]
      },
      "properties": {
        "church_name": "Creston Presbyterian Church",
        "lib_level": 0,
        "full_address": "13070 Cleveland Rd, Creston, OH 44217",
        "url": "www.crestonpresbyterian.org",
        "google_maps_url": "https://maps.google.com/?cid=12651866892136543470",
        "size_bucket": "S",
        "affiliate": null
      }
    },
    {
      "id": "4246",
      "type": "Feature",
      "geometry": {
        "type": "Point",
        "coordinates": [
          -81.33377159999999,
          40.393432
        ]
      },
      "properties": {
        "church_name": "First Presbyterian Church",
        "lib_level": 0,
        "full_address": "301 Grant St, Dennison, OH 44621",
        "url": null,
        "google_maps_url": "https://maps.google.com/?cid=7663194180656186152",
        "size_bucket": "XS",
        "affiliate": null
      }
    },
    {
      "id": "4247",
      "type": "Feature",
      "geometry": {
        "type": "Point",
        "coordinates": [
          -81.5185202,
          39.7480701
        ]
      },
      "properties": {
        "church_name": "First Presbyterian Church",
        "lib_level": 0,
        "full_address": "532 North St, Caldwell, OH 43724-1122",
        "url": null,
        "google_maps_url": null,
        "size_bucket": "XS",
        "affiliate": null
      }
    },
    {
      "id": "4252",
      "type": "Feature",
      "geometry": {
        "type": "Point",
        "coordinates": [
          -82.5141168,
          40.6206071
        ]
      },
      "properties": {
        "church_name": "Bellville Presbyterian Church",
        "lib_level": 1,
        "full_address": "118 Markey St, Bellville, OH 44822",
        "url": "none",
        "google_maps_url": "https://maps.google.com/?cid=1510562366752227928",
        "size_bucket": "XS",
        "affiliate": null
      }
    },
    {
      "id": "4254",
      "type": "Feature",
      "geometry": {
        "type": "Point",
        "coordinates": [
          -81.40427170000001,
          40.8761543
        ]
      },
      "properties": {
        "church_name": "Northminster Presbyterian Church",
        "lib_level": 1,
        "full_address": "237 W Maple St, North Canton, OH 44720-2715",
        "url": "www.northminsterlife.org",
        "google_maps_url": "https://maps.google.com/?cid=10216535580270449017",
        "size_bucket": "XS",
        "affiliate": null
      }
    },
    {
      "id": "4255",
      "type": "Feature",
      "geometry": {
        "type": "Point",
        "coordinates": [
          -81.3454934,
          40.3951601
        ]
      },
      "properties": {
        "church_name": "First Presbyterian Church",
        "lib_level": 0,
        "full_address": "633 N Main St, Uhrichsville, OH 44683",
        "url": "1stpresuhrichsville.wordpress.com/home-2/",
        "google_maps_url": "https://maps.google.com/?cid=15288737961778598135",
        "size_bucket": "XS",
        "affiliate": null
      }
    },
    {
      "id": "4256",
      "type": "Feature",
      "geometry": {
        "type": "Point",
        "coordinates": [
          -81.90181419999999,
          40.4500895
        ]
      },
      "properties": {
        "church_name": "Clark Presbyterian Church",
        "lib_level": 0,
        "full_address": "1344 SR 83, Millersburg, OH 44654",
        "url": "www.clarkmillersburgchurch.com",
        "google_maps_url": "https://maps.google.com/?cid=1976750268601231613",
        "size_bucket": "XS",
        "affiliate": null
      }
    },
    {
      "id": "4258",
      "type": "Feature",
      "geometry": {
        "type": "Point",
        "coordinates": [
          -81.8624767,
          41.0136824
        ]
      },
      "properties": {
        "church_name": "Seville Presbyterian Church",
        "lib_level": 0,
        "full_address": "101 Center St, Seville, OH 44273",
        "url": null,
        "google_maps_url": "https://maps.google.com/?cid=3397707067709191233",
        "size_bucket": "XS",
        "affiliate": null
      }
    },
    {
      "id": "4269",
      "type": "Feature",
      "geometry": {
        "type": "Point",
        "coordinates": [
          -81.089586,
          40.5732001
        ]
      },
      "properties": {
        "church_name": "Carrollton United Presbyterian Church",
        "lib_level": 1,
        "full_address": "265 2nd St SW, Carrollton, OH 44615",
        "url": null,
        "google_maps_url": "https://maps.google.com/?cid=10665533534065744359",
        "size_bucket": null,
        "affiliate": null
      }
    },
    {
      "id": "4278",
      "type": "Feature",
      "geometry": {
        "type": "Point",
        "coordinates": [
          -81.51651269999999,
          39.74785079999999
        ]
      },
      "properties": {
        "church_name": "Sharon Presbyterian Church",
        "lib_level": 0,
        "full_address": "15700 Sharon Twp 85, Caldwell, OH 43724",
        "url": null,
        "google_maps_url": "https://maps.google.com/?cid=2276587312557834292",
        "size_bucket": null,
        "affiliate": null
      }
    },
    {
      "id": "4284",
      "type": "Feature",
      "geometry": {
        "type": "Point",
        "coordinates": [
          -77.0808644,
          38.9417652
        ]
      },
      "properties": {
        "church_name": "National Presbyterian Church",
        "lib_level": 1,
        "full_address": "4101 Nebraska Ave NW, Washington, DC 20016-2735",
        "url": "www.nationalpres.org",
        "google_maps_url": "https://maps.google.com/?cid=2671626557901254749",
        "size_bucket": "XL",
        "affiliate": null
      }
    },
    {
      "id": "4285",
      "type": "Feature",
      "geometry": {
        "type": "Point",
        "coordinates": [
          -77.26413339999999,
          38.9038518
        ]
      },
      "properties": {
        "church_name": "Vienna Presbyterian Church",
        "lib_level": 0,
        "full_address": "124 Park St NE, Vienna, VA 22180-4601",
        "url": "www.viennapres.org",
        "google_maps_url": "https://maps.google.com/?cid=3113559352908909713",
        "size_bucket": "XL",
        "affiliate": null
      }
    },
    {
      "id": "4286",
      "type": "Feature",
      "geometry": {
        "type": "Point",
        "coordinates": [
          -77.0734828,
          38.8292064
        ]
      },
      "properties": {
        "church_name": "Westminster Presbyterian Church",
        "lib_level": 0,
        "full_address": "2701 Cameron Mills Rd, Alexandria, VA 22302-2806",
        "url": "www.wpc-alex.org",
        "google_maps_url": "https://maps.google.com/?cid=12823900261797516103",
        "size_bucket": "L",
        "affiliate": null
      }
    },
    {
      "id": "4289",
      "type": "Feature",
      "geometry": {
        "type": "Point",
        "coordinates": [
          -76.5052556,
          38.3106003
        ]
      },
      "properties": {
        "church_name": "Patuxent Presbyterian Church",
        "lib_level": 0,
        "full_address": "23421 Kingston Creek Rd, California, MD 20619-4425",
        "url": "www.paxpres.org",
        "google_maps_url": "https://maps.google.com/?cid=6846965216575816788",
        "size_bucket": "M",
        "affiliate": null
      }
    },
    {
      "id": "4292",
      "type": "Feature",
      "geometry": {
        "type": "Point",
        "coordinates": [
          -76.99493369999999,
          39.0040083
        ]
      },
      "properties": {
        "church_name": "Silver Spring Presbyterian Church",
        "lib_level": 0,
        "full_address": "580 University Blvd E, Silver Spring, MD 20901",
        "url": "www.sspc-pcusa.com",
        "google_maps_url": "https://maps.google.com/?cid=5860652834214001560",
        "size_bucket": "M",
        "affiliate": null
      }
    },
    {
      "id": "4294",
      "type": "Feature",
      "geometry": {
        "type": "Point",
        "coordinates": [
          -77.13161819999999,
          39.0020148
        ]
      },
      "properties": {
        "church_name": "Bradley Hills Presbyterian Church",
        "lib_level": 0,
        "full_address": "6601 Bradley Blvd, Bethesda, MD 20817",
        "url": "www.bradleyhillschurch.org",
        "google_maps_url": "https://maps.google.com/?cid=11962130115523582156",
        "size_bucket": "M",
        "affiliate": null
      }
    },
    {
      "id": "4296",
      "type": "Feature",
      "geometry": {
        "type": "Point",
        "coordinates": [
          -77.291214,
          38.6399464
        ]
      },
      "properties": {
        "church_name": "Ebenezer Presbyterian Church",
        "lib_level": 1,
        "full_address": "14508 Telegraph Rd, Woodbridge, VA 22193",
        "url": "www.ebenezerpresby.org",
        "google_maps_url": "https://maps.google.com/?cid=17598871812808473272",
        "size_bucket": "M",
        "affiliate": null
      }
    },
    {
      "id": "4322",
      "type": "Feature",
      "geometry": {
        "type": "Point",
        "coordinates": [
          -77.48497909999999,
          39.0385564
        ]
      },
      "properties": {
        "church_name": "Ashburn Presbyterian Church",
        "lib_level": 0,
        "full_address": "20962 Ashburn Rd, Ashburn, VA 20147",
        "url": "www.ashburnpres.org",
        "google_maps_url": "https://maps.google.com/?cid=2475992266746175061",
        "size_bucket": "S",
        "affiliate": null
      }
    },
    {
      "id": "4385",
      "type": "Feature",
      "geometry": {
        "type": "Point",
        "coordinates": [
          -118.624578,
          38.5246441
        ]
      },
      "properties": {
        "church_name": "Community Presbyterian Church",
        "lib_level": 1,
        "full_address": "7th St, Hawthorne, NV 89415, USA",
        "url": null,
        "google_maps_url": "https://maps.google.com/?cid=471777374397600599",
        "size_bucket": "XS",
        "affiliate": null
      }
    },
    {
      "id": "4386",
      "type": "Feature",
      "geometry": {
        "type": "Point",
        "coordinates": [
          -118.4323818,
          37.3610205
        ]
      },
      "properties": {
        "church_name": "Valley Presbyterian Church",
        "lib_level": 1,
        "full_address": "2912 W Line St, Bishop, CA 93514-2144",
        "url": null,
        "google_maps_url": "https://maps.google.com/?cid=15648107093189258277",
        "size_bucket": "XS",
        "affiliate": null
      }
    },
    {
      "id": "4387",
      "type": "Feature",
      "geometry": {
        "type": "Point",
        "coordinates": [
          -114.96449,
          41.1115888
        ]
      },
      "properties": {
        "church_name": "Wells Presbyterian Church",
        "lib_level": 1,
        "full_address": "PO Box 251, Wells, NV 89835, USA",
        "url": null,
        "google_maps_url": "https://maps.google.com/?cid=5362344027095539423",
        "size_bucket": "XS",
        "affiliate": null
      }
    },
    {
      "id": "4388",
      "type": "Feature",
      "geometry": {
        "type": "Point",
        "coordinates": [
          -115.282462,
          36.2099181
        ]
      },
      "properties": {
        "church_name": "Mountain View Presbyterian Church",
        "lib_level": 0,
        "full_address": "8601 Del Webb Blvd, Las Vegas, NV 89134",
        "url": "mviewpc.org",
        "google_maps_url": "https://maps.google.com/?cid=15800057766727077918",
        "size_bucket": "L",
        "affiliate": null
      }
    },
    {
      "id": "4389",
      "type": "Feature",
      "geometry": {
        "type": "Point",
        "coordinates": [
          -115.0642068,
          36.0337919
        ]
      },
      "properties": {
        "church_name": "Green Valley Presbyterian Church",
        "lib_level": 1,
        "full_address": "1798 Wigwam Pkwy, Henderson, NV 89074",
        "url": "www.greenvalleypres.com",
        "google_maps_url": "https://maps.google.com/?cid=4476033280835940323",
        "size_bucket": "M",
        "affiliate": null
      }
    },
    {
      "id": "4394",
      "type": "Feature",
      "geometry": {
        "type": "Point",
        "coordinates": [
          -114.1099707,
          36.8093124
        ]
      },
      "properties": {
        "church_name": "Valley Presbyterian Church",
        "lib_level": 1,
        "full_address": "350 Falcon Ridge Pk #702, Mesquite, NV 89027-8880",
        "url": "vpcmesquite.org",
        "google_maps_url": "https://maps.google.com/?cid=11871631643993680946",
        "size_bucket": "S",
        "affiliate": null
      }
    },
    {
      "id": "4396",
      "type": "Feature",
      "geometry": {
        "type": "Point",
        "coordinates": [
          -114.9683802,
          36.0366305
        ]
      },
      "properties": {
        "church_name": "Henderson United Presbyterian Church",
        "lib_level": 0,
        "full_address": "601 N Major Ave, Henderson, NV 89015",
        "url": null,
        "google_maps_url": "https://maps.google.com/?cid=18214047152146429021",
        "size_bucket": null,
        "affiliate": null
      }
    },
    {
      "id": "4397",
      "type": "Feature",
      "geometry": {
        "type": "Point",
        "coordinates": [
          -115.1620974,
          36.1582998
        ]
      },
      "properties": {
        "church_name": "Sudanese Fellowship Presbyterian Church",
        "lib_level": 0,
        "full_address": "1515 W Charleston Blvd, Las Vegas, NV 89102",
        "url": null,
        "google_maps_url": null,
        "size_bucket": null,
        "affiliate": null
      }
    },
    {
      "id": "4400",
      "type": "Feature",
      "geometry": {
        "type": "Point",
        "coordinates": [
          -115.7769841,
          40.8359278
        ]
      },
      "properties": {
        "church_name": "First Presbyterian Church",
        "lib_level": 1,
        "full_address": "1559 Sewell Dr, Elko, NV 89801-2845",
        "url": "elkofirstpres.org",
        "google_maps_url": "https://maps.google.com/?cid=15567669559954815698",
        "size_bucket": "XS",
        "affiliate": null
      }
    },
    {
      "id": "4403",
      "type": "Feature",
      "geometry": {
        "type": "Point",
        "coordinates": [
          -115.1620974,
          36.1582998
        ]
      },
      "properties": {
        "church_name": "Taiwanese American Presbyterian Church",
        "lib_level": 0,
        "full_address": "1515 W Charleston Blvd, Las Vegas, NV 89102",
        "url": null,
        "google_maps_url": null,
        "size_bucket": "XS",
        "affiliate": null
      }
    },
    {
      "id": "4425",
      "type": "Feature",
      "geometry": {
        "type": "Point",
        "coordinates": [
          -75.82569300000002,
          39.609656
        ]
      },
      "properties": {
        "church_name": "Elkton Presbyterian Church",
        "lib_level": 0,
        "full_address": "209 E Main St, Elkton, MD 21921",
        "url": "elktonpresbyterian.com",
        "google_maps_url": "https://maps.google.com/?cid=14683957269301188578",
        "size_bucket": "S",
        "affiliate": null
      }
    },
    {
      "id": "4426",
      "type": "Feature",
      "geometry": {
        "type": "Point",
        "coordinates": [
          -75.218617,
          38.3230273
        ]
      },
      "properties": {
        "church_name": "Buckingham Presbyterian Church",
        "lib_level": 1,
        "full_address": "20 S Main St, Berlin, MD 21811",
        "url": "buckinghampcusa.org",
        "google_maps_url": "https://maps.google.com/?cid=6617846641291293816",
        "size_bucket": "S",
        "affiliate": null
      }
    },
    {
      "id": "4428",
      "type": "Feature",
      "geometry": {
        "type": "Point",
        "coordinates": [
          -75.6089312,
          39.299168
        ]
      },
      "properties": {
        "church_name": "First Presbyterian Church",
        "lib_level": 1,
        "full_address": "118 W Commerce St, Smyrna, DE 19977",
        "url": null,
        "google_maps_url": "https://maps.google.com/?cid=15460805873672928615",
        "size_bucket": "S",
        "affiliate": null
      }
    },
    {
      "id": "4458",
      "type": "Feature",
      "geometry": {
        "type": "Point",
        "coordinates": [
          -95.45313999999999,
          31.318109
        ]
      },
      "properties": {
        "church_name": "First Presbyterian Church",
        "lib_level": 1,
        "full_address": "713 E Houston Ave, Crockett, TX 75835",
        "url": null,
        "google_maps_url": null,
        "size_bucket": "XS",
        "affiliate": null
      }
    },
    {
      "id": "4459",
      "type": "Feature",
      "geometry": {
        "type": "Point",
        "coordinates": [
          -94.18210599999999,
          30.3404649
        ]
      },
      "properties": {
        "church_name": "First Presbyterian Church",
        "lib_level": 1,
        "full_address": "855 Hwy 96 S, Silsbee, TX 77656",
        "url": null,
        "google_maps_url": null,
        "size_bucket": "XS",
        "affiliate": null
      }
    },
    {
      "id": "4461",
      "type": "Feature",
      "geometry": {
        "type": "Point",
        "coordinates": [
          -95.4394179,
          29.6143316
        ]
      },
      "properties": {
        "church_name": "Christ Presbyterian Church",
        "lib_level": 0,
        "full_address": "14630 White Heather Dr, Houston, TX 77045",
        "url": null,
        "google_maps_url": null,
        "size_bucket": "XS",
        "affiliate": null
      }
    },
    {
      "id": "4470",
      "type": "Feature",
      "geometry": {
        "type": "Point",
        "coordinates": [
          -96.6967895,
          30.5285131
        ]
      },
      "properties": {
        "church_name": "First Presbyterian Church",
        "lib_level": 1,
        "full_address": "600 W Buck, Caldwell, TX 77836",
        "url": null,
        "google_maps_url": null,
        "size_bucket": "XS",
        "affiliate": null
      }
    },
    {
      "id": "4471",
      "type": "Feature",
      "geometry": {
        "type": "Point",
        "coordinates": [
          -94.1402361,
          30.1230921
        ]
      },
      "properties": {
        "church_name": "Pioneer Presbyterian Church",
        "lib_level": 1,
        "full_address": "3750 E Lucus Dr, Beaumont, TX 77708",
        "url": "https://www.facebook.com/profile.php",
        "google_maps_url": null,
        "size_bucket": "XS",
        "affiliate": null
      }
    },
    {
      "id": "4472",
      "type": "Feature",
      "geometry": {
        "type": "Point",
        "coordinates": [
          -95.6410228,
          29.7879569
        ]
      },
      "properties": {
        "church_name": "Korean Central Presbyterian Church",
        "lib_level": 0,
        "full_address": "14311 Park Row, Houston, TX 77084",
        "url": "www.kcpch.org",
        "google_maps_url": null,
        "size_bucket": "XL",
        "affiliate": null
      }
    },
    {
      "id": "4473",
      "type": "Feature",
      "geometry": {
        "type": "Point",
        "coordinates": [
          -95.12545469999999,
          29.5739126
        ]
      },
      "properties": {
        "church_name": "Clear Lake Presbyterian Church",
        "lib_level": 0,
        "full_address": "1511 El Dorado Blvd, Houston, TX 77062-3499",
        "url": "www.clpc.org",
        "google_maps_url": "https://maps.google.com/?cid=7960474854581963446",
        "size_bucket": "L",
        "affiliate": null
      }
    },
    {
      "id": "4476",
      "type": "Feature",
      "geometry": {
        "type": "Point",
        "coordinates": [
          -95.76327049999999,
          29.7126565
        ]
      },
      "properties": {
        "church_name": "Grand Lakes Presbyterian Church",
        "lib_level": 0,
        "full_address": "6035 S. Fry Road, Katy, TX 77450",
        "url": "www.grandlakespc.org",
        "google_maps_url": "https://maps.google.com/?cid=2313365103374345668",
        "size_bucket": "M",
        "affiliate": null
      }
    },
    {
      "id": "4478",
      "type": "Feature",
      "geometry": {
        "type": "Point",
        "coordinates": [
          -95.42998399999999,
          29.717967
        ]
      },
      "properties": {
        "church_name": "St Andrew's Presbyterian Church",
        "lib_level": 0,
        "full_address": "5308 Buffalo Sdwy, Houston, TX 77005-2122",
        "url": "www.sahouston.com",
        "google_maps_url": null,
        "size_bucket": "M",
        "affiliate": null
      }
    },
    {
      "id": "4479",
      "type": "Feature",
      "geometry": {
        "type": "Point",
        "coordinates": [
          -95.4808988,
          29.9999852
        ]
      },
      "properties": {
        "church_name": "Northwoods Presbyterian Church",
        "lib_level": 1,
        "full_address": "3320 Cypress Creek Pkwy, Houston, TX 77068",
        "url": "www.northwoods.org",
        "google_maps_url": null,
        "size_bucket": "M",
        "affiliate": null
      }
    },
    {
      "id": "4482",
      "type": "Feature",
      "geometry": {
        "type": "Point",
        "coordinates": [
          -95.17864070000002,
          30.006388
        ]
      },
      "properties": {
        "church_name": "Atascocita Presbyterian Church",
        "lib_level": 0,
        "full_address": "19426 Atasca Oaks, Atascocita, TX 77346",
        "url": "www.apchumble.org",
        "google_maps_url": null,
        "size_bucket": "M",
        "affiliate": null
      }
    },
    {
      "id": "4483",
      "type": "Feature",
      "geometry": {
        "type": "Point",
        "coordinates": [
          -95.54096899999999,
          29.8055499
        ]
      },
      "properties": {
        "church_name": "Korean Young Nak Presbyterian Church",
        "lib_level": 0,
        "full_address": "10005 Neuens Rd, Houston, TX 77080",
        "url": "www.kypch.org",
        "google_maps_url": null,
        "size_bucket": "M",
        "affiliate": null
      }
    },
    {
      "id": "4485",
      "type": "Feature",
      "geometry": {
        "type": "Point",
        "coordinates": [
          -95.55935649999999,
          29.7749888
        ]
      },
      "properties": {
        "church_name": "Pines Presbyterian Church",
        "lib_level": 1,
        "full_address": "12751 Kimberley Dr, Houston, TX 77024-4097",
        "url": "www.pinespc.org",
        "google_maps_url": "https://maps.google.com/?cid=6734042622001793220",
        "size_bucket": "M",
        "affiliate": null
      }
    },
    {
      "id": "4486",
      "type": "Feature",
      "geometry": {
        "type": "Point",
        "coordinates": [
          -94.1430785,
          30.0945023
        ]
      },
      "properties": {
        "church_name": "St Andrews Presbyterian Church",
        "lib_level": 0,
        "full_address": "1350 N 23rd St, Beaumont, TX 77706",
        "url": "www.saintandy.org",
        "google_maps_url": null,
        "size_bucket": "M",
        "affiliate": null
      }
    },
    {
      "id": "4487",
      "type": "Feature",
      "geometry": {
        "type": "Point",
        "coordinates": [
          -95.57095849999999,
          29.0429174
        ]
      },
      "properties": {
        "church_name": "First Presbyterian Church",
        "lib_level": 0,
        "full_address": "310 S Virginia St, Brazoria, TX 77422",
        "url": "www.fpcbrazoria.org",
        "google_maps_url": null,
        "size_bucket": "M",
        "affiliate": null
      }
    },
    {
      "id": "4488",
      "type": "Feature",
      "geometry": {
        "type": "Point",
        "coordinates": [
          -95.617992,
          29.6292887
        ]
      },
      "properties": {
        "church_name": "First Presbyterian Church",
        "lib_level": 1,
        "full_address": "502 Eldridge Rd, Sugar Land, TX 77498",
        "url": "www.fpcsl.org",
        "google_maps_url": null,
        "size_bucket": "S",
        "affiliate": null
      }
    },
    {
      "id": "4491",
      "type": "Feature",
      "geometry": {
        "type": "Point",
        "coordinates": [
          -95.56046339999999,
          30.7136256
        ]
      },
      "properties": {
        "church_name": "First Presbyterian Church",
        "lib_level": 0,
        "full_address": "1801 19th St, Huntsville, TX 77340-4226",
        "url": "www.firstpreshuntsvilletx.org",
        "google_maps_url": null,
        "size_bucket": "S",
        "affiliate": null
      }
    },
    {
      "id": "4494",
      "type": "Feature",
      "geometry": {
        "type": "Point",
        "coordinates": [
          -95.4671324,
          29.6686611
        ]
      },
      "properties": {
        "church_name": "St Johns Presbyterian Church",
        "lib_level": 0,
        "full_address": "5020 W Bellfort Ave, Houston, TX 77035-3204",
        "url": "www.stjohnspresby.org",
        "google_maps_url": "https://maps.google.com/?cid=8157177445968726286",
        "size_bucket": "S",
        "affiliate": null
      }
    },
    {
      "id": "4495",
      "type": "Feature",
      "geometry": {
        "type": "Point",
        "coordinates": [
          -95.6410741,
          30.112117
        ]
      },
      "properties": {
        "church_name": "First Presbyterian Church",
        "lib_level": 0,
        "full_address": "30410 Tomball Pky, Tomball, TX 77375",
        "url": "www.fpctomball.org",
        "google_maps_url": null,
        "size_bucket": "S",
        "affiliate": null
      }
    },
    {
      "id": "4498",
      "type": "Feature",
      "geometry": {
        "type": "Point",
        "coordinates": [
          -95.26791320000001,
          29.557285
        ]
      },
      "properties": {
        "church_name": "First Presbyterian Church",
        "lib_level": 0,
        "full_address": "2930 E Broadway, Pearland, TX 77581",
        "url": "www.pearlandpres.org",
        "google_maps_url": null,
        "size_bucket": "S",
        "affiliate": null
      }
    },
    {
      "id": "4500",
      "type": "Feature",
      "geometry": {
        "type": "Point",
        "coordinates": [
          -96.40384019999999,
          30.1584848
        ]
      },
      "properties": {
        "church_name": "Brenham Presbyterian Church",
        "lib_level": 0,
        "full_address": "1005 Green St, Brenham, TX 77833",
        "url": "www.brenhampresbyterian.org",
        "google_maps_url": null,
        "size_bucket": "S",
        "affiliate": null
      }
    },
    {
      "id": "4501",
      "type": "Feature",
      "geometry": {
        "type": "Point",
        "coordinates": [
          -94.9631813,
          29.7648556
        ]
      },
      "properties": {
        "church_name": "Faith Presbyterian Church",
        "lib_level": 1,
        "full_address": "3900 N Main, Baytown, TX 77521",
        "url": "www.faithpresbyterianbaytown.org",
        "google_maps_url": null,
        "size_bucket": "S",
        "affiliate": null
      }
    },
    {
      "id": "4503",
      "type": "Feature",
      "geometry": {
        "type": "Point",
        "coordinates": [
          -93.73813489999999,
          30.093464
        ]
      },
      "properties": {
        "church_name": "First Presbyterian Church",
        "lib_level": 0,
        "full_address": "902 Green Ave, Orange, TX 77630",
        "url": "www.firstpresorange.com",
        "google_maps_url": null,
        "size_bucket": "S",
        "affiliate": null
      }
    },
    {
      "id": "4506",
      "type": "Feature",
      "geometry": {
        "type": "Point",
        "coordinates": [
          -95.38830380000002,
          29.7959913
        ]
      },
      "properties": {
        "church_name": "Iglesia Cristiana Latina Presbyterian Church",
        "lib_level": 1,
        "full_address": "1331 Studewood St, Houston, TX 77008-4575",
        "url": "https://www.facebook.com/iglesialatinapresbiteriana/",
        "google_maps_url": null,
        "size_bucket": "S",
        "affiliate": null
      }
    },
    {
      "id": "4507",
      "type": "Feature",
      "geometry": {
        "type": "Point",
        "coordinates": [
          -94.7313099,
          31.3162058
        ]
      },
      "properties": {
        "church_name": "First Presbyterian Church",
        "lib_level": 1,
        "full_address": "607 Janeway, Lufkin, TX 75904-4661",
        "url": "www.fpclufkin.org",
        "google_maps_url": null,
        "size_bucket": "S",
        "affiliate": null
      }
    },
    {
      "id": "4510",
      "type": "Feature",
      "geometry": {
        "type": "Point",
        "coordinates": [
          -95.46113199999999,
          30.1657654
        ]
      },
      "properties": {
        "church_name": "Bitsarang NCD Presbyterian Church",
        "lib_level": 0,
        "full_address": "4881 West Panther Creek Dr., The Woodlands, TX, United States, 77381",
        "url": "https://www.facebook.com/BitsarangWoodlandsChurch/",
        "google_maps_url": null,
        "size_bucket": null,
        "affiliate": null
      }
    },
    {
      "id": "4513",
      "type": "Feature",
      "geometry": {
        "type": "Point",
        "coordinates": [
          -94.93268289999999,
          30.7153557
        ]
      },
      "properties": {
        "church_name": "First Presbyterian Church",
        "lib_level": 1,
        "full_address": "910 N Washington, Livingston, TX 77351-2332",
        "url": "www.fpclivingston.com",
        "google_maps_url": null,
        "size_bucket": "S",
        "affiliate": null
      }
    },
    {
      "id": "4514",
      "type": "Feature",
      "geometry": {
        "type": "Point",
        "coordinates": [
          -95.9678864,
          28.9811955
        ]
      },
      "properties": {
        "church_name": "First Presbyterian Church",
        "lib_level": 0,
        "full_address": "2216 Avenue H, Bay City, TX 77414-5125",
        "url": "www.fpcbaycity.org",
        "google_maps_url": "https://maps.google.com/?cid=2966007119407507726",
        "size_bucket": "S",
        "affiliate": null
      }
    },
    {
      "id": "4515",
      "type": "Feature",
      "geometry": {
        "type": "Point",
        "coordinates": [
          -94.8396428,
          31.8169215
        ]
      },
      "properties": {
        "church_name": "First Of Trawick Presbyterian Church",
        "lib_level": 0,
        "full_address": "13461 FM 343, Cushing, TX 75760-5732",
        "url": null,
        "google_maps_url": null,
        "size_bucket": "S",
        "affiliate": null
      }
    },
    {
      "id": "4516",
      "type": "Feature",
      "geometry": {
        "type": "Point",
        "coordinates": [
          -94.67423540000001,
          30.7149479
        ]
      },
      "properties": {
        "church_name": "Indian Presbyterian Church",
        "lib_level": 1,
        "full_address": "1072 Colabe Rd, Livingston, TX 77351",
        "url": "https://www.facebook.com/p/Indian-Presbyterian-Church",
        "google_maps_url": null,
        "size_bucket": "S",
        "affiliate": null
      }
    },
    {
      "id": "4517",
      "type": "Feature",
      "geometry": {
        "type": "Point",
        "coordinates": [
          -95.5461839,
          29.8167152
        ]
      },
      "properties": {
        "church_name": "John Knox Presbyterian Church",
        "lib_level": 1,
        "full_address": "2525 N Gessner, Houston, TX 77080",
        "url": "www.johnknoxhouston.org",
        "google_maps_url": null,
        "size_bucket": "S",
        "affiliate": null
      }
    },
    {
      "id": "4518",
      "type": "Feature",
      "geometry": {
        "type": "Point",
        "coordinates": [
          -95.2509003,
          29.4213951
        ]
      },
      "properties": {
        "church_name": "First Presbyterian Church",
        "lib_level": 1,
        "full_address": "302 S Johnson St, Alvin, TX 77511",
        "url": "www.fpcalvin.org",
        "google_maps_url": "https://maps.google.com/?cid=3616641296406003458",
        "size_bucket": "S",
        "affiliate": null
      }
    },
    {
      "id": "4520",
      "type": "Feature",
      "geometry": {
        "type": "Point",
        "coordinates": [
          -95.6452249,
          29.1438582
        ]
      },
      "properties": {
        "church_name": "Bethel Presbyterian Church",
        "lib_level": 0,
        "full_address": "119 CR 300G, West Columbia, TX 77486",
        "url": "https://bethelpreswc.org/about-us/our-pastor/",
        "google_maps_url": null,
        "size_bucket": "XS",
        "affiliate": null
      }
    },
    {
      "id": "4521",
      "type": "Feature",
      "geometry": {
        "type": "Point",
        "coordinates": [
          -96.08615879999999,
          30.3871137
        ]
      },
      "properties": {
        "church_name": "First Presbyterian Church",
        "lib_level": 1,
        "full_address": "302 Nolan, Navasota, TX 77868",
        "url": null,
        "google_maps_url": null,
        "size_bucket": "XS",
        "affiliate": null
      }
    },
    {
      "id": "4522",
      "type": "Feature",
      "geometry": {
        "type": "Point",
        "coordinates": [
          -95.6450825,
          29.973549
        ]
      },
      "properties": {
        "church_name": "Heritage Presbyterian Church",
        "lib_level": 1,
        "full_address": "14139 Huffmeister Rd, Cypress, TX 77429",
        "url": "www.heritagepresbyterian.org",
        "google_maps_url": null,
        "size_bucket": "XS",
        "affiliate": null
      }
    },
    {
      "id": "4525",
      "type": "Feature",
      "geometry": {
        "type": "Point",
        "coordinates": [
          -95.3203539,
          29.7733202
        ]
      },
      "properties": {
        "church_name": "Pinecrest Presbyterian Church",
        "lib_level": 1,
        "full_address": "4913 Market St, Houston, TX 77020",
        "url": "https://l.facebook.com/l.php",
        "google_maps_url": null,
        "size_bucket": "XS",
        "affiliate": null
      }
    },
    {
      "id": "4526",
      "type": "Feature",
      "geometry": {
        "type": "Point",
        "coordinates": [
          -95.4882679,
          29.0620369
        ]
      },
      "properties": {
        "church_name": "Gulf Prairie Presbyterian Church",
        "lib_level": 1,
        "full_address": "231 N Gulf Prairie Rd, Freeport, TX 77541",
        "url": "https://www.facebook.com/gulfprairiechurch/",
        "google_maps_url": null,
        "size_bucket": "XS",
        "affiliate": null
      }
    },
    {
      "id": "4533",
      "type": "Feature",
      "geometry": {
        "type": "Point",
        "coordinates": [
          -95.3467166,
          30.5417293
        ]
      },
      "properties": {
        "church_name": "Waverly Presbyterian Church",
        "lib_level": 0,
        "full_address": "591 Browder Loop W, New Waverly, TX 77358-9501",
        "url": "https://www.waverlypresbyterian.org/home",
        "google_maps_url": null,
        "size_bucket": "XS",
        "affiliate": null
      }
    },
    {
      "id": "4535",
      "type": "Feature",
      "geometry": {
        "type": "Point",
        "coordinates": [
          -95.59210069999999,
          29.6417692
        ]
      },
      "properties": {
        "church_name": "Biyaya Community Presbyterian Church",
        "lib_level": 1,
        "full_address": "12322 Fern Meadow Dr, Stafford, TX 77477",
        "url": "www.biyaya.org",
        "google_maps_url": null,
        "size_bucket": null,
        "affiliate": null
      }
    },
    {
      "id": "4615",
      "type": "Feature",
      "geometry": {
        "type": "Point",
        "coordinates": [
          -78.6556532,
          35.8065351
        ]
      },
      "properties": {
        "church_name": "White Memorial Presbyterian Church",
        "lib_level": 1,
        "full_address": "1704 Oberlin Rd, Raleigh, NC 27608",
        "url": "www.whitememorial.org",
        "google_maps_url": "https://maps.google.com/?cid=4063126679276694670",
        "size_bucket": "XL",
        "affiliate": null
      }
    },
    {
      "id": "4617",
      "type": "Feature",
      "geometry": {
        "type": "Point",
        "coordinates": [
          -78.9213085,
          36.0079428
        ]
      },
      "properties": {
        "church_name": "Blacknall Memorial Presbyterian Church",
        "lib_level": 0,
        "full_address": "1902 Perry St, Durham, NC 27705-4810",
        "url": "www.blacknall.org",
        "google_maps_url": "https://maps.google.com/?cid=5226578373484366887",
        "size_bucket": "L",
        "affiliate": null
      }
    },
    {
      "id": "4618",
      "type": "Feature",
      "geometry": {
        "type": "Point",
        "coordinates": [
          -78.7849859,
          35.7622053
        ]
      },
      "properties": {
        "church_name": "Kirk of Kildaire Presbyterian Church",
        "lib_level": 1,
        "full_address": "200 High Meadow Dr, Cary, NC 27511",
        "url": "www.kirkofkildaire.org",
        "google_maps_url": "https://maps.google.com/?cid=17136606544848514805",
        "size_bucket": "L",
        "affiliate": null
      }
    },
    {
      "id": "4637",
      "type": "Feature",
      "geometry": {
        "type": "Point",
        "coordinates": [
          -77.05727809999999,
          35.5443392
        ]
      },
      "properties": {
        "church_name": "First Presbyterian Church",
        "lib_level": 0,
        "full_address": "211 W 2nd St, Washington, NC 27889",
        "url": "www.fpcwashington.org",
        "google_maps_url": "https://maps.google.com/?cid=1268950822542632779",
        "size_bucket": "M",
        "affiliate": null
      }
    },
    {
      "id": "4641",
      "type": "Feature",
      "geometry": {
        "type": "Point",
        "coordinates": [
          -77.7958385,
          35.9442183
        ]
      },
      "properties": {
        "church_name": "First Presbyterian Church",
        "lib_level": 0,
        "full_address": "153 N Church St, Rocky Mount, NC 27804-5402",
        "url": "www.fpcrm.org",
        "google_maps_url": "https://maps.google.com/?cid=61393127247792075",
        "size_bucket": "S",
        "affiliate": null
      }
    },
    {
      "id": "4642",
      "type": "Feature",
      "geometry": {
        "type": "Point",
        "coordinates": [
          -77.58060309999999,
          35.5967778
        ]
      },
      "properties": {
        "church_name": "Farmville Presbyterian Church",
        "lib_level": 1,
        "full_address": "4138 Grimmersburg St, Farmville, NC 27828",
        "url": "farmvillepres.org",
        "google_maps_url": "https://maps.google.com/?cid=7600205243369093800",
        "size_bucket": "S",
        "affiliate": null
      }
    },
    {
      "id": "4651",
      "type": "Feature",
      "geometry": {
        "type": "Point",
        "coordinates": [
          -79.0376129,
          36.1836926
        ]
      },
      "properties": {
        "church_name": "Little River Presbyterian Church",
        "lib_level": 1,
        "full_address": "4211 Little River Church Rd, Hurdle Mills, NC 27541",
        "url": null,
        "google_maps_url": "https://maps.google.com/?cid=5639725110688951239",
        "size_bucket": "S",
        "affiliate": null
      }
    },
    {
      "id": "4675",
      "type": "Feature",
      "geometry": {
        "type": "Point",
        "coordinates": [
          -78.3930975,
          35.6868527
        ]
      },
      "properties": {
        "church_name": "Discovery Presbyterian Church",
        "lib_level": 0,
        "full_address": "5586 Covered Bridge Rd, Clayton, NC 27527",
        "url": "www.discovery-church.com",
        "google_maps_url": "https://maps.google.com/?cid=1328709153743207485",
        "size_bucket": "XS",
        "affiliate": null
      }
    },
    {
      "id": "4696",
      "type": "Feature",
      "geometry": {
        "type": "Point",
        "coordinates": [
          -78.5277338,
          35.5656354
        ]
      },
      "properties": {
        "church_name": "Oakland Presbyterian Church",
        "lib_level": 1,
        "full_address": "8927 Cleveland Rd, Clayton, NC 27520",
        "url": "www.oaklandpresbyterianchurch.org",
        "google_maps_url": "https://maps.google.com/?cid=6050220205870649953",
        "size_bucket": null,
        "affiliate": null
      }
    },
    {
      "id": "4773",
      "type": "Feature",
      "geometry": {
        "type": "Point",
        "coordinates": [
          -74.112734,
          40.634982
        ]
      },
      "properties": {
        "church_name": "Calvary Presbyterian Church",
        "lib_level": 0,
        "full_address": "909 Castleton Ave, Staten Island, NY 10310",
        "url": null,
        "google_maps_url": "https://maps.google.com/?cid=8648462044186717362",
        "size_bucket": "XS",
        "affiliate": null
      }
    },
    {
      "id": "4805",
      "type": "Feature",
      "geometry": {
        "type": "Point",
        "coordinates": [
          -86.8378974,
          34.1725145
        ]
      },
      "properties": {
        "church_name": "First Presbyterian Church",
        "lib_level": 1,
        "full_address": "615 3rd Ave SE, Cullman, AL 35055",
        "url": "www.cullmanfpc.org",
        "google_maps_url": null,
        "size_bucket": "XS",
        "affiliate": null
      }
    },
    {
      "id": "4806",
      "type": "Feature",
      "geometry": {
        "type": "Point",
        "coordinates": [
          -85.9824173,
          34.0287835
        ]
      },
      "properties": {
        "church_name": "Trinity Presbyterian Church",
        "lib_level": 0,
        "full_address": "1003 Albert Rains Blvd, Gadsden, AL 35901",
        "url": null,
        "google_maps_url": "https://www.google.com/maps?cid=9942742543788078441",
        "size_bucket": "XS",
        "affiliate": true
      }
    },
    {
      "id": "4810",
      "type": "Feature",
      "geometry": {
        "type": "Point",
        "coordinates": [
          -86.5660972,
          34.7056712
        ]
      },
      "properties": {
        "church_name": "Covenant Presbyterian Church",
        "lib_level": 0,
        "full_address": "301 Drake Ave SE, Huntsville, AL 35802",
        "url": "www.covhsv.org",
        "google_maps_url": "https://www.google.com/maps?cid=9477609900022442748",
        "size_bucket": "M",
        "affiliate": true
      }
    },
    {
      "id": "4811",
      "type": "Feature",
      "geometry": {
        "type": "Point",
        "coordinates": [
          -87.67406330000001,
          34.8015967
        ]
      },
      "properties": {
        "church_name": "First Presbyterian Church",
        "lib_level": 1,
        "full_address": "224 E Mobile St, Florence, AL 35630",
        "url": "www.fpcflorence.org",
        "google_maps_url": "https://maps.google.com/?cid=7562198354481703689",
        "size_bucket": "S",
        "affiliate": null
      }
    },
    {
      "id": "4812",
      "type": "Feature",
      "geometry": {
        "type": "Point",
        "coordinates": [
          -86.74933329999999,
          34.7408227
        ]
      },
      "properties": {
        "church_name": "Grace Presbyterian Church",
        "lib_level": 1,
        "full_address": "5555 Wall Triana Hwy, Madison, AL 35758-7608",
        "url": "www.gracepcusa.org",
        "google_maps_url": "https://maps.google.com/?cid=12032692205357770842",
        "size_bucket": "S",
        "affiliate": null
      }
    },
    {
      "id": "4814",
      "type": "Feature",
      "geometry": {
        "type": "Point",
        "coordinates": [
          -86.9726153,
          34.8027878
        ]
      },
      "properties": {
        "church_name": "First Presbyterian Church",
        "lib_level": 0,
        "full_address": "112 S Jefferson St, Athens, AL 35611",
        "url": "fpcathens.org",
        "google_maps_url": "https://maps.google.com/?cid=3616768824606792938",
        "size_bucket": "S",
        "affiliate": null
      }
    },
    {
      "id": "4822",
      "type": "Feature",
      "geometry": {
        "type": "Point",
        "coordinates": [
          -86.2040013,
          34.257714
        ]
      },
      "properties": {
        "church_name": "First Presbyterian Church",
        "lib_level": 0,
        "full_address": "501 College St, Albertville, AL 35950",
        "url": "www.facebook.com/albertvillechurch",
        "google_maps_url": "https://maps.google.com/?cid=2987444792045013093",
        "size_bucket": "XS",
        "affiliate": null
      }
    },
    {
      "id": "4833",
      "type": "Feature",
      "geometry": {
        "type": "Point",
        "coordinates": [
          -121.8426949,
          39.7305699
        ]
      },
      "properties": {
        "church_name": "Bidwell Memorial Presbyterian Church",
        "lib_level": 0,
        "full_address": "208 W 1st St, Chico, CA 95928-5302",
        "url": "www.bidwellpres.org",
        "google_maps_url": "https://maps.google.com/?cid=10645158647478798790",
        "size_bucket": "L",
        "affiliate": null
      }
    },
    {
      "id": "4835",
      "type": "Feature",
      "geometry": {
        "type": "Point",
        "coordinates": [
          -121.5354678,
          38.5002596
        ]
      },
      "properties": {
        "church_name": "Faith Presbyterian Church",
        "lib_level": 0,
        "full_address": "625 Florin Rd, Sacramento, CA 95831-2607",
        "url": "www.faithpresby.org",
        "google_maps_url": "https://maps.google.com/?cid=14387968508862248136",
        "size_bucket": "M",
        "affiliate": null
      }
    },
    {
      "id": "4840",
      "type": "Feature",
      "geometry": {
        "type": "Point",
        "coordinates": [
          -120.8323074,
          37.5168489
        ]
      },
      "properties": {
        "church_name": "First Presbyterian Church",
        "lib_level": 0,
        "full_address": "2619 N Berkeley Ave, Turlock, CA 95382-9150",
        "url": "www.fpturlock.com",
        "google_maps_url": null,
        "size_bucket": "M",
        "affiliate": null
      }
    },
    {
      "id": "4851",
      "type": "Feature",
      "geometry": {
        "type": "Point",
        "coordinates": [
          -121.2969527,
          38.1344418
        ]
      },
      "properties": {
        "church_name": "Grace Presbyterian Church",
        "lib_level": 0,
        "full_address": "10 N Mills Ave, Lodi, CA 95242",
        "url": "www.gracelodi.org",
        "google_maps_url": "https://maps.google.com/?cid=16854346882109055220",
        "size_bucket": "S",
        "affiliate": null
      }
    },
    {
      "id": "4882",
      "type": "Feature",
      "geometry": {
        "type": "Point",
        "coordinates": [
          -92.91337399999999,
          42.0477201
        ]
      },
      "properties": {
        "church_name": "First Presbyterian Church",
        "lib_level": 0,
        "full_address": "101 S Center St, Marshalltown, IA 50158",
        "url": "www.fpcmarshalltown.org",
        "google_maps_url": "https://maps.google.com/?cid=2225777752136239516",
        "size_bucket": "M",
        "affiliate": null
      }
    },
    {
      "id": "4900",
      "type": "Feature",
      "geometry": {
        "type": "Point",
        "coordinates": [
          -93.9183295,
          42.7364922
        ]
      },
      "properties": {
        "church_name": "United Presbyterian Church",
        "lib_level": 0,
        "full_address": "220 E Oak St, Goldfield, IA 50542",
        "url": null,
        "google_maps_url": "https://maps.google.com/?cid=2076298627886866245",
        "size_bucket": "XS",
        "affiliate": null
      }
    },
    {
      "id": "4911",
      "type": "Feature",
      "geometry": {
        "type": "Point",
        "coordinates": [
          -92.9058647,
          43.2131233
        ]
      },
      "properties": {
        "church_name": "Eden Presbyterian Church",
        "lib_level": 0,
        "full_address": "3105 Glass Ave, Rudd, IA 50471",
        "url": null,
        "google_maps_url": "https://maps.google.com/?cid=3418872935109469793",
        "size_bucket": "XS",
        "affiliate": null
      }
    },
    {
      "id": "4919",
      "type": "Feature",
      "geometry": {
        "type": "Point",
        "coordinates": [
          -83.1062815,
          34.4381746
        ]
      },
      "properties": {
        "church_name": "Lavonia Presbyterian Church",
        "lib_level": 0,
        "full_address": "5610 Vickery St, Lavonia, GA 30553",
        "url": "lavoniagapc.org",
        "google_maps_url": "https://maps.google.com/?cid=18335944835059315521",
        "size_bucket": "XS",
        "affiliate": null
      }
    },
    {
      "id": "4922",
      "type": "Feature",
      "geometry": {
        "type": "Point",
        "coordinates": [
          -82.86894439999999,
          34.1067322
        ]
      },
      "properties": {
        "church_name": "First Presbyterian Church",
        "lib_level": 0,
        "full_address": "154 S McIntosh St, Elberton, GA 30635-2441",
        "url": null,
        "google_maps_url": "https://maps.google.com/?cid=12757870351761030955",
        "size_bucket": "XS",
        "affiliate": null
      }
    },
    {
      "id": "4929",
      "type": "Feature",
      "geometry": {
        "type": "Point",
        "coordinates": [
          -83.3912757,
          34.9659928
        ]
      },
      "properties": {
        "church_name": "Rabun Gap Presbyterian Church",
        "lib_level": 0,
        "full_address": "8397 Wolffork Rd, Rabun Gap, GA 30568",
        "url": "www.rabungappresbyterian.com",
        "google_maps_url": "https://maps.google.com/?cid=9778135844231307231",
        "size_bucket": "M",
        "affiliate": null
      }
    },
    {
      "id": "4933",
      "type": "Feature",
      "geometry": {
        "type": "Point",
        "coordinates": [
          -82.05460950000001,
          33.4833885
        ]
      },
      "properties": {
        "church_name": "Covenant Presbyterian Church",
        "lib_level": 1,
        "full_address": "3131 Walton Way, Augusta, GA 30909-3299",
        "url": "www.covenantaugusta.org",
        "google_maps_url": "https://maps.google.com/?cid=17045179645549674847",
        "size_bucket": "M",
        "affiliate": null
      }
    },
    {
      "id": "4934",
      "type": "Feature",
      "geometry": {
        "type": "Point",
        "coordinates": [
          -83.4511816,
          33.863693
        ]
      },
      "properties": {
        "church_name": "Oconee Presbyterian Church",
        "lib_level": 1,
        "full_address": "2601 Hog Mountain Rd, Watkinsville, GA 30677",
        "url": "www.opcusa.org",
        "google_maps_url": "https://maps.google.com/?cid=3131480035537708241",
        "size_bucket": "M",
        "affiliate": null
      }
    },
    {
      "id": "4935",
      "type": "Feature",
      "geometry": {
        "type": "Point",
        "coordinates": [
          -82.0799475,
          33.4859264
        ]
      },
      "properties": {
        "church_name": "St Andrew Presbyterian Church",
        "lib_level": 0,
        "full_address": "3551 Wheeler Rd, Augusta, GA 30909",
        "url": "www.standrewpc.com",
        "google_maps_url": "https://maps.google.com/?cid=2083366874265184575",
        "size_bucket": "M",
        "affiliate": null
      }
    },
    {
      "id": "4942",
      "type": "Feature",
      "geometry": {
        "type": "Point",
        "coordinates": [
          -83.4662025,
          34.2019003
        ]
      },
      "properties": {
        "church_name": "Commerce Presbyterian Church",
        "lib_level": 0,
        "full_address": "89 Lakeview Dr, Commerce, GA 30529",
        "url": "www.commercepres.com",
        "google_maps_url": null,
        "size_bucket": "S",
        "affiliate": null
      }
    },
    {
      "id": "4947",
      "type": "Feature",
      "geometry": {
        "type": "Point",
        "coordinates": [
          -83.4076888,
          33.9029772
        ]
      },
      "properties": {
        "church_name": "Friendship Presbyterian Church",
        "lib_level": 1,
        "full_address": "8531 Macon Hwy, Athens, GA 30606-5336",
        "url": "www.gotofriendship.org",
        "google_maps_url": "https://maps.google.com/?cid=3245155777620026339",
        "size_bucket": "XS",
        "affiliate": null
      }
    },
    {
      "id": "4949",
      "type": "Feature",
      "geometry": {
        "type": "Point",
        "coordinates": [
          -83.5761756,
          34.1199511
        ]
      },
      "properties": {
        "church_name": "Jefferson Presbyterian Church",
        "lib_level": 0,
        "full_address": "243 Washington St, Jefferson, GA 30549",
        "url": "jeffersonpc.org",
        "google_maps_url": "https://maps.google.com/?cid=16227185670258634593",
        "size_bucket": "XS",
        "affiliate": null
      }
    },
    {
      "id": "4962",
      "type": "Feature",
      "geometry": {
        "type": "Point",
        "coordinates": [
          -74.03057009999999,
          40.7659169
        ]
      },
      "properties": {
        "church_name": "Palisade Avenue Presbyterian Church",
        "lib_level": 0,
        "full_address": "301 23rd St, Union City, NJ 7087",
        "url": null,
        "google_maps_url": "https://maps.google.com/?cid=15035095011813579052",
        "size_bucket": "XS",
        "affiliate": null
      }
    },
    {
      "id": "4963",
      "type": "Feature",
      "geometry": {
        "type": "Point",
        "coordinates": [
          -74.0210419,
          40.8580136
        ]
      },
      "properties": {
        "church_name": "First Presbyterian Church",
        "lib_level": 1,
        "full_address": "227 Euclid Ave, Ridgefield Park, NJ 7660",
        "url": "www.ridgefieldparkchurch.org",
        "google_maps_url": null,
        "size_bucket": "XS",
        "affiliate": null
      }
    },
    {
      "id": "4973",
      "type": "Feature",
      "geometry": {
        "type": "Point",
        "coordinates": [
          -74.0159994,
          40.78331499999999
        ]
      },
      "properties": {
        "church_name": "Iglesia Methodista Presbyterian Church",
        "lib_level": 0,
        "full_address": "5305 Hudson Ave, West New York, NJ 07093-2615",
        "url": "www.iglesiapmu.org",
        "google_maps_url": null,
        "size_bucket": "XS",
        "affiliate": null
      }
    },
    {
      "id": "4988",
      "type": "Feature",
      "geometry": {
        "type": "Point",
        "coordinates": [
          -74.1444702,
          41.0590372
        ]
      },
      "properties": {
        "church_name": "First Presbyterian Church",
        "lib_level": 1,
        "full_address": "15 Shuart Ln, Ramsey, NJ 7446",
        "url": "www.ramseypc.org",
        "google_maps_url": "https://maps.google.com/?cid=10101918488861749275",
        "size_bucket": "S",
        "affiliate": null
      }
    },
    {
      "id": "4995",
      "type": "Feature",
      "geometry": {
        "type": "Point",
        "coordinates": [
          -74.1040082,
          40.9755759
        ]
      },
      "properties": {
        "church_name": "First Presbyterian Church",
        "lib_level": 0,
        "full_address": "722 E Ridgewood Ave, Ridgewood, NJ 07450-3907",
        "url": "www.firstpresridgewood.org",
        "google_maps_url": "https://maps.google.com/?cid=12760010775829367039",
        "size_bucket": "S",
        "affiliate": null
      }
    },
    {
      "id": "5029",
      "type": "Feature",
      "geometry": {
        "type": "Point",
        "coordinates": [
          -74.21824219999999,
          40.6908542
        ]
      },
      "properties": {
        "church_name": "Hillside Millenuim Presbyterian Church",
        "lib_level": 0,
        "full_address": "1141 Salem Ave, Hillside, NJ 7205",
        "url": "www.millenniumchurch.webly.org",
        "google_maps_url": "https://maps.google.com/?cid=11619832315550365011",
        "size_bucket": "XS",
        "affiliate": null
      }
    },
    {
      "id": "5032",
      "type": "Feature",
      "geometry": {
        "type": "Point",
        "coordinates": [
          -74.1639762,
          40.782007
        ]
      },
      "properties": {
        "church_name": "First Hispanic of Newark Presbyterian Church",
        "lib_level": 0,
        "full_address": "236 Verona Ave, Newark, NJ 7104",
        "url": null,
        "google_maps_url": null,
        "size_bucket": "XS",
        "affiliate": null
      }
    },
    {
      "id": "5033",
      "type": "Feature",
      "geometry": {
        "type": "Point",
        "coordinates": [
          -74.1040082,
          40.9755759
        ]
      },
      "properties": {
        "church_name": "Trinity Presbyterian Church",
        "lib_level": 0,
        "full_address": "722 E Ridgewood Ave, Ridgewood, NJ 7450",
        "url": "www.trinityfamily.org",
        "google_maps_url": null,
        "size_bucket": "XS",
        "affiliate": null
      }
    },
    {
      "id": "5121",
      "type": "Feature",
      "geometry": {
        "type": "Point",
        "coordinates": [
          -71.29857799999999,
          42.806199
        ]
      },
      "properties": {
        "church_name": "Windham Presbyterian Church",
        "lib_level": 0,
        "full_address": "1 Church Rd, Windham, NH 3087",
        "url": "www.windhamchurch.org",
        "google_maps_url": "https://maps.google.com/?cid=16558464330914634541",
        "size_bucket": "M",
        "affiliate": null
      }
    },
    {
      "id": "5137",
      "type": "Feature",
      "geometry": {
        "type": "Point",
        "coordinates": [
          -71.9387455,
          43.0306504
        ]
      },
      "properties": {
        "church_name": "First Presbyterian Church",
        "lib_level": 0,
        "full_address": "76 Main St, Antrim, NH 3440",
        "url": "www.fpcantrim.org",
        "google_maps_url": "https://maps.google.com/?cid=1964265607835715970",
        "size_bucket": "XS",
        "affiliate": null
      }
    },
    {
      "id": "5195",
      "type": "Feature",
      "geometry": {
        "type": "Point",
        "coordinates": [
          -103.7173526,
          46.3961205
        ]
      },
      "properties": {
        "church_name": "Lyle Presbyterian Church",
        "lib_level": 1,
        "full_address": "16010 70th St SW, Rhame, ND 58651",
        "url": "www.lylepresbyterian.com",
        "google_maps_url": "https://maps.google.com/?cid=7682856802253234038",
        "size_bucket": "XS",
        "affiliate": null
      }
    },
    {
      "id": "5199",
      "type": "Feature",
      "geometry": {
        "type": "Point",
        "coordinates": [
          -97.0432206,
          47.8671914
        ]
      },
      "properties": {
        "church_name": "First Presbyterian Church",
        "lib_level": 1,
        "full_address": "5555 S Washington St, Grand Forks, ND 58201",
        "url": "www.churchontheedge.net",
        "google_maps_url": "https://maps.google.com/?cid=17923557780145475125",
        "size_bucket": "M",
        "affiliate": null
      }
    },
    {
      "id": "5203",
      "type": "Feature",
      "geometry": {
        "type": "Point",
        "coordinates": [
          -100.8944886,
          46.8287214
        ]
      },
      "properties": {
        "church_name": "First Presbyterian Church",
        "lib_level": 1,
        "full_address": "310 3rd Ave NW, Mandan, ND 58554",
        "url": "1stpresbyterianmandan.com",
        "google_maps_url": "https://maps.google.com/?cid=15431400855441484844",
        "size_bucket": "S",
        "affiliate": null
      }
    },
    {
      "id": "5234",
      "type": "Feature",
      "geometry": {
        "type": "Point",
        "coordinates": [
          -92.09613039999999,
          46.791121
        ]
      },
      "properties": {
        "church_name": "First Presbyterian Church",
        "lib_level": 0,
        "full_address": "300 E 2nd St, Duluth, MN 55805",
        "url": "www.fpcduluth.org",
        "google_maps_url": "https://maps.google.com/?cid=2905865603614632947",
        "size_bucket": "XS",
        "affiliate": null
      }
    },
    {
      "id": "5322",
      "type": "Feature",
      "geometry": {
        "type": "Point",
        "coordinates": [
          -119.1460639,
          46.2085803
        ]
      },
      "properties": {
        "church_name": "First Presbyterian Church",
        "lib_level": 1,
        "full_address": "2001 W Kennewick Ave, Kennewick, WA 99336",
        "url": "www.kfpc.org",
        "google_maps_url": "https://maps.google.com/?cid=13139366668703200671",
        "size_bucket": "M",
        "affiliate": null
      }
    },
    {
      "id": "5325",
      "type": "Feature",
      "geometry": {
        "type": "Point",
        "coordinates": [
          -122.3604419,
          47.76602219999999
        ]
      },
      "properties": {
        "church_name": "Calvin Presbyterian Church",
        "lib_level": 0,
        "full_address": "18826 3rd Ave NW, Shoreline, WA 98177",
        "url": "www.calvinpc.org",
        "google_maps_url": "https://maps.google.com/?cid=6155451108498098336",
        "size_bucket": "M",
        "affiliate": null
      }
    },
    {
      "id": "5357",
      "type": "Feature",
      "geometry": {
        "type": "Point",
        "coordinates": [
          -122.1828339,
          47.7805332
        ]
      },
      "properties": {
        "church_name": "Community Ch of Seattle Presbyterian Church",
        "lib_level": 0,
        "full_address": "3727 240th St SE, Bothell, WA 98021-8975",
        "url": "www.hyungjae.org",
        "google_maps_url": null,
        "size_bucket": null,
        "affiliate": null
      }
    },
    {
      "id": "5389",
      "type": "Feature",
      "geometry": {
        "type": "Point",
        "coordinates": [
          -87.4066734,
          39.4683406
        ]
      },
      "properties": {
        "church_name": "Central Presbyterian Church",
        "lib_level": 1,
        "full_address": "125 N 7th St, Terre Haute, IN 47807-3101",
        "url": "www.thcpc.org",
        "google_maps_url": "https://maps.google.com/?cid=17339444910936141319",
        "size_bucket": "S",
        "affiliate": null
      }
    },
    {
      "id": "5400",
      "type": "Feature",
      "geometry": {
        "type": "Point",
        "coordinates": [
          -87.3977822,
          39.4115432
        ]
      },
      "properties": {
        "church_name": "Unity Presbyterian Church",
        "lib_level": 0,
        "full_address": "1207 E Springhill Dr, Terre Haute, IN 47802-4354",
        "url": "www.unitypresbyterian.net",
        "google_maps_url": "https://maps.google.com/?cid=8165914464666325372",
        "size_bucket": "XS",
        "affiliate": null
      }
    },
    {
      "id": "5432",
      "type": "Feature",
      "geometry": {
        "type": "Point",
        "coordinates": [
          -122.5457219,
          47.23586299999999
        ]
      },
      "properties": {
        "church_name": "University Place Presbyterian Church",
        "lib_level": 0,
        "full_address": "8101 27th St W, University Place, WA 98466",
        "url": "www.uppc.org",
        "google_maps_url": "https://maps.google.com/?cid=377062013125690585",
        "size_bucket": "L",
        "affiliate": null
      }
    },
    {
      "id": "5440",
      "type": "Feature",
      "geometry": {
        "type": "Point",
        "coordinates": [
          -122.9861972,
          46.7298167
        ]
      },
      "properties": {
        "church_name": "Harrison Square Presbyterian Church",
        "lib_level": 1,
        "full_address": "1227 Harrison Ave, Centralia, WA 98531-1854",
        "url": null,
        "google_maps_url": "https://maps.google.com/?cid=7236766486262886068",
        "size_bucket": "S",
        "affiliate": null
      }
    },
    {
      "id": "5446",
      "type": "Feature",
      "geometry": {
        "type": "Point",
        "coordinates": [
          -123.8216251,
          46.9782065
        ]
      },
      "properties": {
        "church_name": "First Presbyterian Church",
        "lib_level": 0,
        "full_address": "420 N Broadway St, Aberdeen, WA 98520-3937",
        "url": "www.aberdeenpres.org",
        "google_maps_url": "https://maps.google.com/?cid=14411784285194713079",
        "size_bucket": "S",
        "affiliate": null
      }
    },
    {
      "id": "5448",
      "type": "Feature",
      "geometry": {
        "type": "Point",
        "coordinates": [
          -122.308332,
          47.2423634
        ]
      },
      "properties": {
        "church_name": "Mission Woods Presbyterian Church",
        "lib_level": 0,
        "full_address": "2003 Taylor St, Milton, WA 98354",
        "url": "www.missionwoodschurch.org",
        "google_maps_url": "https://maps.google.com/?cid=12196398751457473881",
        "size_bucket": "S",
        "affiliate": null
      }
    },
    {
      "id": "5450",
      "type": "Feature",
      "geometry": {
        "type": "Point",
        "coordinates": [
          -122.9677539,
          46.6637034
        ]
      },
      "properties": {
        "church_name": "Westminster Presbyterian Church",
        "lib_level": 0,
        "full_address": "349 N Market Blvd, Chehalis, WA 98532",
        "url": "chehaliswpc.org",
        "google_maps_url": "https://maps.google.com/?cid=2347142740134582088",
        "size_bucket": "XS",
        "affiliate": null
      }
    },
    {
      "id": "5469",
      "type": "Feature",
      "geometry": {
        "type": "Point",
        "coordinates": [
          -118.4853014,
          34.1305185
        ]
      },
      "properties": {
        "church_name": "Bel Air Presbyterian Church",
        "lib_level": 0,
        "full_address": "16221 Mulholland Dr, Los Angeles, CA 90049-1134",
        "url": "www.belair.org",
        "google_maps_url": null,
        "size_bucket": "XL",
        "affiliate": null
      }
    },
    {
      "id": "5472",
      "type": "Feature",
      "geometry": {
        "type": "Point",
        "coordinates": [
          -118.3220431,
          34.1033108
        ]
      },
      "properties": {
        "church_name": "Hollywood First Presbyterian Church",
        "lib_level": 0,
        "full_address": "1760 N Gower St, Los Angeles, CA 90028-5498",
        "url": "www.fpch.org",
        "google_maps_url": "https://maps.google.com/?cid=1252650243206102564",
        "size_bucket": "M",
        "affiliate": null
      }
    },
    {
      "id": "5473",
      "type": "Feature",
      "geometry": {
        "type": "Point",
        "coordinates": [
          -118.4726187,
          34.0510098
        ]
      },
      "properties": {
        "church_name": "Brentwood Presbyterian Church",
        "lib_level": 0,
        "full_address": "12000 San Vicente Blvd, Los Angeles, CA 90049-4923",
        "url": "www.bpcusa.org",
        "google_maps_url": "https://maps.google.com/?cid=13354643056202543326",
        "size_bucket": "M",
        "affiliate": null
      }
    },
    {
      "id": "5475",
      "type": "Feature",
      "geometry": {
        "type": "Point",
        "coordinates": [
          -118.4256203,
          34.0280373
        ]
      },
      "properties": {
        "church_name": "St Johns of Rancho Park Presbyterian Church",
        "lib_level": 0,
        "full_address": "11000 National Blvd, Los Angeles, CA 90064",
        "url": "www.stjohnspres.org",
        "google_maps_url": null,
        "size_bucket": "M",
        "affiliate": null
      }
    },
    {
      "id": "5476",
      "type": "Feature",
      "geometry": {
        "type": "Point",
        "coordinates": [
          -118.4051794,
          34.0710711
        ]
      },
      "properties": {
        "church_name": "Beverly Hills Presbyterian Church",
        "lib_level": 0,
        "full_address": "505 N Rodeo Dr, Beverly Hills, CA 90210-3206",
        "url": "www.bhpc.org",
        "google_maps_url": "https://maps.google.com/?cid=15095624910381318061",
        "size_bucket": "M",
        "affiliate": null
      }
    },
    {
      "id": "5477",
      "type": "Feature",
      "geometry": {
        "type": "Point",
        "coordinates": [
          -118.3849749,
          33.8250211
        ]
      },
      "properties": {
        "church_name": "St Andrew Presbyterian Church",
        "lib_level": 0,
        "full_address": "301 Avenue D, Redondo Beach, CA 90277",
        "url": "www.sntandrews.org",
        "google_maps_url": "https://maps.google.com/?cid=10747300442874517859",
        "size_bucket": "M",
        "affiliate": null
      }
    },
    {
      "id": "5494",
      "type": "Feature",
      "geometry": {
        "type": "Point",
        "coordinates": [
          -118.3082948,
          33.7372222
        ]
      },
      "properties": {
        "church_name": "First Presbyterian Church",
        "lib_level": 1,
        "full_address": "731 South Averill Avenue, San Pedro, CA 90732",
        "url": "firstpressanpedro.org",
        "google_maps_url": "https://maps.google.com/?cid=14985241952227364076",
        "size_bucket": "S",
        "affiliate": null
      }
    },
    {
      "id": "5510",
      "type": "Feature",
      "geometry": {
        "type": "Point",
        "coordinates": [
          -118.3220431,
          34.1033108
        ]
      },
      "properties": {
        "church_name": "Fuente De Vida Presbyterian Church",
        "lib_level": 0,
        "full_address": "1760 N Gower St, Hollywood, CA 90028",
        "url": null,
        "google_maps_url": null,
        "size_bucket": null,
        "affiliate": null
      }
    },
    {
      "id": "5521",
      "type": "Feature",
      "geometry": {
        "type": "Point",
        "coordinates": [
          -98.92552409999999,
          32.751198
        ]
      },
      "properties": {
        "church_name": "First Presbyterian Church",
        "lib_level": 1,
        "full_address": "1601 W Elliott St, Breckenridge, TX 76424",
        "url": "www.fpcbreckenridge.org",
        "google_maps_url": null,
        "size_bucket": "XS",
        "affiliate": null
      }
    },
    {
      "id": "5523",
      "type": "Feature",
      "geometry": {
        "type": "Point",
        "coordinates": [
          -101.9597486,
          32.7434461
        ]
      },
      "properties": {
        "church_name": "First Presbyterian Church",
        "lib_level": 1,
        "full_address": "713 N 13th St, Lamesa, TX 79331",
        "url": null,
        "google_maps_url": null,
        "size_bucket": "XS",
        "affiliate": null
      }
    },
    {
      "id": "5524",
      "type": "Feature",
      "geometry": {
        "type": "Point",
        "coordinates": [
          -100.2071102,
          34.4244994
        ]
      },
      "properties": {
        "church_name": "First Presbyterian Church",
        "lib_level": 1,
        "full_address": "317 Commerce, Childress, TX 79201-0874",
        "url": null,
        "google_maps_url": null,
        "size_bucket": "XS",
        "affiliate": null
      }
    },
    {
      "id": "5528",
      "type": "Feature",
      "geometry": {
        "type": "Point",
        "coordinates": [
          -99.7335226,
          33.1605553
        ]
      },
      "properties": {
        "church_name": "First Presbyterian Church",
        "lib_level": 1,
        "full_address": "306 North Ave E, Haskell, TX 79521-0056",
        "url": null,
        "google_maps_url": null,
        "size_bucket": "XS",
        "affiliate": null
      }
    },
    {
      "id": "5530",
      "type": "Feature",
      "geometry": {
        "type": "Point",
        "coordinates": [
          -98.16026079999999,
          33.2189424
        ]
      },
      "properties": {
        "church_name": "First Presbyterian Church",
        "lib_level": 1,
        "full_address": "115 N Knox St, Jacksboro, TX 76458",
        "url": "jacksboroparish.com",
        "google_maps_url": null,
        "size_bucket": "XS",
        "affiliate": null
      }
    },
    {
      "id": "5531",
      "type": "Feature",
      "geometry": {
        "type": "Point",
        "coordinates": [
          -97.8455382,
          33.5650382
        ]
      },
      "properties": {
        "church_name": "United PC of Montague County Presbyterian Church",
        "lib_level": 1,
        "full_address": "300 W Nelson St, Bowie, TX 76230",
        "url": "upcomc.org",
        "google_maps_url": "https://maps.google.com/?cid=377619600754917027",
        "size_bucket": "XS",
        "affiliate": null
      }
    },
    {
      "id": "5533",
      "type": "Feature",
      "geometry": {
        "type": "Point",
        "coordinates": [
          -99.73793520000001,
          32.4536775
        ]
      },
      "properties": {
        "church_name": "First Central Presbyterian Church",
        "lib_level": 1,
        "full_address": "400 Orange St, Abilene, TX 79601-5652",
        "url": "www.fcpc.net",
        "google_maps_url": "https://maps.google.com/?cid=2385197098173739262",
        "size_bucket": "M",
        "affiliate": null
      }
    },
    {
      "id": "5534",
      "type": "Feature",
      "geometry": {
        "type": "Point",
        "coordinates": [
          -98.5726428,
          33.084815
        ]
      },
      "properties": {
        "church_name": "First Presbyterian Church",
        "lib_level": 0,
        "full_address": "1400 Randy Dr, Graham, TX 76450",
        "url": "www.fpcgraham.com",
        "google_maps_url": null,
        "size_bucket": "S",
        "affiliate": null
      }
    },
    {
      "id": "5538",
      "type": "Feature",
      "geometry": {
        "type": "Point",
        "coordinates": [
          -100.3817423,
          35.9114878
        ]
      },
      "properties": {
        "church_name": "First Presbyterian Church",
        "lib_level": 1,
        "full_address": "605 Purcell, Canadian, TX 79014",
        "url": "https://www.facebook.com/FPCCanadian/",
        "google_maps_url": null,
        "size_bucket": "S",
        "affiliate": null
      }
    },
    {
      "id": "5540",
      "type": "Feature",
      "geometry": {
        "type": "Point",
        "coordinates": [
          -99.3114672,
          34.1488217
        ]
      },
      "properties": {
        "church_name": "First Presbyterian Church",
        "lib_level": 1,
        "full_address": "2001 Yucca Ln, Vernon, TX 76384",
        "url": "www.fpcvernon.org",
        "google_maps_url": null,
        "size_bucket": "S",
        "affiliate": null
      }
    },
    {
      "id": "5544",
      "type": "Feature",
      "geometry": {
        "type": "Point",
        "coordinates": [
          -101.9643784,
          35.8659971
        ]
      },
      "properties": {
        "church_name": "First Presbyterian Church",
        "lib_level": 1,
        "full_address": "700 E 1st St, Dumas, TX 79029",
        "url": "www.fpcdumas.org",
        "google_maps_url": null,
        "size_bucket": "XS",
        "affiliate": null
      }
    },
    {
      "id": "5545",
      "type": "Feature",
      "geometry": {
        "type": "Point",
        "coordinates": [
          -101.7303628,
          34.2029516
        ]
      },
      "properties": {
        "church_name": "First Presbyterian Church",
        "lib_level": 1,
        "full_address": "2101 Utica St, Plainview, TX 79072",
        "url": "www.fpcplainview.org/",
        "google_maps_url": null,
        "size_bucket": "XS",
        "affiliate": null
      }
    },
    {
      "id": "5546",
      "type": "Feature",
      "geometry": {
        "type": "Point",
        "coordinates": [
          -100.9687641,
          35.5386748
        ]
      },
      "properties": {
        "church_name": "First Presbyterian Church",
        "lib_level": 1,
        "full_address": "525 N Gray, Pampa, TX 79065-6220",
        "url": "www.pampapresbyterian.com",
        "google_maps_url": null,
        "size_bucket": "XS",
        "affiliate": null
      }
    },
    {
      "id": "5547",
      "type": "Feature",
      "geometry": {
        "type": "Point",
        "coordinates": [
          -100.9169244,
          32.7142907
        ]
      },
      "properties": {
        "church_name": "First Presbyterian Church",
        "lib_level": 1,
        "full_address": "2712 Ave R, Snyder, TX 79550",
        "url": null,
        "google_maps_url": null,
        "size_bucket": "XS",
        "affiliate": null
      }
    },
    {
      "id": "5548",
      "type": "Feature",
      "geometry": {
        "type": "Point",
        "coordinates": [
          -99.42246949999999,
          31.8171589
        ]
      },
      "properties": {
        "church_name": "First Presbyterian Church",
        "lib_level": 1,
        "full_address": "1609 Commercial Ave, Coleman, TX 76834-5017",
        "url": null,
        "google_maps_url": null,
        "size_bucket": null,
        "affiliate": null
      }
    },
    {
      "id": "5549",
      "type": "Feature",
      "geometry": {
        "type": "Point",
        "coordinates": [
          -102.3249022,
          33.9173148
        ]
      },
      "properties": {
        "church_name": "First Presbyterian Church",
        "lib_level": 1,
        "full_address": null,
        "url": null,
        "google_maps_url": null,
        "size_bucket": null,
        "affiliate": null
      }
    },
    {
      "id": "5551",
      "type": "Feature",
      "geometry": {
        "type": "Point",
        "coordinates": [
          -81.7930552,
          26.329486
        ]
      },
      "properties": {
        "church_name": "First Presbyterian Church",
        "lib_level": 0,
        "full_address": "9751 Bonita Beach Road SE, Bonita Springs, FL 34135",
        "url": "www.fpcbonita.org",
        "google_maps_url": "https://maps.google.com/?cid=4784501315623517767",
        "size_bucket": "XL",
        "affiliate": null
      }
    },
    {
      "id": "5552",
      "type": "Feature",
      "geometry": {
        "type": "Point",
        "coordinates": [
          -82.5047146,
          27.2977113
        ]
      },
      "properties": {
        "church_name": "Church of the Palms Presbyterian Church",
        "lib_level": 1,
        "full_address": "3224 Bee Ridge Rd, Sarasota, FL 34239-7201",
        "url": "www.churchofthepalms.org",
        "google_maps_url": "https://maps.google.com/?cid=17188978164523531676",
        "size_bucket": "L",
        "affiliate": null
      }
    },
    {
      "id": "5553",
      "type": "Feature",
      "geometry": {
        "type": "Point",
        "coordinates": [
          -81.76658739999999,
          26.27352
        ]
      },
      "properties": {
        "church_name": "Vanderbilt Presbyterian Church",
        "lib_level": 1,
        "full_address": "1225 Piper Blvd, Naples, FL 34110-1252",
        "url": "www.vpcnaples.org",
        "google_maps_url": "https://maps.google.com/?cid=10647503517751580467",
        "size_bucket": "L",
        "affiliate": null
      }
    },
    {
      "id": "5554",
      "type": "Feature",
      "geometry": {
        "type": "Point",
        "coordinates": [
          -81.7998166,
          26.143978
        ]
      },
      "properties": {
        "church_name": "First Presbyterian Church",
        "lib_level": 1,
        "full_address": "250 6th St S, Naples, FL 34102-6120",
        "url": "www.fpcnaples.org",
        "google_maps_url": "https://maps.google.com/?cid=6746521156368348843",
        "size_bucket": "L",
        "affiliate": null
      }
    },
    {
      "id": "5555",
      "type": "Feature",
      "geometry": {
        "type": "Point",
        "coordinates": [
          -82.02292899999999,
          26.8648687
        ]
      },
      "properties": {
        "church_name": "Burnt Store Presbyterian Church",
        "lib_level": 1,
        "full_address": "11330 Burnt Store Rd, Punta Gorda, FL 33955-1402",
        "url": "www.bspconline.org",
        "google_maps_url": "https://maps.google.com/?cid=10793755306568118934",
        "size_bucket": "L",
        "affiliate": null
      }
    },
    {
      "id": "5561",
      "type": "Feature",
      "geometry": {
        "type": "Point",
        "coordinates": [
          -81.8019285,
          26.1809201
        ]
      },
      "properties": {
        "church_name": "Moorings Presbyterian Church",
        "lib_level": 1,
        "full_address": "791 Harbour Dr, Naples, FL 34103",
        "url": "www.mooringschurch.org",
        "google_maps_url": "https://maps.google.com/?cid=16522617541780681397",
        "size_bucket": "M",
        "affiliate": null
      }
    },
    {
      "id": "5562",
      "type": "Feature",
      "geometry": {
        "type": "Point",
        "coordinates": [
          -81.9174582,
          26.7422821
        ]
      },
      "properties": {
        "church_name": "Holy Trinity Presbyterian Church",
        "lib_level": 1,
        "full_address": "19251 N Tamiami Trail, N Ft Myers, FL 33903-1252",
        "url": "htpc-nfm.org",
        "google_maps_url": "https://maps.google.com/?cid=18376647204544927585",
        "size_bucket": "M",
        "affiliate": null
      }
    },
    {
      "id": "5563",
      "type": "Feature",
      "geometry": {
        "type": "Point",
        "coordinates": [
          -82.62260839999999,
          27.4619854
        ]
      },
      "properties": {
        "church_name": "Kirkwood Presbyterian Church",
        "lib_level": 0,
        "full_address": "6101 Cortez Rd W, Bradenton, FL 34210-2711",
        "url": "www.kpcbradenton.org",
        "google_maps_url": "https://maps.google.com/?cid=17327285864112493131",
        "size_bucket": "M",
        "affiliate": null
      }
    },
    {
      "id": "5564",
      "type": "Feature",
      "geometry": {
        "type": "Point",
        "coordinates": [
          -82.50623689999999,
          27.3874229
        ]
      },
      "properties": {
        "church_name": "Northminster Presbyterian Church",
        "lib_level": 1,
        "full_address": "3131 61st St, Sarasota, FL 34243-2542",
        "url": "www.npcsarasota.com",
        "google_maps_url": null,
        "size_bucket": "M",
        "affiliate": null
      }
    },
    {
      "id": "5566",
      "type": "Feature",
      "geometry": {
        "type": "Point",
        "coordinates": [
          -81.8812465,
          26.6313024
        ]
      },
      "properties": {
        "church_name": "Covenant Presbyterian Church",
        "lib_level": 1,
        "full_address": "2439 McGregor Blvd, Fort Myers, FL 33901",
        "url": "www.covpcfm.com",
        "google_maps_url": "https://maps.google.com/?cid=9741927841810733805",
        "size_bucket": "M",
        "affiliate": null
      }
    },
    {
      "id": "5567",
      "type": "Feature",
      "geometry": {
        "type": "Point",
        "coordinates": [
          -82.56095409999999,
          27.2867817
        ]
      },
      "properties": {
        "church_name": "Siesta Key Chap Presbyterian Church",
        "lib_level": 1,
        "full_address": "4615 Gleason Ave, Sarasota, FL 34242-1312",
        "url": "www.siestakeychapel.org",
        "google_maps_url": null,
        "size_bucket": "M",
        "affiliate": null
      }
    },
    {
      "id": "5574",
      "type": "Feature",
      "geometry": {
        "type": "Point",
        "coordinates": [
          -82.0889594,
          26.9964122
        ]
      },
      "properties": {
        "church_name": "First Presbyterian Church",
        "lib_level": 1,
        "full_address": "2230 Hariet Street, Port Charlotte, FL 33952",
        "url": "www.fpcpc.com",
        "google_maps_url": "https://maps.google.com/?cid=8478673000329829960",
        "size_bucket": "S",
        "affiliate": null
      }
    },
    {
      "id": "5576",
      "type": "Feature",
      "geometry": {
        "type": "Point",
        "coordinates": [
          -81.7993573,
          26.4321822
        ]
      },
      "properties": {
        "church_name": "Estero Community Presbyterian Church",
        "lib_level": 1,
        "full_address": "21115 Design Park Ln, Estero, FL 33928",
        "url": "www.esterocommunitychurch.com",
        "google_maps_url": null,
        "size_bucket": "S",
        "affiliate": null
      }
    },
    {
      "id": "5578",
      "type": "Feature",
      "geometry": {
        "type": "Point",
        "coordinates": [
          -81.8628513,
          27.2171047
        ]
      },
      "properties": {
        "church_name": "First Presbyterian Church",
        "lib_level": 1,
        "full_address": "209 W Hickory St, Arcadia, FL 34266",
        "url": "www.firstpc.church",
        "google_maps_url": "https://maps.google.com/?cid=5237937107863981803",
        "size_bucket": "S",
        "affiliate": null
      }
    },
    {
      "id": "5586",
      "type": "Feature",
      "geometry": {
        "type": "Point",
        "coordinates": [
          -82.4437927,
          27.0854627
        ]
      },
      "properties": {
        "church_name": "Venice Presbyterian Church",
        "lib_level": 0,
        "full_address": "825 The Rialto, Venice, FL 34285",
        "url": "www.venicepres.org",
        "google_maps_url": "https://maps.google.com/?cid=8172008906278796714",
        "size_bucket": null,
        "affiliate": null
      }
    },
    {
      "id": "5603",
      "type": "Feature",
      "geometry": {
        "type": "Point",
        "coordinates": [
          -75.1287665,
          40.3135594
        ]
      },
      "properties": {
        "church_name": "Doylestown Presbyterian Church",
        "lib_level": 0,
        "full_address": "127 E Court St, Doylestown, PA 18901-3860",
        "url": "www.dtownpc.org",
        "google_maps_url": "https://maps.google.com/?cid=17053463183200044661",
        "size_bucket": "L",
        "affiliate": null
      }
    },
    {
      "id": "5604",
      "type": "Feature",
      "geometry": {
        "type": "Point",
        "coordinates": [
          -74.8718605,
          40.2224396
        ]
      },
      "properties": {
        "church_name": "Woodside Presbyterian Church",
        "lib_level": 0,
        "full_address": "1667 Edgewood Road, Yardley, PA 19067",
        "url": "www.woodside-church.org",
        "google_maps_url": "https://maps.google.com/?cid=10942564403538549920",
        "size_bucket": "L",
        "affiliate": null
      }
    },
    {
      "id": "5608",
      "type": "Feature",
      "geometry": {
        "type": "Point",
        "coordinates": [
          -75.32550739999999,
          39.8797705
        ]
      },
      "properties": {
        "church_name": "Ridley Park Presbyterian Church",
        "lib_level": 0,
        "full_address": "300 N Swarthmore Ave, Ridley Park, PA 19078-3014",
        "url": "www.rppcusa.org.",
        "google_maps_url": "https://maps.google.com/?cid=7951099890622752446",
        "size_bucket": "M",
        "affiliate": null
      }
    },
    {
      "id": "5609",
      "type": "Feature",
      "geometry": {
        "type": "Point",
        "coordinates": [
          -75.2213329,
          40.1540782
        ]
      },
      "properties": {
        "church_name": "First Presbyterian Church",
        "lib_level": 0,
        "full_address": "4 S Ridge Ave, Ambler, PA 19002-4743",
        "url": "www.fpcambler.org",
        "google_maps_url": "https://maps.google.com/?cid=7305382184663421681",
        "size_bucket": "M",
        "affiliate": null
      }
    },
    {
      "id": "5612",
      "type": "Feature",
      "geometry": {
        "type": "Point",
        "coordinates": [
          -75.38885259999999,
          39.916364
        ]
      },
      "properties": {
        "church_name": "Media Presbyterian Church",
        "lib_level": 0,
        "full_address": "30 E Baltimore Ave, Media, PA 19063-3796",
        "url": "www.mediapresbyterian.org",
        "google_maps_url": "https://maps.google.com/?cid=8118566184694385536",
        "size_bucket": "M",
        "affiliate": null
      }
    },
    {
      "id": "5625",
      "type": "Feature",
      "geometry": {
        "type": "Point",
        "coordinates": [
          -74.8627049,
          40.1399407
        ]
      },
      "properties": {
        "church_name": "First Presbyterian Church",
        "lib_level": 0,
        "full_address": "5918 Emilie Rd, Levittown, PA 19057",
        "url": "firstpreslev.org",
        "google_maps_url": "https://maps.google.com/?cid=6376175038158077625",
        "size_bucket": "S",
        "affiliate": null
      }
    },
    {
      "id": "5627",
      "type": "Feature",
      "geometry": {
        "type": "Point",
        "coordinates": [
          -75.4081661,
          39.9049227
        ]
      },
      "properties": {
        "church_name": "Middletown Presbyterian Church",
        "lib_level": 1,
        "full_address": "273 S Old Middletown Rd, Media, PA 19063-4854",
        "url": "www.middletownpres.org",
        "google_maps_url": "https://maps.google.com/?cid=9949880230119807898",
        "size_bucket": "S",
        "affiliate": null
      }
    },
    {
      "id": "5632",
      "type": "Feature",
      "geometry": {
        "type": "Point",
        "coordinates": [
          -75.1766385,
          40.1761698
        ]
      },
      "properties": {
        "church_name": "Supplee Memorial Presbyterian Church",
        "lib_level": 0,
        "full_address": "855 E Welsh Rd, Maple Glen, PA 19002-2929",
        "url": "www.suppleepc.org",
        "google_maps_url": "https://maps.google.com/?cid=15984739509320607568",
        "size_bucket": "S",
        "affiliate": null
      }
    },
    {
      "id": "5633",
      "type": "Feature",
      "geometry": {
        "type": "Point",
        "coordinates": [
          -75.16311929999999,
          40.1085932
        ]
      },
      "properties": {
        "church_name": "Carmel Presbyterian Church",
        "lib_level": 0,
        "full_address": "100 Edge Hill Rd, Glenside, PA 19038-3099",
        "url": "www.presbycarmel.org",
        "google_maps_url": "https://maps.google.com/?cid=14613121319368537682",
        "size_bucket": "S",
        "affiliate": null
      }
    },
    {
      "id": "5636",
      "type": "Feature",
      "geometry": {
        "type": "Point",
        "coordinates": [
          -75.2069262,
          40.3965378
        ]
      },
      "properties": {
        "church_name": "Deep Run Presbyterian Church",
        "lib_level": 0,
        "full_address": "16 Irish Meeting House Rd, Perkasie, PA 18944-4204",
        "url": "www.pcdeeprun.org",
        "google_maps_url": "https://maps.google.com/?cid=13966725560688780924",
        "size_bucket": "S",
        "affiliate": null
      }
    },
    {
      "id": "5648",
      "type": "Feature",
      "geometry": {
        "type": "Point",
        "coordinates": [
          -75.1089358,
          40.0804166
        ]
      },
      "properties": {
        "church_name": "Elkins Park Presbyterian Church",
        "lib_level": 0,
        "full_address": "234 Cedar Rd, Elkins Park, PA 19027",
        "url": "www.eppchurch.org",
        "google_maps_url": "https://maps.google.com/?cid=3442484386943208289",
        "size_bucket": "XS",
        "affiliate": null
      }
    },
    {
      "id": "5650",
      "type": "Feature",
      "geometry": {
        "type": "Point",
        "coordinates": [
          -75.1766385,
          40.1761698
        ]
      },
      "properties": {
        "church_name": "Seoul NCD Presbyterian Church",
        "lib_level": 0,
        "full_address": "855 Welsh Rd, Maple Glen, PA 19002",
        "url": null,
        "google_maps_url": null,
        "size_bucket": null,
        "affiliate": null
      }
    },
    {
      "id": "5655",
      "type": "Feature",
      "geometry": {
        "type": "Point",
        "coordinates": [
          -75.539069,
          40.2241435
        ]
      },
      "properties": {
        "church_name": "Crossroads Presbyterian Church",
        "lib_level": 0,
        "full_address": "10 W Cherry Ln, Limerick, PA 19468-1302",
        "url": "www.crossroadspresbyterian.org",
        "google_maps_url": "https://maps.google.com/?cid=14697844984154313898",
        "size_bucket": "XS",
        "affiliate": null
      }
    },
    {
      "id": "5675",
      "type": "Feature",
      "geometry": {
        "type": "Point",
        "coordinates": [
          -75.0321431,
          40.1038745
        ]
      },
      "properties": {
        "church_name": "Bethesda Presbyterian Church",
        "lib_level": 0,
        "full_address": "808 Red Lion Rd, Philadelphia, PA 19115-1404",
        "url": "www.bethesdapc.com",
        "google_maps_url": "https://maps.google.com/?cid=15716655216211438905",
        "size_bucket": null,
        "affiliate": null
      }
    },
    {
      "id": "5682",
      "type": "Feature",
      "geometry": {
        "type": "Point",
        "coordinates": [
          -75.2382892,
          40.0589874
        ]
      },
      "properties": {
        "church_name": "Roxborough Presbyterian Church",
        "lib_level": 0,
        "full_address": "8230 Ridge Ave, Philadelphia, PA 19128-2903",
        "url": "www.rpcnet.org",
        "google_maps_url": null,
        "size_bucket": null,
        "affiliate": null
      }
    },
    {
      "id": "5688",
      "type": "Feature",
      "geometry": {
        "type": "Point",
        "coordinates": [
          -75.34089900000001,
          40.115444
        ]
      },
      "properties": {
        "church_name": "Central Presbyterian Church",
        "lib_level": 0,
        "full_address": "113 E Airy St, Norristown, PA 19401",
        "url": "www.centralpresweb.org",
        "google_maps_url": null,
        "size_bucket": null,
        "affiliate": null
      }
    },
    {
      "id": "5689",
      "type": "Feature",
      "geometry": {
        "type": "Point",
        "coordinates": [
          -75.34089900000001,
          40.115444
        ]
      },
      "properties": {
        "church_name": "First Presbyterian Church",
        "lib_level": 0,
        "full_address": "113 E Airy St, Norristown, PA 19401-4932",
        "url": "www.firstpresnorristown.org",
        "google_maps_url": "https://maps.google.com/?cid=2197590178003830017",
        "size_bucket": null,
        "affiliate": null
      }
    },
    {
      "id": "5691",
      "type": "Feature",
      "geometry": {
        "type": "Point",
        "coordinates": [
          -75.1010278,
          40.2332778
        ]
      },
      "properties": {
        "church_name": "Neshaminy Warwick Presbyterian Church",
        "lib_level": 1,
        "full_address": "1401 Meetinghouse Rd, Warmister, PA 18974",
        "url": "nwpc.net/",
        "google_maps_url": "https://maps.google.com/?cid=9968130429969130236",
        "size_bucket": null,
        "affiliate": null
      }
    },
    {
      "id": "5697",
      "type": "Feature",
      "geometry": {
        "type": "Point",
        "coordinates": [
          -75.2907802,
          40.0102668
        ]
      },
      "properties": {
        "church_name": "First Presbyterian Church",
        "lib_level": 1,
        "full_address": "5 W Montgomery Ave, Ardmore, PA 19003-1599",
        "url": "ardmorepres.org",
        "google_maps_url": null,
        "size_bucket": null,
        "affiliate": null
      }
    },
    {
      "id": "5714",
      "type": "Feature",
      "geometry": {
        "type": "Point",
        "coordinates": [
          -92.6364734,
          32.5301258
        ]
      },
      "properties": {
        "church_name": "PC of Ruston Presbyterian Church",
        "lib_level": 1,
        "full_address": "212 N Bonner St, Ruston, LA 71270-4414",
        "url": "www.rustonpres.org",
        "google_maps_url": "https://maps.google.com/?cid=5039822173768550603",
        "size_bucket": "S",
        "affiliate": null
      }
    },
    {
      "id": "5718",
      "type": "Feature",
      "geometry": {
        "type": "Point",
        "coordinates": [
          -94.0361757,
          33.4288243
        ]
      },
      "properties": {
        "church_name": "First Presbyterian Church",
        "lib_level": 1,
        "full_address": "516 Pecan St, Texarkana, AR 71854-5395",
        "url": "www.firstprestexarkana.org",
        "google_maps_url": "https://maps.google.com/?cid=13064057948211980112",
        "size_bucket": "XS",
        "affiliate": null
      }
    },
    {
      "id": "5750",
      "type": "Feature",
      "geometry": {
        "type": "Point",
        "coordinates": [
          -79.91539039999999,
          40.3685274
        ]
      },
      "properties": {
        "church_name": "Lincoln Place Presbyterian Church",
        "lib_level": 1,
        "full_address": "1202 Muldowney Ave, Pittsburgh, PA 15207",
        "url": "lincolnplacepresbyterianchurch.com",
        "google_maps_url": "https://maps.google.com/?cid=16813163998716976163",
        "size_bucket": "XS",
        "affiliate": null
      }
    },
    {
      "id": "5767",
      "type": "Feature",
      "geometry": {
        "type": "Point",
        "coordinates": [
          -80.18560910000001,
          40.5429324
        ]
      },
      "properties": {
        "church_name": "Sewickley Presbyterian Church",
        "lib_level": 0,
        "full_address": "414 Grant St, Sewickley, PA 15143-1231",
        "url": "www.sewickleypresby.org",
        "google_maps_url": "https://maps.google.com/?cid=11475709164050313778",
        "size_bucket": "L",
        "affiliate": null
      }
    },
    {
      "id": "5769",
      "type": "Feature",
      "geometry": {
        "type": "Point",
        "coordinates": [
          -79.9609983,
          40.3369896
        ]
      },
      "properties": {
        "church_name": "Pleasant Hills Community Presbyterian Church",
        "lib_level": 0,
        "full_address": "199 Old Clairton Rd, Pittsburgh, PA 15236-3997",
        "url": "www.pleasanthillschurch.com",
        "google_maps_url": null,
        "size_bucket": "L",
        "affiliate": null
      }
    },
    {
      "id": "5773",
      "type": "Feature",
      "geometry": {
        "type": "Point",
        "coordinates": [
          -80.09975840000001,
          40.4761973
        ]
      },
      "properties": {
        "church_name": "Ken Mawr United Presbyterian Church",
        "lib_level": 0,
        "full_address": "1760 Pine Hollow Rd, McKees Rocks, PA 15136-1536",
        "url": "www.kenmawrchurch.org",
        "google_maps_url": "https://maps.google.com/?cid=11936000694402602572",
        "size_bucket": "M",
        "affiliate": null
      }
    },
    {
      "id": "5774",
      "type": "Feature",
      "geometry": {
        "type": "Point",
        "coordinates": [
          -79.9718564,
          40.5464669
        ]
      },
      "properties": {
        "church_name": "Elfinwild Presbyterian Church",
        "lib_level": 0,
        "full_address": "3200 Mt Royal Blvd, Glenshaw, PA 15116-1408",
        "url": "www.elfinwildchurch.org",
        "google_maps_url": null,
        "size_bucket": "M",
        "affiliate": null
      }
    },
    {
      "id": "5775",
      "type": "Feature",
      "geometry": {
        "type": "Point",
        "coordinates": [
          -79.943928,
          40.6130126
        ]
      },
      "properties": {
        "church_name": "Hampton United Presbyterian Church",
        "lib_level": 0,
        "full_address": "2942 E Hardies Rd, Gibsonia, PA 15044",
        "url": "www.hamptonpresbyterian.net",
        "google_maps_url": "https://maps.google.com/?cid=15828801768074570707",
        "size_bucket": "M",
        "affiliate": null
      }
    },
    {
      "id": "5779",
      "type": "Feature",
      "geometry": {
        "type": "Point",
        "coordinates": [
          -79.8392537,
          40.5215329
        ]
      },
      "properties": {
        "church_name": "Oakmont Presbyterian Church",
        "lib_level": 0,
        "full_address": "415 Pennsylvia Ave, Oakmont, PA 15139",
        "url": "oakmontpresby.org",
        "google_maps_url": "https://maps.google.com/?cid=792276176954052209",
        "size_bucket": "M",
        "affiliate": null
      }
    },
    {
      "id": "5782",
      "type": "Feature",
      "geometry": {
        "type": "Point",
        "coordinates": [
          -80.1141593,
          40.3560135
        ]
      },
      "properties": {
        "church_name": "Bethany Presbyterian Church",
        "lib_level": 0,
        "full_address": "740 Washington Ave, Bridgeville, PA 15017-2020",
        "url": "www.bethanypresby.org",
        "google_maps_url": "https://maps.google.com/?cid=3741032512950699421",
        "size_bucket": "M",
        "affiliate": null
      }
    },
    {
      "id": "5785",
      "type": "Feature",
      "geometry": {
        "type": "Point",
        "coordinates": [
          -80.14934749999999,
          40.4443033
        ]
      },
      "properties": {
        "church_name": "Union Ch Robinson Twnshp Presbyterian Church",
        "lib_level": 1,
        "full_address": "6165 Steubenville Pike, McKees Rocks, PA 15136",
        "url": "www.unionpresbychurch.org",
        "google_maps_url": null,
        "size_bucket": "M",
        "affiliate": null
      }
    },
    {
      "id": "5792",
      "type": "Feature",
      "geometry": {
        "type": "Point",
        "coordinates": [
          -80.0505274,
          40.4088538
        ]
      },
      "properties": {
        "church_name": "Unity Presbyterian Church",
        "lib_level": 1,
        "full_address": "1146 Greentree Rd, Green Tree, PA 15220",
        "url": "unitypresbyterianchurch.org",
        "google_maps_url": "https://maps.google.com/?cid=7439446491204918288",
        "size_bucket": "S",
        "affiliate": null
      }
    },
    {
      "id": "5794",
      "type": "Feature",
      "geometry": {
        "type": "Point",
        "coordinates": [
          -79.9991206,
          40.4415223
        ]
      },
      "properties": {
        "church_name": "First Presbyterian Church",
        "lib_level": 0,
        "full_address": "320 6th Ave, Pittsburgh, PA 15222-2580",
        "url": "www.fpcp.org",
        "google_maps_url": "https://maps.google.com/?cid=9876688498156377599",
        "size_bucket": "S",
        "affiliate": null
      }
    },
    {
      "id": "5795",
      "type": "Feature",
      "geometry": {
        "type": "Point",
        "coordinates": [
          -79.9633314,
          40.573485
        ]
      },
      "properties": {
        "church_name": "Parkwood United Presbyterian Church",
        "lib_level": 1,
        "full_address": "4289 Mt Royal Blvd, Allison Park, PA 15101",
        "url": "www.parkwoodchurch.org",
        "google_maps_url": "https://maps.google.com/?cid=12461792228217041441",
        "size_bucket": "S",
        "affiliate": null
      }
    },
    {
      "id": "5813",
      "type": "Feature",
      "geometry": {
        "type": "Point",
        "coordinates": [
          -79.86116969999999,
          40.4249794
        ]
      },
      "properties": {
        "church_name": "Forest Hills Presbyterian Church",
        "lib_level": 0,
        "full_address": "1840 Ardmore Blvd, Pittsburgh, PA 15221",
        "url": "www.fhpcpa.org",
        "google_maps_url": "https://maps.google.com/?cid=4130013496160264009",
        "size_bucket": "S",
        "affiliate": null
      }
    },
    {
      "id": "5824",
      "type": "Feature",
      "geometry": {
        "type": "Point",
        "coordinates": [
          -80.0714686,
          40.5726263
        ]
      },
      "properties": {
        "church_name": "Heritage United Presbyterian Church",
        "lib_level": 1,
        "full_address": "2262 Rochester Rd, Pittsburgh, PA 15237",
        "url": "www.heritagepcusa.org",
        "google_maps_url": "https://maps.google.com/?cid=2073843744377316894",
        "size_bucket": "XS",
        "affiliate": null
      }
    },
    {
      "id": "5851",
      "type": "Feature",
      "geometry": {
        "type": "Point",
        "coordinates": [
          -79.9609983,
          40.3369896
        ]
      },
      "properties": {
        "church_name": "Pittsburgh Vietnamese Presbyterian Church",
        "lib_level": 0,
        "full_address": "199 Old Clairton Rd, Pittsburgh, PA 15236",
        "url": null,
        "google_maps_url": null,
        "size_bucket": null,
        "affiliate": null
      }
    },
    {
      "id": "5873",
      "type": "Feature",
      "geometry": {
        "type": "Point",
        "coordinates": [
          -105.0769245,
          40.41842219999999
        ]
      },
      "properties": {
        "church_name": "Mountain View Presbyterian Church",
        "lib_level": 0,
        "full_address": "2500 N. Garfield Ave, Loveland, CO 80538-3234",
        "url": "www.mymvpc.com",
        "google_maps_url": "https://maps.google.com/?cid=4624296406958082793",
        "size_bucket": "M",
        "affiliate": null
      }
    },
    {
      "id": "5994",
      "type": "Feature",
      "geometry": {
        "type": "Point",
        "coordinates": [
          -95.5499801,
          42.7501865
        ]
      },
      "properties": {
        "church_name": "Memorial Presbyterian Church",
        "lib_level": 1,
        "full_address": "127 E Willow St, Cherokee, IA 51012",
        "url": "www.cmpres.com",
        "google_maps_url": "https://maps.google.com/?cid=1546437805299631080",
        "size_bucket": "S",
        "affiliate": null
      }
    },
    {
      "id": "5998",
      "type": "Feature",
      "geometry": {
        "type": "Point",
        "coordinates": [
          -96.40332389999999,
          42.4964047
        ]
      },
      "properties": {
        "church_name": "First Presbyterian Church",
        "lib_level": 0,
        "full_address": "608 Nebraska St, Sioux City, IA 51101",
        "url": "www.1stpresby.com",
        "google_maps_url": "https://maps.google.com/?cid=6275265324711462602",
        "size_bucket": "S",
        "affiliate": null
      }
    },
    {
      "id": "6043",
      "type": "Feature",
      "geometry": {
        "type": "Point",
        "coordinates": [
          -81.178637,
          35.0273175
        ]
      },
      "properties": {
        "church_name": "Beth Shiloh Presbyterian Church",
        "lib_level": 0,
        "full_address": "1184 N Shiloh Rd, York, SC 29745",
        "url": "www.bethshiloh.net",
        "google_maps_url": "https://maps.google.com/?cid=8489896040185122926",
        "size_bucket": "S",
        "affiliate": null
      }
    },
    {
      "id": "6046",
      "type": "Feature",
      "geometry": {
        "type": "Point",
        "coordinates": [
          -80.9111224,
          34.9685883
        ]
      },
      "properties": {
        "church_name": "Dobys Bridge Presbyterian Church",
        "lib_level": 0,
        "full_address": "2500 S Doby's Bridge Rd, Fort Mill, SC 29715",
        "url": "www.dobysbridge.org",
        "google_maps_url": "https://maps.google.com/?cid=9627208223735805008",
        "size_bucket": "S",
        "affiliate": null
      }
    },
    {
      "id": "6070",
      "type": "Feature",
      "geometry": {
        "type": "Point",
        "coordinates": [
          -104.7723039,
          38.9542808
        ]
      },
      "properties": {
        "church_name": "Covenant Presbyterian Church",
        "lib_level": 0,
        "full_address": "2845 Parliament Dr, Colorado Sprgs, CO 80920-5106",
        "url": "www.covenant-pres.org/",
        "google_maps_url": "https://maps.google.com/?cid=8210713027138119052",
        "size_bucket": "M",
        "affiliate": null
      }
    },
    {
      "id": "6073",
      "type": "Feature",
      "geometry": {
        "type": "Point",
        "coordinates": [
          -104.8709538,
          39.0928825
        ]
      },
      "properties": {
        "church_name": "Monument Community Presbyterian Church",
        "lib_level": 0,
        "full_address": "238 3rd St, Monument, CO 80132-6700",
        "url": "www.mcpcusa.org/",
        "google_maps_url": "https://maps.google.com/?cid=7976342406244603950",
        "size_bucket": "M",
        "affiliate": null
      }
    },
    {
      "id": "6075",
      "type": "Feature",
      "geometry": {
        "type": "Point",
        "coordinates": [
          -104.8639176,
          38.8607227
        ]
      },
      "properties": {
        "church_name": "Gateway Presbyterian Church",
        "lib_level": 0,
        "full_address": "731 Castle Rd, Colorado Springs, CO 80904",
        "url": "www.gatewaypres.org",
        "google_maps_url": "https://maps.google.com/?cid=8657769486380022003",
        "size_bucket": "S",
        "affiliate": null
      }
    },
    {
      "id": "6091",
      "type": "Feature",
      "geometry": {
        "type": "Point",
        "coordinates": [
          -79.6714217,
          40.4275467
        ]
      },
      "properties": {
        "church_name": "Newlonsburg Presbyterian Church",
        "lib_level": 0,
        "full_address": "4600 Old William Penn Hwy, Murrysville, PA 15668",
        "url": "www.newlonsburgchurch.org",
        "google_maps_url": "https://maps.google.com/?cid=18275929814498503698",
        "size_bucket": "M",
        "affiliate": null
      }
    },
    {
      "id": "6100",
      "type": "Feature",
      "geometry": {
        "type": "Point",
        "coordinates": [
          -79.735371,
          40.5924436
        ]
      },
      "properties": {
        "church_name": "Grace Community Presbyterian Church",
        "lib_level": 0,
        "full_address": "2751 Grant St, Lower Burrell, PA 15068",
        "url": "www.gracecommunitypresbyterian.org",
        "google_maps_url": "https://maps.google.com/?cid=14914970251035602409",
        "size_bucket": "S",
        "affiliate": null
      }
    },
    {
      "id": "6104",
      "type": "Feature",
      "geometry": {
        "type": "Point",
        "coordinates": [
          -79.56878789999999,
          40.41572
        ]
      },
      "properties": {
        "church_name": "Delmont Presbyterian Church",
        "lib_level": 0,
        "full_address": "101 Church St, Delmont, PA 15626",
        "url": "www.dpc1849.org",
        "google_maps_url": "https://maps.google.com/?cid=13282596121156273224",
        "size_bucket": "S",
        "affiliate": null
      }
    },
    {
      "id": "6111",
      "type": "Feature",
      "geometry": {
        "type": "Point",
        "coordinates": [
          -79.8205054,
          40.1374732
        ]
      },
      "properties": {
        "church_name": "Rehoboth Presbyterian Church",
        "lib_level": 0,
        "full_address": "442 Rehoboth Rd, Rostraver Twp, PA 15012",
        "url": "rehobothchurchpa.org",
        "google_maps_url": "https://maps.google.com/?cid=4984129018476673493",
        "size_bucket": "S",
        "affiliate": null
      }
    },
    {
      "id": "6154",
      "type": "Feature",
      "geometry": {
        "type": "Point",
        "coordinates": [
          -122.7034883,
          38.4527992
        ]
      },
      "properties": {
        "church_name": "First Presbyterian Church",
        "lib_level": 0,
        "full_address": "1550 Pacific Ave, Santa Rosa, CA 95409",
        "url": "www.fpcsantarosa.org",
        "google_maps_url": "https://maps.google.com/?cid=7589204041592855339",
        "size_bucket": "M",
        "affiliate": null
      }
    },
    {
      "id": "6157",
      "type": "Feature",
      "geometry": {
        "type": "Point",
        "coordinates": [
          -122.7594229,
          38.5089826
        ]
      },
      "properties": {
        "church_name": "Covenant Presbyterian Church",
        "lib_level": 0,
        "full_address": "5146 Old Redwood Highway, Santa Rosa, CA 95403",
        "url": "www.covefellowship.org",
        "google_maps_url": "https://maps.google.com/?cid=7478370762048341298",
        "size_bucket": "M",
        "affiliate": null
      }
    },
    {
      "id": "6196",
      "type": "Feature",
      "geometry": {
        "type": "Point",
        "coordinates": [
          -117.1159964,
          33.5421052
        ]
      },
      "properties": {
        "church_name": "Grace Presbyterian Church",
        "lib_level": 0,
        "full_address": "31143 Nicolas Rd, Temecula, CA 92591-7271",
        "url": "www.gracepreschurch.net",
        "google_maps_url": "https://maps.google.com/?cid=4332440681109078937",
        "size_bucket": "M",
        "affiliate": null
      }
    },
    {
      "id": "6200",
      "type": "Feature",
      "geometry": {
        "type": "Point",
        "coordinates": [
          -116.9783077,
          33.9311151
        ]
      },
      "properties": {
        "church_name": "Beaumont Presbyterian Church",
        "lib_level": 1,
        "full_address": "702 Euclid Ave, Beaumont, CA 92223",
        "url": "www.beaumontpresbyterianchurch.com",
        "google_maps_url": "https://maps.google.com/?cid=15173806968175988935",
        "size_bucket": "S",
        "affiliate": null
      }
    },
    {
      "id": "6203",
      "type": "Feature",
      "geometry": {
        "type": "Point",
        "coordinates": [
          -117.3815694,
          33.9751275
        ]
      },
      "properties": {
        "church_name": "Calvary Presbyterian Church",
        "lib_level": 0,
        "full_address": "4495 Magnolia Ave, Riverside, CA 92501",
        "url": "www.calvarypresch.org",
        "google_maps_url": null,
        "size_bucket": "S",
        "affiliate": null
      }
    },
    {
      "id": "6257",
      "type": "Feature",
      "geometry": {
        "type": "Point",
        "coordinates": [
          -81.62534149999999,
          36.1943725
        ]
      },
      "properties": {
        "church_name": "First Presbyterian Church",
        "lib_level": 1,
        "full_address": "131 Big Valley St, Boone, NC 28607",
        "url": "www.firstpresboone.org",
        "google_maps_url": null,
        "size_bucket": "M",
        "affiliate": null
      }
    },
    {
      "id": "6264",
      "type": "Feature",
      "geometry": {
        "type": "Point",
        "coordinates": [
          -80.25608629999999,
          35.8220885
        ]
      },
      "properties": {
        "church_name": "First Presbyterian Church",
        "lib_level": 0,
        "full_address": "300 S Main St, Lexington, NC 27292",
        "url": "www.fpclexnc.com",
        "google_maps_url": "https://maps.google.com/?cid=3423382585972834029",
        "size_bucket": "M",
        "affiliate": null
      }
    },
    {
      "id": "6341",
      "type": "Feature",
      "geometry": {
        "type": "Point",
        "coordinates": [
          -80.24241940000002,
          36.1038395
        ]
      },
      "properties": {
        "church_name": "Lloyd Presbyterian Church",
        "lib_level": 0,
        "full_address": "748 N Chestnut St, Winston-Salem, NC 27101",
        "url": "lloydpres.com",
        "google_maps_url": "https://maps.google.com/?cid=6315407625416577636",
        "size_bucket": null,
        "affiliate": null
      }
    },
    {
      "id": "6350",
      "type": "Feature",
      "geometry": {
        "type": "Point",
        "coordinates": [
          -117.2613655,
          32.9954683
        ]
      },
      "properties": {
        "church_name": "Solana Beach Presbyterian Church",
        "lib_level": 0,
        "full_address": "120 Stevens Ave, Solana Beach, CA 92075-2039",
        "url": "solanabeach.church",
        "google_maps_url": "https://maps.google.com/?cid=13478690813708381114",
        "size_bucket": "L",
        "affiliate": null
      }
    },
    {
      "id": "6351",
      "type": "Feature",
      "geometry": {
        "type": "Point",
        "coordinates": [
          -117.2767903,
          32.8430097
        ]
      },
      "properties": {
        "church_name": "La Jolla Presbyterian Church",
        "lib_level": 0,
        "full_address": "7715 Draper Ave, La Jolla, CA 92037-4301",
        "url": "www.ljpres.org",
        "google_maps_url": "https://maps.google.com/?cid=3813326314830246071",
        "size_bucket": "L",
        "affiliate": null
      }
    },
    {
      "id": "6353",
      "type": "Feature",
      "geometry": {
        "type": "Point",
        "coordinates": [
          -117.0618473,
          33.0200054
        ]
      },
      "properties": {
        "church_name": "Rancho Bernardo Community Presbyterian Church",
        "lib_level": 0,
        "full_address": "17010 Pomerado Rd, San Diego, CA 92128-2362",
        "url": "www.rbcpc.org",
        "google_maps_url": "https://maps.google.com/?cid=9449670968988604663",
        "size_bucket": "L",
        "affiliate": null
      }
    },
    {
      "id": "6354",
      "type": "Feature",
      "geometry": {
        "type": "Point",
        "coordinates": [
          -117.2296725,
          32.739124
        ]
      },
      "properties": {
        "church_name": "Point Loma Community Presbyterian Church",
        "lib_level": 0,
        "full_address": "2128 Chatsworth Blvd, San Diego, CA 92107-2404",
        "url": "pointlomachurch.org",
        "google_maps_url": "https://maps.google.com/?cid=2037272852725148559",
        "size_bucket": "L",
        "affiliate": null
      }
    },
    {
      "id": "6356",
      "type": "Feature",
      "geometry": {
        "type": "Point",
        "coordinates": [
          -117.1614469,
          32.7233606
        ]
      },
      "properties": {
        "church_name": "First Presbyterian Church",
        "lib_level": 0,
        "full_address": "320 Date St, San Diego, CA 92101",
        "url": "www.fpcsd.org",
        "google_maps_url": "https://maps.google.com/?cid=11930321763716776739",
        "size_bucket": "M",
        "affiliate": null
      }
    },
    {
      "id": "6357",
      "type": "Feature",
      "geometry": {
        "type": "Point",
        "coordinates": [
          -117.3290522,
          33.1922279
        ]
      },
      "properties": {
        "church_name": "First Presbyterian Church",
        "lib_level": 1,
        "full_address": "2001 S El Camino Real, Oceanside, CA 92054-6230",
        "url": "www.fpcoceanside.org",
        "google_maps_url": "https://maps.google.com/?cid=1202918399804844886",
        "size_bucket": "M",
        "affiliate": null
      }
    },
    {
      "id": "6365",
      "type": "Feature",
      "geometry": {
        "type": "Point",
        "coordinates": [
          -117.0599164,
          32.6229152
        ]
      },
      "properties": {
        "church_name": "Chula Vista Presbyterian Church",
        "lib_level": 1,
        "full_address": "940 Hilltop Dr, Chula Vista, CA 91911",
        "url": "www.chulavistapres.org",
        "google_maps_url": "https://maps.google.com/?cid=5626780344263938857",
        "size_bucket": "S",
        "affiliate": null
      }
    },
    {
      "id": "6367",
      "type": "Feature",
      "geometry": {
        "type": "Point",
        "coordinates": [
          -116.9265511,
          32.8585788
        ]
      },
      "properties": {
        "church_name": "Community Presbyterian Church",
        "lib_level": 0,
        "full_address": "9908 Channel Rd, Lakeside, CA 92040",
        "url": "www.lakesidepc.org",
        "google_maps_url": "https://maps.google.com/?cid=17029352803046554501",
        "size_bucket": "S",
        "affiliate": null
      }
    },
    {
      "id": "6384",
      "type": "Feature",
      "geometry": {
        "type": "Point",
        "coordinates": [
          -118.1930203,
          34.200573
        ]
      },
      "properties": {
        "church_name": "La Canada Presbyterian Church",
        "lib_level": 0,
        "full_address": "626 Foothill Blvd, La Canada, CA 91011-3401",
        "url": "www.lacanadapc.org",
        "google_maps_url": null,
        "size_bucket": "L",
        "affiliate": null
      }
    },
    {
      "id": "6385",
      "type": "Feature",
      "geometry": {
        "type": "Point",
        "coordinates": [
          -118.5227312,
          34.2592802
        ]
      },
      "properties": {
        "church_name": "First of Granada Hills Presbyterian Church",
        "lib_level": 0,
        "full_address": "10400 Zelzah Ave, Northridge, CA 91326-3510",
        "url": "www.fpcgh.org",
        "google_maps_url": "https://maps.google.com/?cid=7552156425769742023",
        "size_bucket": "M",
        "affiliate": null
      }
    },
    {
      "id": "6386",
      "type": "Feature",
      "geometry": {
        "type": "Point",
        "coordinates": [
          -118.2424565,
          34.2170026
        ]
      },
      "properties": {
        "church_name": "La Crescenta Presbyterian Church",
        "lib_level": 0,
        "full_address": "2902 Montrose Ave, La Crescenta, CA 91214-3861",
        "url": "www.lcpc.net",
        "google_maps_url": "https://maps.google.com/?cid=16703641250295963499",
        "size_bucket": "M",
        "affiliate": null
      }
    },
    {
      "id": "6389",
      "type": "Feature",
      "geometry": {
        "type": "Point",
        "coordinates": [
          -118.8205337,
          34.1461161
        ]
      },
      "properties": {
        "church_name": "Westminster Presbyterian Church",
        "lib_level": 0,
        "full_address": "32111 Watergate Rd, Westlake Village, CA 91361-3602",
        "url": "www.wpcwestlake.org",
        "google_maps_url": "https://maps.google.com/?cid=5913755425549804171",
        "size_bucket": "S",
        "affiliate": null
      }
    },
    {
      "id": "6390",
      "type": "Feature",
      "geometry": {
        "type": "Point",
        "coordinates": [
          -118.3050936,
          34.1849602
        ]
      },
      "properties": {
        "church_name": "First Presbyterian Church",
        "lib_level": 0,
        "full_address": "521 E Olive Ave, Burbank, CA 91501-2112",
        "url": "www.burbankpres.org",
        "google_maps_url": "https://maps.google.com/?cid=7671833535486074631",
        "size_bucket": "S",
        "affiliate": null
      }
    },
    {
      "id": "6405",
      "type": "Feature",
      "geometry": {
        "type": "Point",
        "coordinates": [
          -118.1930203,
          34.200573
        ]
      },
      "properties": {
        "church_name": "Radiance Community Presbyterian Church",
        "lib_level": 0,
        "full_address": "626 Foothill Blvd, LaCanada, CA 91011-340",
        "url": null,
        "google_maps_url": null,
        "size_bucket": null,
        "affiliate": null
      }
    },
    {
      "id": "6411",
      "type": "Feature",
      "geometry": {
        "type": "Point",
        "coordinates": [
          -118.1607241,
          34.6971711
        ]
      },
      "properties": {
        "church_name": "Lancaster Presbyterian Church",
        "lib_level": 0,
        "full_address": "1661 W Lancaster Blvd, Lancaster, CA 93534-2124",
        "url": "www.lancasterpres.com",
        "google_maps_url": "https://maps.google.com/?cid=8100424388670811120",
        "size_bucket": null,
        "affiliate": null
      }
    },
    {
      "id": "6418",
      "type": "Feature",
      "geometry": {
        "type": "Point",
        "coordinates": [
          -122.3705304,
          37.5859317
        ]
      },
      "properties": {
        "church_name": "First Presbyterian Church",
        "lib_level": 0,
        "full_address": "1500 Easton Dr, Burlingame, CA 94010-4868",
        "url": "www.burlpres.church",
        "google_maps_url": null,
        "size_bucket": "XL",
        "affiliate": null
      }
    },
    {
      "id": "6420",
      "type": "Feature",
      "geometry": {
        "type": "Point",
        "coordinates": [
          -122.1593486,
          37.88715450000001
        ]
      },
      "properties": {
        "church_name": "Lafayette-Orinda Presbyterian Church",
        "lib_level": 1,
        "full_address": "49 Knox Dr, Lafayette, CA 94549-3322",
        "url": "www.lopc.org",
        "google_maps_url": "https://maps.google.com/?cid=505247951336796690",
        "size_bucket": "L",
        "affiliate": null
      }
    },
    {
      "id": "6423",
      "type": "Feature",
      "geometry": {
        "type": "Point",
        "coordinates": [
          -122.3091798,
          37.5434948
        ]
      },
      "properties": {
        "church_name": "Waypoint Presbyterian Church",
        "lib_level": 0,
        "full_address": "194 W 25th Ave, San Mateo, CA 94403-2208",
        "url": "www.waypoint.church",
        "google_maps_url": "https://maps.google.com/?cid=14486470291762331275",
        "size_bucket": "M",
        "affiliate": null
      }
    },
    {
      "id": "6460",
      "type": "Feature",
      "geometry": {
        "type": "Point",
        "coordinates": [
          -122.3091798,
          37.5434948
        ]
      },
      "properties": {
        "church_name": "Latinos Unidos enCristo Presbyterian Church",
        "lib_level": 0,
        "full_address": "194 W 25th Ave, San Mateo, CA 94403-2208",
        "url": null,
        "google_maps_url": null,
        "size_bucket": null,
        "affiliate": null
      }
    },
    {
      "id": "6467",
      "type": "Feature",
      "geometry": {
        "type": "Point",
        "coordinates": [
          -122.3184913,
          37.5719848
        ]
      },
      "properties": {
        "church_name": "Sturge Presbyterian Church",
        "lib_level": 1,
        "full_address": "25 S Humboldt St, San Mateo, CA 94401-2925",
        "url": "www.sturge.org",
        "google_maps_url": "https://maps.google.com/?cid=1134415042212561765",
        "size_bucket": null,
        "affiliate": null
      }
    },
    {
      "id": "6468",
      "type": "Feature",
      "geometry": {
        "type": "Point",
        "coordinates": [
          -122.1547801,
          37.7256856
        ]
      },
      "properties": {
        "church_name": "First Presbyterian Church",
        "lib_level": 0,
        "full_address": "180 Estudillo Ave, San Leandro, CA 94577",
        "url": "firstpresbyterianchurchsl.org",
        "google_maps_url": null,
        "size_bucket": null,
        "affiliate": null
      }
    },
    {
      "id": "6470",
      "type": "Feature",
      "geometry": {
        "type": "Point",
        "coordinates": [
          -122.4082711,
          37.7130273
        ]
      },
      "properties": {
        "church_name": "St James Presbyterian Church",
        "lib_level": 0,
        "full_address": "240 Leland Ave, San Francisco, CA 94134",
        "url": "stjamespcsf.org",
        "google_maps_url": "https://maps.google.com/?cid=4311559164193615462",
        "size_bucket": null,
        "affiliate": null
      }
    },
    {
      "id": "6487",
      "type": "Feature",
      "geometry": {
        "type": "Point",
        "coordinates": [
          -118.0576405,
          34.1110628
        ]
      },
      "properties": {
        "church_name": "Mideast Evangelical Presbyterian Church",
        "lib_level": 0,
        "full_address": "9723 Garibaldi Ave, Temple City, CA 91780",
        "url": "www.mec.church/mec_wp/",
        "google_maps_url": null,
        "size_bucket": "M",
        "affiliate": null
      }
    },
    {
      "id": "6505",
      "type": "Feature",
      "geometry": {
        "type": "Point",
        "coordinates": [
          -118.0576405,
          34.1110628
        ]
      },
      "properties": {
        "church_name": "Grace Taiwanese Presbyterian Church",
        "lib_level": 0,
        "full_address": "9723 Garibaldi Ave, Temple City, CA 91780",
        "url": null,
        "google_maps_url": null,
        "size_bucket": "XS",
        "affiliate": null
      }
    },
    {
      "id": "6510",
      "type": "Feature",
      "geometry": {
        "type": "Point",
        "coordinates": [
          -118.0277284,
          34.1316226
        ]
      },
      "properties": {
        "church_name": "Arabic Evangelical Presbyterian Church",
        "lib_level": 0,
        "full_address": "121 Alice St, Arcadia, CA 91006",
        "url": null,
        "google_maps_url": null,
        "size_bucket": null,
        "affiliate": null
      }
    },
    {
      "id": "6515",
      "type": "Feature",
      "geometry": {
        "type": "Point",
        "coordinates": [
          -118.0277284,
          34.1316226
        ]
      },
      "properties": {
        "church_name": "Arcadia Presbyterian Church",
        "lib_level": 0,
        "full_address": "121 Alice St, Arcadia, CA 91006",
        "url": "www.arcadia.church",
        "google_maps_url": "https://maps.google.com/?cid=5262388172638926896",
        "size_bucket": null,
        "affiliate": null
      }
    },
    {
      "id": "6566",
      "type": "Feature",
      "geometry": {
        "type": "Point",
        "coordinates": [
          -119.2525065,
          34.449777
        ]
      },
      "properties": {
        "church_name": "Ojai Presbyterian Church",
        "lib_level": 1,
        "full_address": "304 N Foothill Rd, Ojai, CA 93023-2425",
        "url": "www.ojaipc.org",
        "google_maps_url": "https://maps.google.com/?cid=7358618032808055448",
        "size_bucket": "M",
        "affiliate": null
      }
    },
    {
      "id": "6572",
      "type": "Feature",
      "geometry": {
        "type": "Point",
        "coordinates": [
          -118.8678726,
          34.2712682
        ]
      },
      "properties": {
        "church_name": "Moorpark Presbyterian Church",
        "lib_level": 0,
        "full_address": "13950 Peach Hill Rd, Moorpark, CA 93021",
        "url": "www.mpclife.org",
        "google_maps_url": "https://maps.google.com/?cid=2215371917017979498",
        "size_bucket": "M",
        "affiliate": null
      }
    },
    {
      "id": "6578",
      "type": "Feature",
      "geometry": {
        "type": "Point",
        "coordinates": [
          -119.5158685,
          34.39893
        ]
      },
      "properties": {
        "church_name": "Community Presbyterian Church",
        "lib_level": 0,
        "full_address": "1111 Vallecito Rd, Carpinteria, CA 93013",
        "url": "carpinteriacommunitychurch.org",
        "google_maps_url": null,
        "size_bucket": "S",
        "affiliate": null
      }
    },
    {
      "id": "6581",
      "type": "Feature",
      "geometry": {
        "type": "Point",
        "coordinates": [
          -119.1872135,
          34.2155473
        ]
      },
      "properties": {
        "church_name": "First Presbyterian Church",
        "lib_level": 0,
        "full_address": "850 Ivywood Dr, Oxnard, CA 93030",
        "url": "www.fpox.org",
        "google_maps_url": "https://maps.google.com/?cid=14607682610045835566",
        "size_bucket": "S",
        "affiliate": null
      }
    },
    {
      "id": "6585",
      "type": "Feature",
      "geometry": {
        "type": "Point",
        "coordinates": [
          -120.678396,
          35.6145809
        ]
      },
      "properties": {
        "church_name": "Highlands Community Presbyterian Church",
        "lib_level": 0,
        "full_address": "215 Oak Hill Rd, Paso Robles, CA 93446-5427",
        "url": "www.highlandsadventure.org",
        "google_maps_url": null,
        "size_bucket": null,
        "affiliate": null
      }
    },
    {
      "id": "6598",
      "type": "Feature",
      "geometry": {
        "type": "Point",
        "coordinates": [
          -106.5208324,
          35.1735021
        ]
      },
      "properties": {
        "church_name": "Sandia Presbyterian Church",
        "lib_level": 0,
        "full_address": "10704 Paseo Del Norte NE, Albuquerque, NM 87122-3112",
        "url": "www.sandiapres.org",
        "google_maps_url": "https://maps.google.com/?cid=16773501203982235913",
        "size_bucket": "L",
        "affiliate": null
      }
    },
    {
      "id": "6600",
      "type": "Feature",
      "geometry": {
        "type": "Point",
        "coordinates": [
          -105.9404692,
          35.6901328
        ]
      },
      "properties": {
        "church_name": "First Presbyterian Church",
        "lib_level": 1,
        "full_address": "208 Grant Ave, Santa Fe, NM 87501-1932",
        "url": "www.fpcsantafe.org",
        "google_maps_url": null,
        "size_bucket": "M",
        "affiliate": null
      }
    },
    {
      "id": "6624",
      "type": "Feature",
      "geometry": {
        "type": "Point",
        "coordinates": [
          -82.8466321,
          31.509059
        ]
      },
      "properties": {
        "church_name": "First Presbyterian Church",
        "lib_level": 0,
        "full_address": "407 E Ward St, Douglas, GA 31534",
        "url": "1stpresbyteriandouglasga.com",
        "google_maps_url": "https://maps.google.com/?cid=14848320058892261838",
        "size_bucket": "XS",
        "affiliate": null
      }
    },
    {
      "id": "6626",
      "type": "Feature",
      "geometry": {
        "type": "Point",
        "coordinates": [
          -81.4918908,
          31.1560346
        ]
      },
      "properties": {
        "church_name": "Brunswick Second Presbyterian Church",
        "lib_level": 0,
        "full_address": "1901 Albany St, Brunswick, GA 31520-5908",
        "url": "www.facebook.com/bwk2ndpcusa",
        "google_maps_url": "https://maps.google.com/?cid=4154543205764739406",
        "size_bucket": "XS",
        "affiliate": null
      }
    },
    {
      "id": "6628",
      "type": "Feature",
      "geometry": {
        "type": "Point",
        "coordinates": [
          -81.4338369,
          31.3720093
        ]
      },
      "properties": {
        "church_name": "Grant Chapel Presbyterian Church",
        "lib_level": 1,
        "full_address": "504 N Way, Darien, GA 31305",
        "url": null,
        "google_maps_url": null,
        "size_bucket": "XS",
        "affiliate": null
      }
    },
    {
      "id": "6637",
      "type": "Feature",
      "geometry": {
        "type": "Point",
        "coordinates": [
          -81.42549850000002,
          31.0700507
        ]
      },
      "properties": {
        "church_name": "Jekyll Community Presbyterian Church",
        "lib_level": 0,
        "full_address": "475 Riverview Dr, Jekyll Island, GA 31527",
        "url": null,
        "google_maps_url": "https://maps.google.com/?cid=10304590018565465150",
        "size_bucket": "S",
        "affiliate": null
      }
    },
    {
      "id": "6645",
      "type": "Feature",
      "geometry": {
        "type": "Point",
        "coordinates": [
          -81.49204089999999,
          31.1443852
        ]
      },
      "properties": {
        "church_name": "First Presbyterian Church",
        "lib_level": 0,
        "full_address": "1105 Union St, Brunswick, GA 31520-7320",
        "url": "www.fpcbrunswick.com",
        "google_maps_url": "https://maps.google.com/?cid=8194506365584642773",
        "size_bucket": "XS",
        "affiliate": null
      }
    },
    {
      "id": "6646",
      "type": "Feature",
      "geometry": {
        "type": "Point",
        "coordinates": [
          -81.88277959999999,
          31.6015038
        ]
      },
      "properties": {
        "church_name": "Jesup Presbyterian Church",
        "lib_level": 0,
        "full_address": "297 S Brunswick St, Jesup, GA 31546",
        "url": "www.jesuppresbyterian.org",
        "google_maps_url": "https://maps.google.com/?cid=6824052822725302124",
        "size_bucket": "XS",
        "affiliate": null
      }
    },
    {
      "id": "6647",
      "type": "Feature",
      "geometry": {
        "type": "Point",
        "coordinates": [
          -81.43621639999999,
          31.371587
        ]
      },
      "properties": {
        "church_name": "First Presbyterian Church",
        "lib_level": 1,
        "full_address": "304 3rd St W, Darien, GA 31305",
        "url": "www.firstpresbyterianofdarien.org",
        "google_maps_url": "https://maps.google.com/?cid=17113001338819917843",
        "size_bucket": "XS",
        "affiliate": null
      }
    },
    {
      "id": "6654",
      "type": "Feature",
      "geometry": {
        "type": "Point",
        "coordinates": [
          -81.5707128,
          31.8695403
        ]
      },
      "properties": {
        "church_name": "Flemington Presbyterian Church",
        "lib_level": 0,
        "full_address": "875 Old Sunbury Rd, Hinesville, GA 31313-0341",
        "url": "www.facebook.com/flempres",
        "google_maps_url": "https://maps.google.com/?cid=1354287341198483815",
        "size_bucket": null,
        "affiliate": null
      }
    },
    {
      "id": "6655",
      "type": "Feature",
      "geometry": {
        "type": "Point",
        "coordinates": [
          -82.238788,
          31.3022032
        ]
      },
      "properties": {
        "church_name": "Blackshear Presbyterian Church",
        "lib_level": 0,
        "full_address": "432 Main St, Blackshear, GA 31516-0607",
        "url": "www.blackshearpresbyterian.org",
        "google_maps_url": "https://maps.google.com/?cid=18357819168505213288",
        "size_bucket": null,
        "affiliate": null
      }
    },
    {
      "id": "6661",
      "type": "Feature",
      "geometry": {
        "type": "Point",
        "coordinates": [
          -83.3953461,
          39.6046967
        ]
      },
      "properties": {
        "church_name": "First Presbyterian Church",
        "lib_level": 1,
        "full_address": "27 Wayne St, Bloomingburg, OH 43106, USA",
        "url": null,
        "google_maps_url": "https://maps.google.com/?cid=1467524378268453125",
        "size_bucket": "XS",
        "affiliate": null
      }
    },
    {
      "id": "6674",
      "type": "Feature",
      "geometry": {
        "type": "Point",
        "coordinates": [
          -83.0545202,
          40.1952714
        ]
      },
      "properties": {
        "church_name": "Liberty Presbyterian Church",
        "lib_level": 1,
        "full_address": "7080 Olentangy River Rd, Delaware, OH 43015-9208",
        "url": "www.libertybarnchurch.com",
        "google_maps_url": "https://maps.google.com/?cid=826846379517087246",
        "size_bucket": "L",
        "affiliate": null
      }
    },
    {
      "id": "6675",
      "type": "Feature",
      "geometry": {
        "type": "Point",
        "coordinates": [
          -82.88996929999999,
          40.1000552
        ]
      },
      "properties": {
        "church_name": "Central College Presbyterian Church",
        "lib_level": 0,
        "full_address": "975 S Sunbury Rd, Westerville, OH 43081",
        "url": "www.ccpc.us",
        "google_maps_url": null,
        "size_bucket": "L",
        "affiliate": null
      }
    },
    {
      "id": "6677",
      "type": "Feature",
      "geometry": {
        "type": "Point",
        "coordinates": [
          -83.01927859999999,
          40.0895013
        ]
      },
      "properties": {
        "church_name": "Worthington Presbyterian Church",
        "lib_level": 1,
        "full_address": "773 High St, Worthington, OH 43085",
        "url": "www.wpcnow.org",
        "google_maps_url": "https://maps.google.com/?cid=12181323454848632684",
        "size_bucket": "M",
        "affiliate": null
      }
    },
    {
      "id": "6678",
      "type": "Feature",
      "geometry": {
        "type": "Point",
        "coordinates": [
          -82.60149210000002,
          39.7158242
        ]
      },
      "properties": {
        "church_name": "First Presbyterian Church",
        "lib_level": 1,
        "full_address": "222 N Broad St, Lancaster, OH 43130",
        "url": "www.firstpbc.org",
        "google_maps_url": null,
        "size_bucket": "M",
        "affiliate": null
      }
    },
    {
      "id": "6680",
      "type": "Feature",
      "geometry": {
        "type": "Point",
        "coordinates": [
          -82.9905428,
          39.3235331
        ]
      },
      "properties": {
        "church_name": "First Presbyterian Church",
        "lib_level": 0,
        "full_address": "13 Mead Dr, Chillicothe, OH 45601",
        "url": "www.fpcchillicothe.org",
        "google_maps_url": "https://maps.google.com/?cid=15636200032341752218",
        "size_bucket": "M",
        "affiliate": null
      }
    },
    {
      "id": "6684",
      "type": "Feature",
      "geometry": {
        "type": "Point",
        "coordinates": [
          -82.4089427,
          39.5414776
        ]
      },
      "properties": {
        "church_name": "First Presbyterian Church",
        "lib_level": 0,
        "full_address": "2 W Hunter St, Logan, OH 43138",
        "url": "www.loganfpc.org",
        "google_maps_url": null,
        "size_bucket": "M",
        "affiliate": null
      }
    },
    {
      "id": "6686",
      "type": "Feature",
      "geometry": {
        "type": "Point",
        "coordinates": [
          -83.4421356,
          39.5362554
        ]
      },
      "properties": {
        "church_name": "First Presbyterian Church",
        "lib_level": 1,
        "full_address": "214 N Hinde St, Washington Court House, OH 43160",
        "url": "www.wchofpc.org/",
        "google_maps_url": null,
        "size_bucket": "S",
        "affiliate": null
      }
    },
    {
      "id": "6702",
      "type": "Feature",
      "geometry": {
        "type": "Point",
        "coordinates": [
          -83.0383873,
          39.983478
        ]
      },
      "properties": {
        "church_name": "Boulevard Presbyterian Church",
        "lib_level": 1,
        "full_address": "1235 Northwest Blvd, Grandview Heights, OH 43212-3597",
        "url": "www.blvdchurch.org",
        "google_maps_url": "https://maps.google.com/?cid=4138100787491071460",
        "size_bucket": "S",
        "affiliate": null
      }
    },
    {
      "id": "6732",
      "type": "Feature",
      "geometry": {
        "type": "Point",
        "coordinates": [
          -82.48367189999999,
          40.3948578
        ]
      },
      "properties": {
        "church_name": "First Presbyterian Church",
        "lib_level": 0,
        "full_address": "106 N Gay St, Mt Vernon, OH 43050-2598",
        "url": "www.mtvpres.org",
        "google_maps_url": "https://maps.google.com/?cid=10428043405954013345",
        "size_bucket": null,
        "affiliate": null
      }
    },
    {
      "id": "6742",
      "type": "Feature",
      "geometry": {
        "type": "Point",
        "coordinates": [
          -122.2054024,
          47.6263629
        ]
      },
      "properties": {
        "church_name": "First Presbyterian Church",
        "lib_level": 0,
        "full_address": "1717 Bellevue Way NE, Bellevue, WA 98004-2853",
        "url": "www.belpres.org",
        "google_maps_url": "https://maps.google.com/?cid=3514467248734996492",
        "size_bucket": "XL",
        "affiliate": null
      }
    },
    {
      "id": "6743",
      "type": "Feature",
      "geometry": {
        "type": "Point",
        "coordinates": [
          -122.3116263,
          47.6625978
        ]
      },
      "properties": {
        "church_name": "University Presbyterian Church",
        "lib_level": 0,
        "full_address": "4540 15th Ave NE, Seattle, WA 98105-4507",
        "url": "www.upc.org",
        "google_maps_url": "https://maps.google.com/?cid=15068575178426854363",
        "size_bucket": "L",
        "affiliate": null
      }
    },
    {
      "id": "6752",
      "type": "Feature",
      "geometry": {
        "type": "Point",
        "coordinates": [
          -122.6601094,
          47.6473777
        ]
      },
      "properties": {
        "church_name": "Central Kitsap Presbyterian Church",
        "lib_level": 0,
        "full_address": "9300 Nels Nelson Rd NW, Bremerton, WA 98311",
        "url": "www.ckpc.org",
        "google_maps_url": "https://maps.google.com/?cid=8513225251167017618",
        "size_bucket": "M",
        "affiliate": null
      }
    },
    {
      "id": "6847",
      "type": "Feature",
      "geometry": {
        "type": "Point",
        "coordinates": [
          -78.1973613,
          38.91719
        ]
      },
      "properties": {
        "church_name": "Front Royal Presbyterian Church",
        "lib_level": 0,
        "full_address": "115 Luray Ave, Front Royal, VA 22630",
        "url": "www.frontroyalpres.org",
        "google_maps_url": "https://maps.google.com/?cid=5810445071022127092",
        "size_bucket": "S",
        "affiliate": null
      }
    },
    {
      "id": "6883",
      "type": "Feature",
      "geometry": {
        "type": "Point",
        "coordinates": [
          -80.353303,
          41.0285109
        ]
      },
      "properties": {
        "church_name": "Northminster Presbyterian Church",
        "lib_level": 0,
        "full_address": "2434 Wilmington Road, New Castle, PA 16105",
        "url": "northminster-church.com",
        "google_maps_url": null,
        "size_bucket": "M",
        "affiliate": null
      }
    },
    {
      "id": "6884",
      "type": "Feature",
      "geometry": {
        "type": "Point",
        "coordinates": [
          -80.4443561,
          41.2659049
        ]
      },
      "properties": {
        "church_name": "Faith Presbyterian Church",
        "lib_level": 0,
        "full_address": "2370 N Hermitage Rd, Hermitage, PA 16148-6644",
        "url": "www.faithpc.net",
        "google_maps_url": null,
        "size_bucket": "S",
        "affiliate": null
      }
    },
    {
      "id": "6891",
      "type": "Feature",
      "geometry": {
        "type": "Point",
        "coordinates": [
          -80.0952646,
          41.0910586
        ]
      },
      "properties": {
        "church_name": "North Liberty Presbyterian Church",
        "lib_level": 0,
        "full_address": "209 N Liberty-Plain Grove Rd, Grove City, PA 16127",
        "url": "www.northlibertypc.org",
        "google_maps_url": "https://maps.google.com/?cid=17078951842394980538",
        "size_bucket": "S",
        "affiliate": null
      }
    },
    {
      "id": "6892",
      "type": "Feature",
      "geometry": {
        "type": "Point",
        "coordinates": [
          -80.49441809999999,
          40.9769859
        ]
      },
      "properties": {
        "church_name": "Bessemer Presbyterian Church",
        "lib_level": 0,
        "full_address": "29 N Main St, Bessemer, PA 16112",
        "url": "www.bessemerpresbyterian.org",
        "google_maps_url": "https://maps.google.com/?cid=17878574708381660910",
        "size_bucket": "S",
        "affiliate": null
      }
    },
    {
      "id": "6902",
      "type": "Feature",
      "geometry": {
        "type": "Point",
        "coordinates": [
          -80.49816969999999,
          41.232351
        ]
      },
      "properties": {
        "church_name": "First Presbyterian Church",
        "lib_level": 1,
        "full_address": "600 E State St, Sharon, PA 16146",
        "url": "www.1stpcs.org",
        "google_maps_url": "https://maps.google.com/?cid=16704411676455954564",
        "size_bucket": null,
        "affiliate": null
      }
    },
    {
      "id": "6912",
      "type": "Feature",
      "geometry": {
        "type": "Point",
        "coordinates": [
          -80.3410608,
          41.0191464
        ]
      },
      "properties": {
        "church_name": "Clen Moore Presbyterian Church",
        "lib_level": 0,
        "full_address": "220 Clen Moore Blvd, New Castle, PA 16105",
        "url": "www.clenmoore.org",
        "google_maps_url": "https://maps.google.com/?cid=2012592965918077423",
        "size_bucket": null,
        "affiliate": null
      }
    },
    {
      "id": "6913",
      "type": "Feature",
      "geometry": {
        "type": "Point",
        "coordinates": [
          -80.36907219999999,
          41.1988998
        ]
      },
      "properties": {
        "church_name": "Lebanon Presbyterian Church",
        "lib_level": 0,
        "full_address": "2090 Mercer-W Middlesex, Mercer, PA 16137-2628",
        "url": null,
        "google_maps_url": "https://maps.google.com/?cid=18106086880331680651",
        "size_bucket": null,
        "affiliate": null
      }
    },
    {
      "id": "6915",
      "type": "Feature",
      "geometry": {
        "type": "Point",
        "coordinates": [
          -80.0721772,
          41.22883789999999
        ]
      },
      "properties": {
        "church_name": "Ebenezer Presbyterian Church",
        "lib_level": 0,
        "full_address": "2426 Scrubgrass Rd, Grove City, PA 16127",
        "url": "www.ebenezerpresbyterianchurchgc.com",
        "google_maps_url": "https://maps.google.com/?cid=2436560670408395811",
        "size_bucket": null,
        "affiliate": null
      }
    },
    {
      "id": "6917",
      "type": "Feature",
      "geometry": {
        "type": "Point",
        "coordinates": [
          -85.83551109999999,
          33.6123363
        ]
      },
      "properties": {
        "church_name": "Dodson Memorial Presbyterian Church",
        "lib_level": 0,
        "full_address": "825 S Main St, Oxford, AL 36203",
        "url": null,
        "google_maps_url": "https://maps.google.com/?cid=3377115161174945164",
        "size_bucket": "XS",
        "affiliate": null
      }
    },
    {
      "id": "6922",
      "type": "Feature",
      "geometry": {
        "type": "Point",
        "coordinates": [
          -86.31235939999999,
          32.361112
        ]
      },
      "properties": {
        "church_name": "Calvary Presbyterian Church",
        "lib_level": 1,
        "full_address": "164 Wade St, Montgomery, AL 36104",
        "url": null,
        "google_maps_url": "https://maps.google.com/?cid=7701355150154434848",
        "size_bucket": "XS",
        "affiliate": null
      }
    },
    {
      "id": "6925",
      "type": "Feature",
      "geometry": {
        "type": "Point",
        "coordinates": [
          -86.7971598,
          33.3648725
        ]
      },
      "properties": {
        "church_name": "Riverchase Presbyterian Church",
        "lib_level": 1,
        "full_address": "600 Riverchase Pkwy W, Birmingham, AL 35244-1135",
        "url": "www.riverchasepc.net",
        "google_maps_url": "https://maps.google.com/?cid=14989425882880263830",
        "size_bucket": "XS",
        "affiliate": null
      }
    },
    {
      "id": "6933",
      "type": "Feature",
      "geometry": {
        "type": "Point",
        "coordinates": [
          -86.7797466,
          33.5083882
        ]
      },
      "properties": {
        "church_name": "Independent Presbyterian Church",
        "lib_level": 1,
        "full_address": "3100 Highland Ave, Birmingham, AL 35205-1408",
        "url": "www.ipc-usa.org",
        "google_maps_url": "https://maps.google.com/?cid=3640276841160260639",
        "size_bucket": "L",
        "affiliate": null
      }
    },
    {
      "id": "6934",
      "type": "Feature",
      "geometry": {
        "type": "Point",
        "coordinates": [
          -87.5673498,
          33.2053156
        ]
      },
      "properties": {
        "church_name": "First Presbyterian Church",
        "lib_level": 1,
        "full_address": "900 Greensboro Ave, Tuscaloosa, AL 35401-2310",
        "url": "www.fpctusc.org",
        "google_maps_url": null,
        "size_bucket": "M",
        "affiliate": null
      }
    },
    {
      "id": "6935",
      "type": "Feature",
      "geometry": {
        "type": "Point",
        "coordinates": [
          -86.7943648,
          33.4993942
        ]
      },
      "properties": {
        "church_name": "South Highland Presbyterian Church",
        "lib_level": 0,
        "full_address": "2035 Highland Ave S, Birmingham, AL 35205",
        "url": "www.southhighland.org",
        "google_maps_url": "https://maps.google.com/?cid=15514758919613213165",
        "size_bucket": "M",
        "affiliate": null
      }
    },
    {
      "id": "6948",
      "type": "Feature",
      "geometry": {
        "type": "Point",
        "coordinates": [
          -86.1009005,
          33.436302
        ]
      },
      "properties": {
        "church_name": "First Presbyterian Church",
        "lib_level": 1,
        "full_address": "130 North St E, Talladega, AL 35160",
        "url": null,
        "google_maps_url": "https://maps.google.com/?cid=4358138478456717877",
        "size_bucket": "XS",
        "affiliate": null
      }
    },
    {
      "id": "6949",
      "type": "Feature",
      "geometry": {
        "type": "Point",
        "coordinates": [
          -86.1948312,
          32.3498919
        ]
      },
      "properties": {
        "church_name": "Providence Presbyterian Church",
        "lib_level": 1,
        "full_address": "2130 Bell Rd, Montgomery, AL 36117",
        "url": "providencepres.life",
        "google_maps_url": null,
        "size_bucket": "XS",
        "affiliate": null
      }
    },
    {
      "id": "6955",
      "type": "Feature",
      "geometry": {
        "type": "Point",
        "coordinates": [
          -85.9494476,
          32.9486008
        ]
      },
      "properties": {
        "church_name": "First Presbyterian Church",
        "lib_level": 1,
        "full_address": "371 Jefferson St, Alexander City, AL 35011",
        "url": "www.fpcalexcity.net",
        "google_maps_url": "https://maps.google.com/?cid=14303408171082774888",
        "size_bucket": "XS",
        "affiliate": null
      }
    },
    {
      "id": "6972",
      "type": "Feature",
      "geometry": {
        "type": "Point",
        "coordinates": [
          -85.83830720000002,
          33.6639243
        ]
      },
      "properties": {
        "church_name": "First United Presbyterian Church",
        "lib_level": 1,
        "full_address": "701 W 15th St, Anniston, AL 36201",
        "url": null,
        "google_maps_url": "https://maps.google.com/?cid=4149301170054252738",
        "size_bucket": null,
        "affiliate": null
      }
    },
    {
      "id": "6975",
      "type": "Feature",
      "geometry": {
        "type": "Point",
        "coordinates": [
          -86.65534939999999,
          33.449058
        ]
      },
      "properties": {
        "church_name": "Bold Springs Presbyterian Church",
        "lib_level": 0,
        "full_address": "7544 Cahaba Valley Rd, Birmingham, AL 35424",
        "url": "www.boldspringschurch.org",
        "google_maps_url": "https://maps.google.com/?cid=9768073094696949971",
        "size_bucket": null,
        "affiliate": null
      }
    },
    {
      "id": "6990",
      "type": "Feature",
      "geometry": {
        "type": "Point",
        "coordinates": [
          -105.9454873,
          32.9045023
        ]
      },
      "properties": {
        "church_name": "First Presbyterian Church",
        "lib_level": 0,
        "full_address": "1318 14th St, Alamogordo, NM 88310",
        "url": "www.fpcalamogordo.com",
        "google_maps_url": "https://maps.google.com/?cid=1653235177854184314",
        "size_bucket": "XS",
        "affiliate": null
      }
    },
    {
      "id": "6993",
      "type": "Feature",
      "geometry": {
        "type": "Point",
        "coordinates": [
          -88.2283842,
          31.0911498
        ]
      },
      "properties": {
        "church_name": "First Presbyterian Church",
        "lib_level": 0,
        "full_address": "7840 State St, Citronelle, AL 36522",
        "url": null,
        "google_maps_url": "https://maps.google.com/?cid=16688600036590582212",
        "size_bucket": "XS",
        "affiliate": null
      }
    },
    {
      "id": "6995",
      "type": "Feature",
      "geometry": {
        "type": "Point",
        "coordinates": [
          -87.8910496,
          31.5098429
        ]
      },
      "properties": {
        "church_name": "First Presbyterian Church",
        "lib_level": 0,
        "full_address": "302 E Church St, Jackson, AL 36545-0355",
        "url": null,
        "google_maps_url": "https://maps.google.com/?cid=108234428217029923",
        "size_bucket": "XS",
        "affiliate": null
      }
    },
    {
      "id": "6996",
      "type": "Feature",
      "geometry": {
        "type": "Point",
        "coordinates": [
          -85.845136,
          31.3246981
        ]
      },
      "properties": {
        "church_name": "Green Hill Presbyterian Church",
        "lib_level": 0,
        "full_address": "735 E Lee St, Enterprise, AL 36330",
        "url": "www.greenhillpc.com",
        "google_maps_url": "https://maps.google.com/?cid=6866402152775003499",
        "size_bucket": "XS",
        "affiliate": null
      }
    },
    {
      "id": "6999",
      "type": "Feature",
      "geometry": {
        "type": "Point",
        "coordinates": [
          -87.9170299,
          30.5147918
        ]
      },
      "properties": {
        "church_name": "Trinity Presbyterian Church",
        "lib_level": 1,
        "full_address": "545 S Mobile St, Fairhope, AL 36532",
        "url": "www.tpcfairhope.org",
        "google_maps_url": "https://maps.google.com/?cid=13378703757228007102",
        "size_bucket": "L",
        "affiliate": null
      }
    },
    {
      "id": "7001",
      "type": "Feature",
      "geometry": {
        "type": "Point",
        "coordinates": [
          -88.0444476,
          30.6894967
        ]
      },
      "properties": {
        "church_name": "Government Street Presbyterian Church",
        "lib_level": 1,
        "full_address": "300 Government St, Mobile, AL 36602-2618",
        "url": "www.gspcmobile.org",
        "google_maps_url": "https://maps.google.com/?cid=11799435381403308443",
        "size_bucket": "M",
        "affiliate": null
      }
    },
    {
      "id": "7004",
      "type": "Feature",
      "geometry": {
        "type": "Point",
        "coordinates": [
          -87.6821865,
          30.4188123
        ]
      },
      "properties": {
        "church_name": "First Presbyterian Church",
        "lib_level": 1,
        "full_address": "195 E Berry Ave, Foley, AL 36535",
        "url": "www.firstpresbyterianfoley.org",
        "google_maps_url": null,
        "size_bucket": "S",
        "affiliate": null
      }
    },
    {
      "id": "7028",
      "type": "Feature",
      "geometry": {
        "type": "Point",
        "coordinates": [
          -103.2299543,
          44.0797795
        ]
      },
      "properties": {
        "church_name": "First Presbyterian Church",
        "lib_level": 1,
        "full_address": "710 Kansas City St, Rapid City, SD 57701-2713",
        "url": "www.fpcrc.org",
        "google_maps_url": "https://maps.google.com/?cid=2054599716947815522",
        "size_bucket": "S",
        "affiliate": null
      }
    },
    {
      "id": "7030",
      "type": "Feature",
      "geometry": {
        "type": "Point",
        "coordinates": [
          -98.99066429999999,
          44.519108
        ]
      },
      "properties": {
        "church_name": "First Presbyterian Church",
        "lib_level": 0,
        "full_address": "321 W 1st Ave, Miller, SD 57362",
        "url": "www.millerpresby.com",
        "google_maps_url": "https://maps.google.com/?cid=3983104626735574673",
        "size_bucket": "S",
        "affiliate": null
      }
    },
    {
      "id": "7043",
      "type": "Feature",
      "geometry": {
        "type": "Point",
        "coordinates": [
          -100.3222301,
          44.3639281
        ]
      },
      "properties": {
        "church_name": "Oahe Presbyterian Church",
        "lib_level": 0,
        "full_address": "2115 E Capitol Ave, Pierre, SD 57501-3601",
        "url": "www.oahepresbyterianchurch.com",
        "google_maps_url": "https://maps.google.com/?cid=3041745266295291058",
        "size_bucket": "XS",
        "affiliate": null
      }
    },
    {
      "id": "7060",
      "type": "Feature",
      "geometry": {
        "type": "Point",
        "coordinates": [
          -96.7939899,
          44.3094593
        ]
      },
      "properties": {
        "church_name": "First Presbyterian Church",
        "lib_level": 1,
        "full_address": "405 7th Ave, Brookings, SD 57006-2018",
        "url": "www.brookingspresbyterian.org",
        "google_maps_url": "https://maps.google.com/?cid=11672285464863367160",
        "size_bucket": null,
        "affiliate": null
      }
    },
    {
      "id": "7061",
      "type": "Feature",
      "geometry": {
        "type": "Point",
        "coordinates": [
          -103.2754037,
          44.0771845
        ]
      },
      "properties": {
        "church_name": "Westminster Presbyterian Church",
        "lib_level": 1,
        "full_address": "1012 Sioux San Dr, Rapid City, SD 57702",
        "url": "www.rcwestminster.com",
        "google_maps_url": "https://maps.google.com/?cid=16457574485251974235",
        "size_bucket": null,
        "affiliate": null
      }
    },
    {
      "id": "7074",
      "type": "Feature",
      "geometry": {
        "type": "Point",
        "coordinates": [
          -90.1396054,
          29.9883669
        ]
      },
      "properties": {
        "church_name": "Metairie Ridge Presbyterian Church",
        "lib_level": 1,
        "full_address": "215 Phosphor Ave, Metairie, LA 70005-3732",
        "url": "www.metairieridgepc.org",
        "google_maps_url": "https://maps.google.com/?cid=3115081357333085246",
        "size_bucket": "XS",
        "affiliate": null
      }
    },
    {
      "id": "7076",
      "type": "Feature",
      "geometry": {
        "type": "Point",
        "coordinates": [
          -93.31978079999999,
          30.2300846
        ]
      },
      "properties": {
        "church_name": "Westminster Presbyterian Church",
        "lib_level": 0,
        "full_address": "301 Center Cir, Sulphur, LA 70663",
        "url": "www.sulphurchurch.org",
        "google_maps_url": "https://maps.google.com/?cid=9289913377196328560",
        "size_bucket": "XS",
        "affiliate": null
      }
    },
    {
      "id": "7090",
      "type": "Feature",
      "geometry": {
        "type": "Point",
        "coordinates": [
          -90.1181897,
          29.9302284
        ]
      },
      "properties": {
        "church_name": "St Charles Avenue Presbyterian Church",
        "lib_level": 1,
        "full_address": "1545 State St, New Orleans, LA 70118",
        "url": "www.scapc.org",
        "google_maps_url": "https://maps.google.com/?cid=15512287498531618959",
        "size_bucket": "L",
        "affiliate": null
      }
    },
    {
      "id": "7102",
      "type": "Feature",
      "geometry": {
        "type": "Point",
        "coordinates": [
          -93.2914346,
          30.8484545
        ]
      },
      "properties": {
        "church_name": "First Presbyterian Church",
        "lib_level": 1,
        "full_address": "202 N Royal St, De Ridder, LA 70634",
        "url": "firstpresbyterianchurchderidder.com",
        "google_maps_url": "https://maps.google.com/?cid=12929749699008823769",
        "size_bucket": "XS",
        "affiliate": null
      }
    },
    {
      "id": "7106",
      "type": "Feature",
      "geometry": {
        "type": "Point",
        "coordinates": [
          -93.1582036,
          30.1747671
        ]
      },
      "properties": {
        "church_name": "First Presbyterian Church",
        "lib_level": 0,
        "full_address": "4590 Corbina Rd, Lake Charles, LA 70607",
        "url": "www.firstpres-lc.org",
        "google_maps_url": "https://maps.google.com/?cid=7509907347151864833",
        "size_bucket": "XS",
        "affiliate": null
      }
    },
    {
      "id": "7113",
      "type": "Feature",
      "geometry": {
        "type": "Point",
        "coordinates": [
          -90.759131,
          29.690048
        ]
      },
      "properties": {
        "church_name": "Bayou Blue First Presbyterian Church",
        "lib_level": 0,
        "full_address": "3200 Hwy 316, Gray, LA 70359-4521",
        "url": null,
        "google_maps_url": "https://maps.google.com/?cid=11154497146373788289",
        "size_bucket": null,
        "affiliate": null
      }
    },
    {
      "id": "7116",
      "type": "Feature",
      "geometry": {
        "type": "Point",
        "coordinates": [
          -92.4898748,
          31.2902798
        ]
      },
      "properties": {
        "church_name": "First Presbyterian Church",
        "lib_level": 1,
        "full_address": "357 Windermere Blvd, Alexandria, LA 71303-3540",
        "url": "www.alexandriafpc.org",
        "google_maps_url": null,
        "size_bucket": null,
        "affiliate": null
      }
    },
    {
      "id": "7212",
      "type": "Feature",
      "geometry": {
        "type": "Point",
        "coordinates": [
          -97.33595269999999,
          37.6942336
        ]
      },
      "properties": {
        "church_name": "First Presbyterian Church",
        "lib_level": 1,
        "full_address": "525 N Broadway, Wichita, KS 67214-3591",
        "url": "www.firstchurchwichita.org",
        "google_maps_url": "https://maps.google.com/?cid=11230213999241139148",
        "size_bucket": "S",
        "affiliate": null
      }
    },
    {
      "id": "7220",
      "type": "Feature",
      "geometry": {
        "type": "Point",
        "coordinates": [
          -97.6661134,
          38.3866745
        ]
      },
      "properties": {
        "church_name": "First Presbyterian Church",
        "lib_level": 0,
        "full_address": "1400 N Main St, McPherson, KS 67460",
        "url": "www.fpcmcpherson.org",
        "google_maps_url": "https://maps.google.com/?cid=11243162842824561113",
        "size_bucket": "XS",
        "affiliate": null
      }
    },
    {
      "id": "7243",
      "type": "Feature",
      "geometry": {
        "type": "Point",
        "coordinates": [
          -71.13666800000001,
          41.69171499999999
        ]
      },
      "properties": {
        "church_name": "Calvary United Presbyterian Church",
        "lib_level": 1,
        "full_address": "216 Harrison St, Fall River, MA 2723",
        "url": null,
        "google_maps_url": "https://maps.google.com/?cid=15512635560953993948",
        "size_bucket": "XS",
        "affiliate": null
      }
    },
    {
      "id": "7247",
      "type": "Feature",
      "geometry": {
        "type": "Point",
        "coordinates": [
          -73.4881304,
          41.0608265
        ]
      },
      "properties": {
        "church_name": "Noroton Presbyterian Church",
        "lib_level": 0,
        "full_address": "2011 Post Rd, Darien, CT 6820",
        "url": "www.norotonchurch.org",
        "google_maps_url": "https://maps.google.com/?cid=11126070774399465570",
        "size_bucket": "XL",
        "affiliate": null
      }
    },
    {
      "id": "7253",
      "type": "Feature",
      "geometry": {
        "type": "Point",
        "coordinates": [
          -71.4502765,
          41.7125101
        ]
      },
      "properties": {
        "church_name": "Greenwood Community Presbyterian Church",
        "lib_level": 0,
        "full_address": "805 Main Ave, Warwick, RI 2886",
        "url": "www.gccp.org",
        "google_maps_url": "https://maps.google.com/?cid=12086920883585140832",
        "size_bucket": "M",
        "affiliate": null
      }
    },
    {
      "id": "7266",
      "type": "Feature",
      "geometry": {
        "type": "Point",
        "coordinates": [
          -72.9066704,
          41.3652847
        ]
      },
      "properties": {
        "church_name": "New Haven Korean Presbyterian Church",
        "lib_level": 0,
        "full_address": "42 Glen Pkwy, Hamden, CT 06517-1415",
        "url": "www.newhavenchurch.org",
        "google_maps_url": "https://maps.google.com/?cid=11608695949354797868",
        "size_bucket": null,
        "affiliate": null
      }
    },
    {
      "id": "7273",
      "type": "Feature",
      "geometry": {
        "type": "Point",
        "coordinates": [
          -74.9495487,
          39.9777748
        ]
      },
      "properties": {
        "church_name": "First Presbyterian Church",
        "lib_level": 1,
        "full_address": "101 Bridgeboro Rd, Moorestown, NJ 8057",
        "url": "www.fpcmoorestown.org",
        "google_maps_url": "https://maps.google.com/?cid=3625423690471765972",
        "size_bucket": "L",
        "affiliate": null
      }
    },
    {
      "id": "7274",
      "type": "Feature",
      "geometry": {
        "type": "Point",
        "coordinates": [
          -74.9989602,
          39.9114052
        ]
      },
      "properties": {
        "church_name": "Trinity Presbyterian Church",
        "lib_level": 0,
        "full_address": "499 Rte 70 E, Cherry Hill, NJ 08034-2462",
        "url": "www.trinpres.org",
        "google_maps_url": "https://maps.google.com/?cid=17748069417374997355",
        "size_bucket": "M",
        "affiliate": null
      }
    },
    {
      "id": "7280",
      "type": "Feature",
      "geometry": {
        "type": "Point",
        "coordinates": [
          -75.00704089999999,
          39.8214967
        ]
      },
      "properties": {
        "church_name": "St Pauls Presbyterian Church",
        "lib_level": 0,
        "full_address": "433 Park Ave, Laurel Springs, NJ 08021-3125",
        "url": "www.sppres.org",
        "google_maps_url": "https://maps.google.com/?cid=10154486071933754895",
        "size_bucket": "S",
        "affiliate": null
      }
    },
    {
      "id": "7299",
      "type": "Feature",
      "geometry": {
        "type": "Point",
        "coordinates": [
          -75.32726009999999,
          39.6595475
        ]
      },
      "properties": {
        "church_name": "Woodstown Presbyterian Church",
        "lib_level": 1,
        "full_address": "46 Auburn Rd, Woodstown, NJ 8098",
        "url": "www.woodstownchurch.com",
        "google_maps_url": "https://maps.google.com/?cid=5435918201074236175",
        "size_bucket": "XS",
        "affiliate": null
      }
    },
    {
      "id": "7300",
      "type": "Feature",
      "geometry": {
        "type": "Point",
        "coordinates": [
          -75.4659752,
          39.5732981
        ]
      },
      "properties": {
        "church_name": "First Presbyterian Church",
        "lib_level": 0,
        "full_address": "88 Market St, Salem, NJ 08079-1911",
        "url": "www.fpcsnj.com",
        "google_maps_url": "https://maps.google.com/?cid=11046283203988515331",
        "size_bucket": "XS",
        "affiliate": null
      }
    },
    {
      "id": "7314",
      "type": "Feature",
      "geometry": {
        "type": "Point",
        "coordinates": [
          -75.0662566,
          39.8024951
        ]
      },
      "properties": {
        "church_name": "First Presbyterian Church",
        "lib_level": 0,
        "full_address": "21 E Church St, Blackwood, NJ 8012",
        "url": "www.churchonthecorner.org",
        "google_maps_url": "https://maps.google.com/?cid=7480367521784562735",
        "size_bucket": "XS",
        "affiliate": null
      }
    },
    {
      "id": "7335",
      "type": "Feature",
      "geometry": {
        "type": "Point",
        "coordinates": [
          -89.52071289999999,
          34.3656628
        ]
      },
      "properties": {
        "church_name": "First Presbyterian Church",
        "lib_level": 1,
        "full_address": "924 Van Buren Ave, Oxford, MS 38655-3960",
        "url": "www.fpcoxford.net",
        "google_maps_url": "https://maps.google.com/?cid=6097795365895618497",
        "size_bucket": "M",
        "affiliate": null
      }
    },
    {
      "id": "7336",
      "type": "Feature",
      "geometry": {
        "type": "Point",
        "coordinates": [
          -88.7082562,
          34.2594939
        ]
      },
      "properties": {
        "church_name": "First Presbyterian Church",
        "lib_level": 0,
        "full_address": "400 W Jefferson St, Tupelo, MS 38804",
        "url": "www.firstprestupelo.org",
        "google_maps_url": "https://maps.google.com/?cid=11678196981408076818",
        "size_bucket": "M",
        "affiliate": null
      }
    },
    {
      "id": "7339",
      "type": "Feature",
      "geometry": {
        "type": "Point",
        "coordinates": [
          -90.7386405,
          33.748758
        ]
      },
      "properties": {
        "church_name": "First Presbyterian Church",
        "lib_level": 1,
        "full_address": "1100 Hwy 8 W, Cleveland, MS 38732",
        "url": "www.firstpresbyteriancleveland.com",
        "google_maps_url": "https://maps.google.com/?cid=10365532989643489817",
        "size_bucket": "S",
        "affiliate": null
      }
    },
    {
      "id": "7357",
      "type": "Feature",
      "geometry": {
        "type": "Point",
        "coordinates": [
          -89.5188246,
          34.3659868
        ]
      },
      "properties": {
        "church_name": "Sand Spring Presbyterian Church",
        "lib_level": 1,
        "full_address": "258 Cr 354, Oxford, MS 38655",
        "url": null,
        "google_maps_url": null,
        "size_bucket": null,
        "affiliate": null
      }
    },
    {
      "id": "7359",
      "type": "Feature",
      "geometry": {
        "type": "Point",
        "coordinates": [
          -88.6200731,
          34.0892598
        ]
      },
      "properties": {
        "church_name": "Nettleton Presbyterian Church",
        "lib_level": 0,
        "full_address": "262 Main St, Nettleton, MS 38858",
        "url": null,
        "google_maps_url": "https://maps.google.com/?cid=15551436333223375559",
        "size_bucket": null,
        "affiliate": null
      }
    },
    {
      "id": "7382",
      "type": "Feature",
      "geometry": {
        "type": "Point",
        "coordinates": [
          -81.5094072,
          29.4284553
        ]
      },
      "properties": {
        "church_name": "First Presbyterian Church",
        "lib_level": 0,
        "full_address": "301 Cypress Ave, Crescent City, FL 32112-2803",
        "url": null,
        "google_maps_url": "https://maps.google.com/?cid=11032987556964887801",
        "size_bucket": "XS",
        "affiliate": null
      }
    },
    {
      "id": "7384",
      "type": "Feature",
      "geometry": {
        "type": "Point",
        "coordinates": [
          -81.7194483,
          30.3117331
        ]
      },
      "properties": {
        "church_name": "Murray Hill Presbyterian Church",
        "lib_level": 0,
        "full_address": "940 Talbot Ave, Jacksonville, FL 32205-5350",
        "url": "www.mhpcjax.com",
        "google_maps_url": "https://maps.google.com/?cid=8613097411885724497",
        "size_bucket": "XS",
        "affiliate": null
      }
    },
    {
      "id": "7386",
      "type": "Feature",
      "geometry": {
        "type": "Point",
        "coordinates": [
          -81.427032,
          30.3930957
        ]
      },
      "properties": {
        "church_name": "Mayport Presbyterian Church",
        "lib_level": 1,
        "full_address": "1300 Palmer St, Mayport, FL 32233",
        "url": null,
        "google_maps_url": null,
        "size_bucket": "XS",
        "affiliate": null
      }
    },
    {
      "id": "7390",
      "type": "Feature",
      "geometry": {
        "type": "Point",
        "coordinates": [
          -81.3883839,
          30.2623779
        ]
      },
      "properties": {
        "church_name": "Palms Presbyterian Church",
        "lib_level": 1,
        "full_address": "3410 3rd St S, Jacksonville Beach, FL 32250-6099",
        "url": "www.palmschurch.org",
        "google_maps_url": "https://maps.google.com/?cid=17895409558397820513",
        "size_bucket": "L",
        "affiliate": null
      }
    },
    {
      "id": "7395",
      "type": "Feature",
      "geometry": {
        "type": "Point",
        "coordinates": [
          -82.3285128,
          29.6506726
        ]
      },
      "properties": {
        "church_name": "First Presbyterian Church",
        "lib_level": 1,
        "full_address": "106 SW 3rd St, Gainesville, FL 32601-6297",
        "url": "www.1stpc.org",
        "google_maps_url": "https://maps.google.com/?cid=17840968299550992037",
        "size_bucket": "M",
        "affiliate": null
      }
    },
    {
      "id": "7407",
      "type": "Feature",
      "geometry": {
        "type": "Point",
        "coordinates": [
          -81.63010100000001,
          29.6452657
        ]
      },
      "properties": {
        "church_name": "First Presbyterian Church",
        "lib_level": 1,
        "full_address": "123 S 2nd St, Palatka, FL 32177-4706",
        "url": "www.fpcpalatka.com",
        "google_maps_url": "https://maps.google.com/?cid=9048602192712977861",
        "size_bucket": "S",
        "affiliate": null
      }
    },
    {
      "id": "7413",
      "type": "Feature",
      "geometry": {
        "type": "Point",
        "coordinates": [
          -83.56003950000002,
          30.1007395
        ]
      },
      "properties": {
        "church_name": "First Presbyterian Church",
        "lib_level": 1,
        "full_address": "310 Plantation Rd, Perry, FL 32348",
        "url": "firstpresperry.org",
        "google_maps_url": "https://maps.google.com/?cid=5560498181571086476",
        "size_bucket": "S",
        "affiliate": null
      }
    },
    {
      "id": "7419",
      "type": "Feature",
      "geometry": {
        "type": "Point",
        "coordinates": [
          -82.9500213,
          30.5194135
        ]
      },
      "properties": {
        "church_name": "First Presbyterian Church",
        "lib_level": 1,
        "full_address": "208 3rd Ave NW, Jasper, FL 32052",
        "url": "www.fpcjasper.org",
        "google_maps_url": "https://maps.google.com/?cid=5963925672272056327",
        "size_bucket": "XS",
        "affiliate": null
      }
    },
    {
      "id": "7426",
      "type": "Feature",
      "geometry": {
        "type": "Point",
        "coordinates": [
          -81.58205439999999,
          29.6010097
        ]
      },
      "properties": {
        "church_name": "San Mateo Presbyterian Church",
        "lib_level": 0,
        "full_address": "201 Currie Rd, San Mateo, FL 32187",
        "url": "www.sanmateopresbyterianchurch.com",
        "google_maps_url": "https://maps.google.com/?cid=7519017265748326949",
        "size_bucket": null,
        "affiliate": null
      }
    },
    {
      "id": "7429",
      "type": "Feature",
      "geometry": {
        "type": "Point",
        "coordinates": [
          -82.6457159,
          30.1882955
        ]
      },
      "properties": {
        "church_name": "First Presbyterian Church",
        "lib_level": 1,
        "full_address": "697 SW Baya Dr, Lake City, FL 32056",
        "url": "www.fpclc.org",
        "google_maps_url": "https://maps.google.com/?cid=756333665915761130",
        "size_bucket": null,
        "affiliate": null
      }
    },
    {
      "id": "7435",
      "type": "Feature",
      "geometry": {
        "type": "Point",
        "coordinates": [
          -81.2157563,
          29.5817026
        ]
      },
      "properties": {
        "church_name": "Trinity Presbyterian Church",
        "lib_level": 1,
        "full_address": "156 Florida Park Dr, Palm Coast, FL 32137",
        "url": "www.trinitypresbyterianchurch.us",
        "google_maps_url": "https://maps.google.com/?cid=5147796081988845737",
        "size_bucket": null,
        "affiliate": null
      }
    },
    {
      "id": "7481",
      "type": "Feature",
      "geometry": {
        "type": "Point",
        "coordinates": [
          -81.84769299999999,
          27.885818
        ]
      },
      "properties": {
        "church_name": "McLeod Memorial Presbyterian Church",
        "lib_level": 1,
        "full_address": "695 W Stuart St, Bartow, FL 33830-6262",
        "url": "www.bartowmmpc.com",
        "google_maps_url": "https://maps.google.com/?cid=13190384743843987418",
        "size_bucket": "XS",
        "affiliate": null
      }
    },
    {
      "id": "7485",
      "type": "Feature",
      "geometry": {
        "type": "Point",
        "coordinates": [
          -81.7981593,
          27.7529923
        ]
      },
      "properties": {
        "church_name": "First Presbyterian Church",
        "lib_level": 1,
        "full_address": "118 N Pine, Fort Meade, FL 33841",
        "url": null,
        "google_maps_url": "https://maps.google.com/?cid=17666191320951908361",
        "size_bucket": "XS",
        "affiliate": null
      }
    },
    {
      "id": "7490",
      "type": "Feature",
      "geometry": {
        "type": "Point",
        "coordinates": [
          -82.50151249999999,
          27.9237579
        ]
      },
      "properties": {
        "church_name": "Palma Ceia Presbyterian Church",
        "lib_level": 0,
        "full_address": "3501 San Jose, Tampa, FL 33629-7056",
        "url": "palmaceia.org",
        "google_maps_url": "https://maps.google.com/?cid=13793382880940434434",
        "size_bucket": "L",
        "affiliate": null
      }
    },
    {
      "id": "7491",
      "type": "Feature",
      "geometry": {
        "type": "Point",
        "coordinates": [
          -81.93813689999999,
          28.0280283
        ]
      },
      "properties": {
        "church_name": "First Presbyterian Church",
        "lib_level": 0,
        "full_address": "175 Lake Hollingsworth Dr, Lakeland, FL 33801",
        "url": "www.fpclakeland.org",
        "google_maps_url": null,
        "size_bucket": "L",
        "affiliate": null
      }
    },
    {
      "id": "7492",
      "type": "Feature",
      "geometry": {
        "type": "Point",
        "coordinates": [
          -82.7182196,
          28.0188838
        ]
      },
      "properties": {
        "church_name": "Northwood Presbyterian Church",
        "lib_level": 0,
        "full_address": "2875 State Rd 580, Clearwater, FL 33761-3232",
        "url": "www.northwoodpc.org",
        "google_maps_url": "https://maps.google.com/?cid=13079523004908385892",
        "size_bucket": "L",
        "affiliate": null
      }
    },
    {
      "id": "7495",
      "type": "Feature",
      "geometry": {
        "type": "Point",
        "coordinates": [
          -82.49818880000001,
          27.9396433
        ]
      },
      "properties": {
        "church_name": "First Presbyterian Church",
        "lib_level": 1,
        "full_address": "3302 W Horatio St, Tampa, FL 33609",
        "url": "www.firstprestampa.org",
        "google_maps_url": null,
        "size_bucket": "M",
        "affiliate": null
      }
    },
    {
      "id": "7496",
      "type": "Feature",
      "geometry": {
        "type": "Point",
        "coordinates": [
          -82.66779369999999,
          28.2267966
        ]
      },
      "properties": {
        "church_name": "Trinity PC Seven Springs Presbyterian Church",
        "lib_level": 0,
        "full_address": "4651 Little Rd, New Port Richey, FL 34655-1329",
        "url": "www.tpcoss.org",
        "google_maps_url": "https://maps.google.com/?cid=10337607511575844600",
        "size_bucket": "M",
        "affiliate": null
      }
    },
    {
      "id": "7499",
      "type": "Feature",
      "geometry": {
        "type": "Point",
        "coordinates": [
          -82.780385,
          28.0368981
        ]
      },
      "properties": {
        "church_name": "St Andrews Presbyterian Church",
        "lib_level": 0,
        "full_address": "705 Michigan Blvd, Dunedin, FL 34698-2699",
        "url": "www.sapcd.org",
        "google_maps_url": "https://maps.google.com/?cid=17930257118456826650",
        "size_bucket": "M",
        "affiliate": null
      }
    },
    {
      "id": "7500",
      "type": "Feature",
      "geometry": {
        "type": "Point",
        "coordinates": [
          -82.2838984,
          27.9389304
        ]
      },
      "properties": {
        "church_name": "First Presbyterian Church",
        "lib_level": 1,
        "full_address": "121 Carver Ave, Brandon, FL 33510-4526",
        "url": "www.fpcbrandon.org",
        "google_maps_url": "https://maps.google.com/?cid=16464926136130510826",
        "size_bucket": "M",
        "affiliate": null
      }
    },
    {
      "id": "7504",
      "type": "Feature",
      "geometry": {
        "type": "Point",
        "coordinates": [
          -82.32065279999999,
          28.8329199
        ]
      },
      "properties": {
        "church_name": "First Presbyterian Church",
        "lib_level": 1,
        "full_address": "206 Washington Ave, Inverness, FL 34450-4942",
        "url": "www.fpcinverness.org",
        "google_maps_url": "https://maps.google.com/?cid=2920665543338496888",
        "size_bucket": "M",
        "affiliate": null
      }
    },
    {
      "id": "7507",
      "type": "Feature",
      "geometry": {
        "type": "Point",
        "coordinates": [
          -82.46414829999999,
          28.040601
        ]
      },
      "properties": {
        "church_name": "Forest Hills Presbyterian Church",
        "lib_level": 1,
        "full_address": "709 W Linebaugh Ave, Tampa, FL 33612-7912",
        "url": "www.foresthillstampa.church/",
        "google_maps_url": "https://maps.google.com/?cid=994453765018597048",
        "size_bucket": "S",
        "affiliate": null
      }
    },
    {
      "id": "7508",
      "type": "Feature",
      "geometry": {
        "type": "Point",
        "coordinates": [
          -82.5079284,
          28.0655929
        ]
      },
      "properties": {
        "church_name": "Village Presbyterian Church",
        "lib_level": 0,
        "full_address": "13115 S Village Dr, Tampa, FL 33618-4407",
        "url": "www.villagepresbyterianchurch.com",
        "google_maps_url": "https://maps.google.com/?cid=4718207062043444631",
        "size_bucket": "S",
        "affiliate": null
      }
    },
    {
      "id": "7511",
      "type": "Feature",
      "geometry": {
        "type": "Point",
        "coordinates": [
          -82.4557909,
          28.1420663
        ]
      },
      "properties": {
        "church_name": "Lutz Community Presbyterian Church",
        "lib_level": 1,
        "full_address": "601 Sunset Ln, Lutz, FL 33549-3858",
        "url": "lutzcommunitychurch.org/",
        "google_maps_url": null,
        "size_bucket": "S",
        "affiliate": null
      }
    },
    {
      "id": "7517",
      "type": "Feature",
      "geometry": {
        "type": "Point",
        "coordinates": [
          -82.27269249999999,
          27.8946436
        ]
      },
      "properties": {
        "church_name": "PC of Bloomingdale Presbyterian Church",
        "lib_level": 1,
        "full_address": "710 E Bloomingdale Ave, Brandon, FL 33511-8150",
        "url": "www.pcob.us",
        "google_maps_url": "https://maps.google.com/?cid=5723617118132573435",
        "size_bucket": "S",
        "affiliate": null
      }
    },
    {
      "id": "7521",
      "type": "Feature",
      "geometry": {
        "type": "Point",
        "coordinates": [
          -81.9722176,
          28.108884
        ]
      },
      "properties": {
        "church_name": "Hope Community Presbyterian Church",
        "lib_level": 0,
        "full_address": "5129 US Hwy 98 N, Lakeland, FL 33809",
        "url": "hopelakeland.org/index.html",
        "google_maps_url": null,
        "size_bucket": "S",
        "affiliate": null
      }
    },
    {
      "id": "7525",
      "type": "Feature",
      "geometry": {
        "type": "Point",
        "coordinates": [
          -82.4857292,
          27.9241765
        ]
      },
      "properties": {
        "church_name": "Bayshore Presbyterian Church",
        "lib_level": 1,
        "full_address": "2515 Bayshore Blvd, Tampa, FL 33629",
        "url": "www.bayshorepc.org",
        "google_maps_url": "https://maps.google.com/?cid=16672161890759778353",
        "size_bucket": "XS",
        "affiliate": null
      }
    },
    {
      "id": "7535",
      "type": "Feature",
      "geometry": {
        "type": "Point",
        "coordinates": [
          -82.47330889999999,
          27.937831
        ]
      },
      "properties": {
        "church_name": "Hyde Park Presbyterian Church",
        "lib_level": 0,
        "full_address": "1309 Swann Ave, Tampa, FL 33606-2530",
        "url": "www.hydeparkpres.com",
        "google_maps_url": "https://maps.google.com/?cid=16418288875985332402",
        "size_bucket": "XS",
        "affiliate": null
      }
    },
    {
      "id": "7538",
      "type": "Feature",
      "geometry": {
        "type": "Point",
        "coordinates": [
          -82.1970312,
          28.3628643
        ]
      },
      "properties": {
        "church_name": "First Presbyterian Church",
        "lib_level": 0,
        "full_address": "37412 Church Ave, Dade City, FL 33525",
        "url": null,
        "google_maps_url": null,
        "size_bucket": "XS",
        "affiliate": null
      }
    },
    {
      "id": "7576",
      "type": "Feature",
      "geometry": {
        "type": "Point",
        "coordinates": [
          -80.0572469,
          37.2936191
        ]
      },
      "properties": {
        "church_name": "Salem Presbyterian Church",
        "lib_level": 1,
        "full_address": "41 E Main St, Salem, VA 24153",
        "url": "www.salempres.org",
        "google_maps_url": null,
        "size_bucket": "M",
        "affiliate": null
      }
    },
    {
      "id": "7579",
      "type": "Feature",
      "geometry": {
        "type": "Point",
        "coordinates": [
          -79.9941584,
          37.2333562
        ]
      },
      "properties": {
        "church_name": "Colonial Presbyterian Church",
        "lib_level": 1,
        "full_address": "3550 Poplar Dr, Roanoke, VA 24018",
        "url": "www.colonialpresroa.org",
        "google_maps_url": null,
        "size_bucket": "S",
        "affiliate": null
      }
    },
    {
      "id": "7586",
      "type": "Feature",
      "geometry": {
        "type": "Point",
        "coordinates": [
          -79.5239606,
          37.3343165
        ]
      },
      "properties": {
        "church_name": "Bedford Presbyterian Church",
        "lib_level": 0,
        "full_address": "105 W Main St, Bedford, VA 24523",
        "url": "bedfordpresbyva.org",
        "google_maps_url": "https://maps.google.com/?cid=4242777001840119616",
        "size_bucket": "S",
        "affiliate": null
      }
    },
    {
      "id": "7588",
      "type": "Feature",
      "geometry": {
        "type": "Point",
        "coordinates": [
          -79.3993022,
          36.5818303
        ]
      },
      "properties": {
        "church_name": "First Presbyterian Church",
        "lib_level": 0,
        "full_address": "937 Main St, Danville, VA 24541",
        "url": "www.fpcdanville.com",
        "google_maps_url": "https://maps.google.com/?cid=9953063067741843941",
        "size_bucket": "S",
        "affiliate": null
      }
    },
    {
      "id": "7590",
      "type": "Feature",
      "geometry": {
        "type": "Point",
        "coordinates": [
          -79.9556223,
          37.3036552
        ]
      },
      "properties": {
        "church_name": "Northminster Presbyterian Church",
        "lib_level": 1,
        "full_address": "3911 Greenland Ave NW, Roanoke, VA 24012-3205",
        "url": "www.northminsterpcusa.org",
        "google_maps_url": null,
        "size_bucket": "S",
        "affiliate": null
      }
    },
    {
      "id": "7593",
      "type": "Feature",
      "geometry": {
        "type": "Point",
        "coordinates": [
          -78.45893509999999,
          37.242619
        ]
      },
      "properties": {
        "church_name": "College Presbyterian Church",
        "lib_level": 1,
        "full_address": "418 College Rd, Hampden-Sydney, VA 23943",
        "url": "collegepresbyterianchurch.org",
        "google_maps_url": null,
        "size_bucket": "S",
        "affiliate": null
      }
    },
    {
      "id": "7595",
      "type": "Feature",
      "geometry": {
        "type": "Point",
        "coordinates": [
          -79.88030189999999,
          37.2739411
        ]
      },
      "properties": {
        "church_name": "Campbell Memorial Presbyterian Church",
        "lib_level": 1,
        "full_address": "1130 Hardy Rd, Vinton, VA 24179",
        "url": "www.cmpc2.org",
        "google_maps_url": null,
        "size_bucket": "S",
        "affiliate": null
      }
    },
    {
      "id": "7600",
      "type": "Feature",
      "geometry": {
        "type": "Point",
        "coordinates": [
          -78.3866322,
          37.3464777
        ]
      },
      "properties": {
        "church_name": "Cumberland Presbyterian Church",
        "lib_level": 1,
        "full_address": "1835 Cumberland Rd, Farmville, VA 23901",
        "url": null,
        "google_maps_url": null,
        "size_bucket": "S",
        "affiliate": null
      }
    },
    {
      "id": "7601",
      "type": "Feature",
      "geometry": {
        "type": "Point",
        "coordinates": [
          -79.6822028,
          37.5258583
        ]
      },
      "properties": {
        "church_name": "Buchanan Presbyterian Church",
        "lib_level": 1,
        "full_address": "19559 Main St, Buchanan, VA 24066",
        "url": "buchananpresbyterian.org",
        "google_maps_url": null,
        "size_bucket": "XS",
        "affiliate": null
      }
    },
    {
      "id": "7605",
      "type": "Feature",
      "geometry": {
        "type": "Point",
        "coordinates": [
          -79.2908403,
          37.1099277
        ]
      },
      "properties": {
        "church_name": "Altavista Presbyterian Church",
        "lib_level": 0,
        "full_address": "707 Broad St, Altavista, VA 24517",
        "url": "www.altapres.org",
        "google_maps_url": "https://maps.google.com/?cid=16223643467184120766",
        "size_bucket": "XS",
        "affiliate": null
      }
    },
    {
      "id": "7610",
      "type": "Feature",
      "geometry": {
        "type": "Point",
        "coordinates": [
          -79.1516267,
          37.4074823
        ]
      },
      "properties": {
        "church_name": "Westminster Presbyterian Church",
        "lib_level": 1,
        "full_address": "1022 Floyd St, Lynchburg, VA 24501-1816",
        "url": "www.wpclynchburg.org",
        "google_maps_url": null,
        "size_bucket": "XS",
        "affiliate": null
      }
    },
    {
      "id": "7613",
      "type": "Feature",
      "geometry": {
        "type": "Point",
        "coordinates": [
          -80.5733772,
          36.65823049999999
        ]
      },
      "properties": {
        "church_name": "Bluemont Presbyterian Church",
        "lib_level": 1,
        "full_address": "47 Bluemont Ln, Hillsville, VA 24343",
        "url": null,
        "google_maps_url": null,
        "size_bucket": "XS",
        "affiliate": null
      }
    },
    {
      "id": "7620",
      "type": "Feature",
      "geometry": {
        "type": "Point",
        "coordinates": [
          -79.15280539999999,
          36.6240195
        ]
      },
      "properties": {
        "church_name": "Mercy Seat Presbyterian Church",
        "lib_level": 0,
        "full_address": "3068 Wooding Rd, Sutherlin, VA 24594-3713",
        "url": null,
        "google_maps_url": "https://maps.google.com/?cid=10183483576992513805",
        "size_bucket": "XS",
        "affiliate": null
      }
    },
    {
      "id": "7625",
      "type": "Feature",
      "geometry": {
        "type": "Point",
        "coordinates": [
          -79.92767479999999,
          37.2653284
        ]
      },
      "properties": {
        "church_name": "Belmont Presbyterian Church",
        "lib_level": 1,
        "full_address": "1005 9th St SE, Roanoke, VA 24013-2401",
        "url": "www.belmontpres.org",
        "google_maps_url": null,
        "size_bucket": null,
        "affiliate": null
      }
    },
    {
      "id": "7640",
      "type": "Feature",
      "geometry": {
        "type": "Point",
        "coordinates": [
          -79.2427852,
          37.3318248
        ]
      },
      "properties": {
        "church_name": "St Andrew Presbyterian Church",
        "lib_level": 1,
        "full_address": "21206 Timberlake Rd, Lynchburg, VA 24502-7237",
        "url": "www.sapclynchburg.org",
        "google_maps_url": null,
        "size_bucket": null,
        "affiliate": null
      }
    },
    {
      "id": "7648",
      "type": "Feature",
      "geometry": {
        "type": "Point",
        "coordinates": [
          -79.07007759999999,
          37.5219431
        ]
      },
      "properties": {
        "church_name": "Coolwell Presbyterian Church",
        "lib_level": 1,
        "full_address": "803 Bobwhite Rd, Amherst, VA 24521",
        "url": null,
        "google_maps_url": null,
        "size_bucket": null,
        "affiliate": null
      }
    },
    {
      "id": "7655",
      "type": "Feature",
      "geometry": {
        "type": "Point",
        "coordinates": [
          -83.7142848,
          36.6072567
        ]
      },
      "properties": {
        "church_name": "First Presbyterian Church",
        "lib_level": 1,
        "full_address": "231 20th St, Middlesboro, KY 40965, USA",
        "url": "www.fpc4me.org/",
        "google_maps_url": "https://maps.google.com/?cid=6902063440691219555",
        "size_bucket": "XS",
        "affiliate": null
      }
    },
    {
      "id": "7670",
      "type": "Feature",
      "geometry": {
        "type": "Point",
        "coordinates": [
          -84.084057,
          37.1045079
        ]
      },
      "properties": {
        "church_name": "First Presbyterian Church",
        "lib_level": 0,
        "full_address": "123 Keavy Rd, London, KY 40744",
        "url": "www.fpclondon.org",
        "google_maps_url": "https://maps.google.com/?cid=3605144855605789194",
        "size_bucket": "S",
        "affiliate": null
      }
    },
    {
      "id": "7738",
      "type": "Feature",
      "geometry": {
        "type": "Point",
        "coordinates": [
          -81.06909259999999,
          33.976236
        ]
      },
      "properties": {
        "church_name": "Congaree Presbyterian Church",
        "lib_level": 1,
        "full_address": "1221 Lafayette Ave, Cayce, SC 29033",
        "url": "www.congareepcusa.org",
        "google_maps_url": "https://maps.google.com/?cid=13097711187845940576",
        "size_bucket": "XS",
        "affiliate": null
      }
    },
    {
      "id": "7745",
      "type": "Feature",
      "geometry": {
        "type": "Point",
        "coordinates": [
          -81.84614959999999,
          34.3180511
        ]
      },
      "properties": {
        "church_name": "Little River Dominick Presbyterian Church",
        "lib_level": 1,
        "full_address": "8654 Hwy 56, Kinards, SC 29355",
        "url": null,
        "google_maps_url": "https://maps.google.com/?cid=4219684342713453620",
        "size_bucket": "XS",
        "affiliate": null
      }
    },
    {
      "id": "7746",
      "type": "Feature",
      "geometry": {
        "type": "Point",
        "coordinates": [
          -82.0234146,
          34.1771259
        ]
      },
      "properties": {
        "church_name": "Ninety Six Presbyterian Church",
        "lib_level": 1,
        "full_address": "120 Cambridge St. N, Ninety Six, SC 29666",
        "url": null,
        "google_maps_url": "https://maps.google.com/?cid=6731850346258477866",
        "size_bucket": "XS",
        "affiliate": null
      }
    },
    {
      "id": "7747",
      "type": "Feature",
      "geometry": {
        "type": "Point",
        "coordinates": [
          -82.24685,
          34.286338
        ]
      },
      "properties": {
        "church_name": "Hodges Presbyterian Church",
        "lib_level": 1,
        "full_address": "4413 Main St, Hodges, SC 29653",
        "url": null,
        "google_maps_url": "https://maps.google.com/?cid=10107930019840006298",
        "size_bucket": "XS",
        "affiliate": null
      }
    },
    {
      "id": "7749",
      "type": "Feature",
      "geometry": {
        "type": "Point",
        "coordinates": [
          -82.5902917,
          34.0895879
        ]
      },
      "properties": {
        "church_name": "Calhoun Falls Presbyterian Church",
        "lib_level": 1,
        "full_address": "410E Savannah St, Calhoun Falls, SC 29628",
        "url": null,
        "google_maps_url": "https://maps.google.com/?cid=816937873362315580",
        "size_bucket": "XS",
        "affiliate": null
      }
    },
    {
      "id": "7750",
      "type": "Feature",
      "geometry": {
        "type": "Point",
        "coordinates": [
          -80.99435919999999,
          34.0080621
        ]
      },
      "properties": {
        "church_name": "Eastminster Presbyterian Church",
        "lib_level": 1,
        "full_address": "3200 Trenholm Rd, Columbia, SC 29204-3335",
        "url": "www.eastminsterpres.org",
        "google_maps_url": "https://maps.google.com/?cid=16149793459836495283",
        "size_bucket": "L",
        "affiliate": null
      }
    },
    {
      "id": "7754",
      "type": "Feature",
      "geometry": {
        "type": "Point",
        "coordinates": [
          -82.1606549,
          34.1947871
        ]
      },
      "properties": {
        "church_name": "First Presbyterian Church",
        "lib_level": 0,
        "full_address": "108 E Cambridge Ave, Greenwood, SC 29648",
        "url": "www.firstgreenwood.com",
        "google_maps_url": "https://maps.google.com/?cid=6283335513510208818",
        "size_bucket": "M",
        "affiliate": null
      }
    },
    {
      "id": "7755",
      "type": "Feature",
      "geometry": {
        "type": "Point",
        "coordinates": [
          -81.720321,
          33.5637428
        ]
      },
      "properties": {
        "church_name": "First Presbyterian Church",
        "lib_level": 1,
        "full_address": "224 Barnwell Ave NW, Aiken, SC 29801-3904",
        "url": "www.aikenpresbyterian.org",
        "google_maps_url": "https://maps.google.com/?cid=1969513746360830991",
        "size_bucket": "M",
        "affiliate": null
      }
    },
    {
      "id": "7759",
      "type": "Feature",
      "geometry": {
        "type": "Point",
        "coordinates": [
          -81.8753605,
          34.4710963
        ]
      },
      "properties": {
        "church_name": "First Presbyterian Church",
        "lib_level": 1,
        "full_address": "410 E Carolina Ave, Clinton, SC 29325",
        "url": "www.fpcclinton.org",
        "google_maps_url": "https://maps.google.com/?cid=14903157122058696181",
        "size_bucket": "M",
        "affiliate": null
      }
    },
    {
      "id": "7760",
      "type": "Feature",
      "geometry": {
        "type": "Point",
        "coordinates": [
          -81.7241689,
          33.5286379
        ]
      },
      "properties": {
        "church_name": "South Aiken Presbyterian Church",
        "lib_level": 1,
        "full_address": "1711 Whiskey Rd, Aiken, SC 29803",
        "url": "www.southaiken.org",
        "google_maps_url": "https://maps.google.com/?cid=749161668596145406",
        "size_bucket": "M",
        "affiliate": null
      }
    },
    {
      "id": "7765",
      "type": "Feature",
      "geometry": {
        "type": "Point",
        "coordinates": [
          -82.388297,
          34.19983190000001
        ]
      },
      "properties": {
        "church_name": "Upper Long Cane Presbyterian Church",
        "lib_level": 0,
        "full_address": "194 Hwy 20, Abbeville, SC 29620",
        "url": "www.upperlongcane.net",
        "google_maps_url": "https://maps.google.com/?cid=11272769531452566522",
        "size_bucket": "S",
        "affiliate": null
      }
    },
    {
      "id": "7767",
      "type": "Feature",
      "geometry": {
        "type": "Point",
        "coordinates": [
          -82.4938662,
          34.2601658
        ]
      },
      "properties": {
        "church_name": "Little Mountain Presbyterian Church",
        "lib_level": 1,
        "full_address": "3836 Hwy 28 N, Abbeville, SC 29620",
        "url": null,
        "google_maps_url": "https://maps.google.com/?cid=9587279968426265870",
        "size_bucket": "S",
        "affiliate": null
      }
    },
    {
      "id": "7768",
      "type": "Feature",
      "geometry": {
        "type": "Point",
        "coordinates": [
          -82.1801644,
          34.2419251
        ]
      },
      "properties": {
        "church_name": "Westminster Presbyterian Church",
        "lib_level": 1,
        "full_address": "2330 Cokesbury Rd, Greenwood, SC 29649",
        "url": "www.wpcgwd.org",
        "google_maps_url": "https://maps.google.com/?cid=1852990839903287699",
        "size_bucket": "S",
        "affiliate": null
      }
    },
    {
      "id": "7769",
      "type": "Feature",
      "geometry": {
        "type": "Point",
        "coordinates": [
          -81.9634466,
          34.5163157
        ]
      },
      "properties": {
        "church_name": "Rocky Springs Presbyterian Church",
        "lib_level": 1,
        "full_address": "993 Rocky Springs Church Rd, Laurens, SC 29360",
        "url": null,
        "google_maps_url": "https://maps.google.com/?cid=10651665743763708468",
        "size_bucket": "S",
        "affiliate": null
      }
    },
    {
      "id": "7772",
      "type": "Feature",
      "geometry": {
        "type": "Point",
        "coordinates": [
          -82.2396778,
          34.1895381
        ]
      },
      "properties": {
        "church_name": "New Faith Presbyterian Church",
        "lib_level": 1,
        "full_address": "2715 Hwy 72 W, Greenwood, SC 29649",
        "url": "www.newfaithpres1.com",
        "google_maps_url": null,
        "size_bucket": "XS",
        "affiliate": null
      }
    },
    {
      "id": "7784",
      "type": "Feature",
      "geometry": {
        "type": "Point",
        "coordinates": [
          -82.00493139999999,
          34.5058129
        ]
      },
      "properties": {
        "church_name": "Todd Memorial Presbyterian Church",
        "lib_level": 1,
        "full_address": "410 Mill St, Laurens, SC 29360",
        "url": null,
        "google_maps_url": "https://maps.google.com/?cid=15292872215132804234",
        "size_bucket": null,
        "affiliate": null
      }
    },
    {
      "id": "7785",
      "type": "Feature",
      "geometry": {
        "type": "Point",
        "coordinates": [
          -82.0198097,
          34.4982273
        ]
      },
      "properties": {
        "church_name": "First Presbyterian Church",
        "lib_level": 1,
        "full_address": "400 W Main St, Laurens, SC 29360",
        "url": "www.firstpreslaurens.org",
        "google_maps_url": "https://maps.google.com/?cid=560354701124649515",
        "size_bucket": null,
        "affiliate": null
      }
    },
    {
      "id": "7788",
      "type": "Feature",
      "geometry": {
        "type": "Point",
        "coordinates": [
          -81.8080055,
          34.5212264
        ]
      },
      "properties": {
        "church_name": "Duncan's Creek Presbyterian Church",
        "lib_level": 1,
        "full_address": "795 Golden Acres Rd, Clinton, SC 29325",
        "url": null,
        "google_maps_url": "https://maps.google.com/?cid=17514744228630476837",
        "size_bucket": null,
        "affiliate": null
      }
    },
    {
      "id": "7792",
      "type": "Feature",
      "geometry": {
        "type": "Point",
        "coordinates": [
          -81.37555259999999,
          33.9759571
        ]
      },
      "properties": {
        "church_name": "Cherokee Presbyterian Church",
        "lib_level": 0,
        "full_address": "3622 Augusta Hwy, Gilbert, GA 29054",
        "url": "www.cherokeepresbyterian.com",
        "google_maps_url": "https://maps.google.com/?cid=9860719899446452267",
        "size_bucket": null,
        "affiliate": null
      }
    },
    {
      "id": "7795",
      "type": "Feature",
      "geometry": {
        "type": "Point",
        "coordinates": [
          -81.79938729999999,
          24.5542809
        ]
      },
      "properties": {
        "church_name": "Trinity Presbyterian Church",
        "lib_level": 0,
        "full_address": "717 Simonton St, Key West, FL 33040",
        "url": null,
        "google_maps_url": "https://maps.google.com/?cid=2340728956817314327",
        "size_bucket": "XS",
        "affiliate": null
      }
    },
    {
      "id": "7798",
      "type": "Feature",
      "geometry": {
        "type": "Point",
        "coordinates": [
          -80.05260129999999,
          26.6186407
        ]
      },
      "properties": {
        "church_name": "First Presbyterian Church",
        "lib_level": 0,
        "full_address": "219 N Federal Hwy, Lake Worth Beach, FL 33460-3437",
        "url": "vibrantpresbytery.org/churches/first-presbyterian-church-of-lake-worth/",
        "google_maps_url": "https://maps.google.com/?cid=11892951656054506709",
        "size_bucket": "XS",
        "affiliate": null
      }
    },
    {
      "id": "7799",
      "type": "Feature",
      "geometry": {
        "type": "Point",
        "coordinates": [
          -80.21804949999999,
          25.7525025
        ]
      },
      "properties": {
        "church_name": "El Cordero United Presbyterian Church",
        "lib_level": 0,
        "full_address": "2091 SW 14th Ave, Miami, FL 33145",
        "url": "www.elcorderopcusa.org",
        "google_maps_url": "https://maps.google.com/?cid=16625496313166221761",
        "size_bucket": "XS",
        "affiliate": null
      }
    },
    {
      "id": "7807",
      "type": "Feature",
      "geometry": {
        "type": "Point",
        "coordinates": [
          -80.1876344,
          27.1422922
        ]
      },
      "properties": {
        "church_name": "Peace Presbyterian Church",
        "lib_level": 1,
        "full_address": "4881 SE Cove Road, Stuart, FL 34997",
        "url": "www.peacepresbyterianchurch.org",
        "google_maps_url": "https://maps.google.com/?cid=7773456864341461611",
        "size_bucket": "M",
        "affiliate": null
      }
    },
    {
      "id": "7810",
      "type": "Feature",
      "geometry": {
        "type": "Point",
        "coordinates": [
          -80.0484346,
          26.6709843
        ]
      },
      "properties": {
        "church_name": "Lakeside Presbyterian Church",
        "lib_level": 0,
        "full_address": "4601 S Flagler Dr, West Palm Beach, FL 334005",
        "url": "www.lakesidepres.org",
        "google_maps_url": "https://maps.google.com/?cid=13928435066413781082",
        "size_bucket": "S",
        "affiliate": null
      }
    },
    {
      "id": "7813",
      "type": "Feature",
      "geometry": {
        "type": "Point",
        "coordinates": [
          -80.3965825,
          25.6719472
        ]
      },
      "properties": {
        "church_name": "Central Presbyterian Church",
        "lib_level": 0,
        "full_address": "12455 SW 104th St, Miami, FL 33186-3603",
        "url": "cpcmiami.org",
        "google_maps_url": "https://maps.google.com/?cid=5622116929766930089",
        "size_bucket": "S",
        "affiliate": null
      }
    },
    {
      "id": "7814",
      "type": "Feature",
      "geometry": {
        "type": "Point",
        "coordinates": [
          -80.1387057,
          26.0113207
        ]
      },
      "properties": {
        "church_name": "First Presbyterian Church",
        "lib_level": 0,
        "full_address": "1530 Hollywoood Boulevard, Hollywood, FL 33020",
        "url": "www.firstpreshlwdfl.org",
        "google_maps_url": null,
        "size_bucket": "S",
        "affiliate": null
      }
    },
    {
      "id": "7815",
      "type": "Feature",
      "geometry": {
        "type": "Point",
        "coordinates": [
          -80.05219269999999,
          26.7111443
        ]
      },
      "properties": {
        "church_name": "Korean PC of Palm Beach Presbyterian Church",
        "lib_level": 0,
        "full_address": "301 S Olive Ave, West Palm Beach, FL 33401",
        "url": "pbkc.org/",
        "google_maps_url": "https://maps.google.com/?cid=2530262432542930074",
        "size_bucket": "S",
        "affiliate": null
      }
    },
    {
      "id": "7817",
      "type": "Feature",
      "geometry": {
        "type": "Point",
        "coordinates": [
          -80.0779812,
          26.3103888
        ]
      },
      "properties": {
        "church_name": "Community Presbyterian Church",
        "lib_level": 1,
        "full_address": "1920 SE 4th St, Deerfield Beach, FL 33441",
        "url": "www.communitypreschurch.org/",
        "google_maps_url": "https://maps.google.com/?cid=8057910826497255505",
        "size_bucket": "S",
        "affiliate": null
      }
    },
    {
      "id": "7818",
      "type": "Feature",
      "geometry": {
        "type": "Point",
        "coordinates": [
          -80.2044754,
          26.1609831
        ]
      },
      "properties": {
        "church_name": "Ascension Peace Presbyterian Church",
        "lib_level": 0,
        "full_address": "2701 N State Rd 7, Lauderhill, FL 33313",
        "url": "www.ascensionpeacepresbyterian.com",
        "google_maps_url": "https://maps.google.com/?cid=10030475174849101347",
        "size_bucket": "S",
        "affiliate": null
      }
    },
    {
      "id": "7820",
      "type": "Feature",
      "geometry": {
        "type": "Point",
        "coordinates": [
          -80.2417529,
          26.1348252
        ]
      },
      "properties": {
        "church_name": "Plantation Presbyterian Church",
        "lib_level": 0,
        "full_address": "901 NW 70th Ave, Plantation, FL 33317",
        "url": "plantationpresbyterianchurch.com/",
        "google_maps_url": "https://maps.google.com/?cid=3412657282451346166",
        "size_bucket": "S",
        "affiliate": null
      }
    },
    {
      "id": "7827",
      "type": "Feature",
      "geometry": {
        "type": "Point",
        "coordinates": [
          -80.0674014,
          26.5221387
        ]
      },
      "properties": {
        "church_name": "First Presbyterian Church",
        "lib_level": 0,
        "full_address": "235 SW 6th Ave, Boynton Beach, FL 33435",
        "url": "www.fpcboynton.org",
        "google_maps_url": "https://maps.google.com/?cid=1128335674361820054",
        "size_bucket": "S",
        "affiliate": null
      }
    },
    {
      "id": "7828",
      "type": "Feature",
      "geometry": {
        "type": "Point",
        "coordinates": [
          -80.31347799999999,
          25.9409878
        ]
      },
      "properties": {
        "church_name": "Sunrise Presbyterian Church",
        "lib_level": 0,
        "full_address": "18400 NW 68th Ave, Hialeah, FL 33015",
        "url": "www.sunrisepc.org/",
        "google_maps_url": "https://maps.google.com/?cid=7487818706811754216",
        "size_bucket": "S",
        "affiliate": null
      }
    },
    {
      "id": "7829",
      "type": "Feature",
      "geometry": {
        "type": "Point",
        "coordinates": [
          -80.0975469,
          26.1915839
        ]
      },
      "properties": {
        "church_name": "Community Presbyterian Church",
        "lib_level": 0,
        "full_address": "4433 Bougainvilla Dr, Lauderdale-by-the-Sea, FL 33308",
        "url": "www.lbtscc.org",
        "google_maps_url": "https://maps.google.com/?cid=2620098673735805229",
        "size_bucket": "S",
        "affiliate": null
      }
    },
    {
      "id": "7831",
      "type": "Feature",
      "geometry": {
        "type": "Point",
        "coordinates": [
          -80.05219269999999,
          26.7111443
        ]
      },
      "properties": {
        "church_name": "First Presbyterian Church",
        "lib_level": 0,
        "full_address": "301 S Olive Ave, W Palm Beach, FL 33401-5619",
        "url": "www.firstpresbyterianchurchwpb.com/",
        "google_maps_url": null,
        "size_bucket": "XS",
        "affiliate": null
      }
    },
    {
      "id": "7838",
      "type": "Feature",
      "geometry": {
        "type": "Point",
        "coordinates": [
          -80.194655,
          26.1041076
        ]
      },
      "properties": {
        "church_name": "Sunset Presbyterian Church",
        "lib_level": 0,
        "full_address": "3550 Davie Blvd, Ft Lauderdale, FL 33312-3438",
        "url": "sunsetpc.churchspring.org/",
        "google_maps_url": "https://maps.google.com/?cid=6195761737573027470",
        "size_bucket": null,
        "affiliate": null
      }
    },
    {
      "id": "7843",
      "type": "Feature",
      "geometry": {
        "type": "Point",
        "coordinates": [
          -93.1572484,
          44.9285344
        ]
      },
      "properties": {
        "church_name": "Randolph Heights Presbyterian Church",
        "lib_level": 0,
        "full_address": "435 Hamline Ave S, St Paul, MN 55105-2942",
        "url": "www.randolphheights.org",
        "google_maps_url": "https://maps.google.com/?cid=8373735178006561581",
        "size_bucket": "XS",
        "affiliate": null
      }
    },
    {
      "id": "7891",
      "type": "Feature",
      "geometry": {
        "type": "Point",
        "coordinates": [
          -93.2854232,
          45.1801456
        ]
      },
      "properties": {
        "church_name": "Church of the Master Presbyterian Church",
        "lib_level": 1,
        "full_address": "789 Northdale Blvd NW, Coon Rapids, MN 55448",
        "url": "www.pcommn.org",
        "google_maps_url": "https://maps.google.com/?cid=6542006960247541829",
        "size_bucket": null,
        "affiliate": null
      }
    },
    {
      "id": "7978",
      "type": "Feature",
      "geometry": {
        "type": "Point",
        "coordinates": [
          -111.8398657,
          41.7309052
        ]
      },
      "properties": {
        "church_name": "First Presbyterian Church",
        "lib_level": 1,
        "full_address": "12 S 200 W, Logan, UT 84321",
        "url": "www.firstpreslogan.com",
        "google_maps_url": "https://maps.google.com/?cid=18424922309473049815",
        "size_bucket": "M",
        "affiliate": null
      }
    },
    {
      "id": "7979",
      "type": "Feature",
      "geometry": {
        "type": "Point",
        "coordinates": [
          -111.9571204,
          41.2145982
        ]
      },
      "properties": {
        "church_name": "First Presbyterian Church",
        "lib_level": 0,
        "full_address": "880 28th St, Ogden, UT 84403-0271",
        "url": "www.firstpresbyterianogden.org",
        "google_maps_url": "https://maps.google.com/?cid=4951937595181878440",
        "size_bucket": "S",
        "affiliate": null
      }
    },
    {
      "id": "7984",
      "type": "Feature",
      "geometry": {
        "type": "Point",
        "coordinates": [
          -113.5328585,
          37.1184129
        ]
      },
      "properties": {
        "church_name": "Good Shepherd Presbyterian Church",
        "lib_level": 1,
        "full_address": "611 N 2450 E, St George, UT 84790-9038",
        "url": "www.gspcsg.org",
        "google_maps_url": "https://maps.google.com/?cid=13207793342430077125",
        "size_bucket": "S",
        "affiliate": null
      }
    },
    {
      "id": "7985",
      "type": "Feature",
      "geometry": {
        "type": "Point",
        "coordinates": [
          -111.7963423,
          40.3781576
        ]
      },
      "properties": {
        "church_name": "Community Presbyterian Church",
        "lib_level": 0,
        "full_address": "75 N 100 E, American Fork, UT 84003",
        "url": "americanforkpres.org",
        "google_maps_url": "https://maps.google.com/?cid=6150738557151596505",
        "size_bucket": "S",
        "affiliate": null
      }
    },
    {
      "id": "7986",
      "type": "Feature",
      "geometry": {
        "type": "Point",
        "coordinates": [
          -112.0134561,
          41.5044918
        ]
      },
      "properties": {
        "church_name": "Community Presbyterian Church",
        "lib_level": 1,
        "full_address": "122 E 300 S, Brigham City, UT 84302",
        "url": "brighamcitypresbyterian.org",
        "google_maps_url": "https://maps.google.com/?cid=566512003008869797",
        "size_bucket": "S",
        "affiliate": null
      }
    },
    {
      "id": "8052",
      "type": "Feature",
      "geometry": {
        "type": "Point",
        "coordinates": [
          -86.0725673,
          40.7525883
        ]
      },
      "properties": {
        "church_name": "First Presbyterian Church",
        "lib_level": 0,
        "full_address": "102 W Main St, Peru, IN 46970",
        "url": "www.fpcperu.org",
        "google_maps_url": "https://maps.google.com/?cid=10382435381635408622",
        "size_bucket": "S",
        "affiliate": null
      }
    },
    {
      "id": "8086",
      "type": "Feature",
      "geometry": {
        "type": "Point",
        "coordinates": [
          -80.2641811,
          40.182498
        ]
      },
      "properties": {
        "church_name": "Fourth Presbyterian Church",
        "lib_level": 1,
        "full_address": "1000 Jefferson Ave, Washington, PA 15301",
        "url": null,
        "google_maps_url": "https://maps.google.com/?cid=13862022604847784581",
        "size_bucket": "XS",
        "affiliate": null
      }
    },
    {
      "id": "8088",
      "type": "Feature",
      "geometry": {
        "type": "Point",
        "coordinates": [
          -80.30825089999999,
          40.3935783
        ]
      },
      "properties": {
        "church_name": "Raccoon Presbyterian Church",
        "lib_level": 1,
        "full_address": "858 Candor Rd, Bulger, PA 15019",
        "url": "www.info@raccoonchurch.com",
        "google_maps_url": "https://maps.google.com/?cid=895989997600473603",
        "size_bucket": "XS",
        "affiliate": null
      }
    },
    {
      "id": "8089",
      "type": "Feature",
      "geometry": {
        "type": "Point",
        "coordinates": [
          -80.33615019999999,
          40.4501787
        ]
      },
      "properties": {
        "church_name": "Robinson Presbyterian Church",
        "lib_level": 0,
        "full_address": "521 Church Ln, Bulger, PA 15019",
        "url": "www.robinsonchurch.com",
        "google_maps_url": null,
        "size_bucket": "XS",
        "affiliate": null
      }
    },
    {
      "id": "8091",
      "type": "Feature",
      "geometry": {
        "type": "Point",
        "coordinates": [
          -80.2352003,
          40.3705741
        ]
      },
      "properties": {
        "church_name": "Irons Memorial Presbyterian Church",
        "lib_level": 1,
        "full_address": "147 N McDonalds St, Mc Donald, PA 15057-1232",
        "url": null,
        "google_maps_url": null,
        "size_bucket": "XS",
        "affiliate": null
      }
    },
    {
      "id": "8092",
      "type": "Feature",
      "geometry": {
        "type": "Point",
        "coordinates": [
          -80.3359279,
          40.0091771
        ]
      },
      "properties": {
        "church_name": "Concord Presbyterian Church",
        "lib_level": 1,
        "full_address": "155 Old Concord Rd, Prosperity, PA 15329",
        "url": null,
        "google_maps_url": "https://maps.google.com/?cid=10470750698308352691",
        "size_bucket": "XS",
        "affiliate": null
      }
    },
    {
      "id": "8094",
      "type": "Feature",
      "geometry": {
        "type": "Point",
        "coordinates": [
          -79.8997882,
          40.0702113
        ]
      },
      "properties": {
        "church_name": "Coal Center Presbyterian Church",
        "lib_level": 0,
        "full_address": "103 Spring St, Coal Center, PA 15423-0181",
        "url": null,
        "google_maps_url": null,
        "size_bucket": "XS",
        "affiliate": null
      }
    },
    {
      "id": "8096",
      "type": "Feature",
      "geometry": {
        "type": "Point",
        "coordinates": [
          -79.8622508,
          40.0783115
        ]
      },
      "properties": {
        "church_name": "Roscoe Presbyterian Church",
        "lib_level": 1,
        "full_address": "300 Main Street, Roscoe, PA 15477",
        "url": null,
        "google_maps_url": "https://maps.google.com/?cid=11262234287756031583",
        "size_bucket": "XS",
        "affiliate": null
      }
    },
    {
      "id": "8098",
      "type": "Feature",
      "geometry": {
        "type": "Point",
        "coordinates": [
          -80.2394003,
          40.1725086
        ]
      },
      "properties": {
        "church_name": "Church of the Covenant Presbyterian Church",
        "lib_level": 0,
        "full_address": "267 E Beau St, Washington, PA 15301",
        "url": "www.churchofthecov.org",
        "google_maps_url": null,
        "size_bucket": "M",
        "affiliate": null
      }
    },
    {
      "id": "8099",
      "type": "Feature",
      "geometry": {
        "type": "Point",
        "coordinates": [
          -80.1889886,
          40.2587349
        ]
      },
      "properties": {
        "church_name": "Canonsburg United Presbyterian Church",
        "lib_level": 0,
        "full_address": "112 W Pike St, Canonsburg, PA 15317-1316",
        "url": "www.canonsburgup.org",
        "google_maps_url": "https://maps.google.com/?cid=15580440254243076143",
        "size_bucket": "M",
        "affiliate": null
      }
    },
    {
      "id": "8100",
      "type": "Feature",
      "geometry": {
        "type": "Point",
        "coordinates": [
          -80.216707,
          40.1807964
        ]
      },
      "properties": {
        "church_name": "Faith Presbyterian Church",
        "lib_level": 1,
        "full_address": "900 E Beau St, Washington, PA 15301-2925",
        "url": "www.faithupchurch.org",
        "google_maps_url": "https://maps.google.com/?cid=10850134608628055556",
        "size_bucket": "S",
        "affiliate": null
      }
    },
    {
      "id": "8101",
      "type": "Feature",
      "geometry": {
        "type": "Point",
        "coordinates": [
          -80.2108141,
          40.2510918
        ]
      },
      "properties": {
        "church_name": "First Presbyterian Church",
        "lib_level": 1,
        "full_address": "102 N Main St, Houston, PA 15342",
        "url": "www.houstonpresbyterian.org",
        "google_maps_url": "https://maps.google.com/?cid=13332805909570036512",
        "size_bucket": "S",
        "affiliate": null
      }
    },
    {
      "id": "8104",
      "type": "Feature",
      "geometry": {
        "type": "Point",
        "coordinates": [
          -80.5105932,
          40.104566
        ]
      },
      "properties": {
        "church_name": "West Alexander Presbyterian Church",
        "lib_level": 1,
        "full_address": "108 Main St, West Alexander, PA 15376",
        "url": "www.wapresbyterianchurch.org",
        "google_maps_url": "https://maps.google.com/?cid=3639036290033646770",
        "size_bucket": "S",
        "affiliate": null
      }
    },
    {
      "id": "8105",
      "type": "Feature",
      "geometry": {
        "type": "Point",
        "coordinates": [
          -80.2877987,
          40.044438
        ]
      },
      "properties": {
        "church_name": "Upper Ten Mile Presbyterian Church",
        "lib_level": 1,
        "full_address": "25 Church Ln, Prosperity, PA 15329",
        "url": null,
        "google_maps_url": "https://maps.google.com/?cid=16591569063341817557",
        "size_bucket": "S",
        "affiliate": null
      }
    },
    {
      "id": "8106",
      "type": "Feature",
      "geometry": {
        "type": "Point",
        "coordinates": [
          -80.3910038,
          40.3772875
        ]
      },
      "properties": {
        "church_name": "Burgettstown Presbyterian Church",
        "lib_level": 0,
        "full_address": "1325 Main St, Burgettstown, PA 15021",
        "url": "www.burgettstownpresbyterian.com",
        "google_maps_url": "https://maps.google.com/?cid=2896386028584899879",
        "size_bucket": "S",
        "affiliate": null
      }
    },
    {
      "id": "8108",
      "type": "Feature",
      "geometry": {
        "type": "Point",
        "coordinates": [
          -80.0871682,
          40.1740986
        ]
      },
      "properties": {
        "church_name": "Pigeon Creek Presbyterian Church",
        "lib_level": 1,
        "full_address": "45 Church Rd, Eighty Four, PA 15330",
        "url": "www.pigeoncreekchurch.com",
        "google_maps_url": "https://maps.google.com/?cid=3717676161426689706",
        "size_bucket": "S",
        "affiliate": null
      }
    },
    {
      "id": "8109",
      "type": "Feature",
      "geometry": {
        "type": "Point",
        "coordinates": [
          -80.1074974,
          40.2811947
        ]
      },
      "properties": {
        "church_name": "Center Presbyterian Church",
        "lib_level": 1,
        "full_address": "255 Center Church Rd, McMurray, PA 15317",
        "url": "www.center-church.org",
        "google_maps_url": "https://maps.google.com/?cid=10116965053066400216",
        "size_bucket": "S",
        "affiliate": null
      }
    },
    {
      "id": "8110",
      "type": "Feature",
      "geometry": {
        "type": "Point",
        "coordinates": [
          -80.2905593,
          40.3695768
        ]
      },
      "properties": {
        "church_name": "Center United Presbyterian Church",
        "lib_level": 0,
        "full_address": "110 Washington Ave, Midway, PA 15060",
        "url": "www.centermidway.com",
        "google_maps_url": "https://maps.google.com/?cid=8220389248343005421",
        "size_bucket": "S",
        "affiliate": null
      }
    },
    {
      "id": "8111",
      "type": "Feature",
      "geometry": {
        "type": "Point",
        "coordinates": [
          -80.09459729999999,
          40.2367949
        ]
      },
      "properties": {
        "church_name": "Thomas Presbyterian Church",
        "lib_level": 1,
        "full_address": "1068 Linden Rd, Eighty Four, PA 15330",
        "url": "www.thomaspres.org",
        "google_maps_url": "https://maps.google.com/?cid=4335057975280934181",
        "size_bucket": "S",
        "affiliate": null
      }
    },
    {
      "id": "8112",
      "type": "Feature",
      "geometry": {
        "type": "Point",
        "coordinates": [
          -80.13140829999999,
          40.15694999999999
        ]
      },
      "properties": {
        "church_name": "Emmanuel United Presbyterian Church",
        "lib_level": 1,
        "full_address": "480 Rt 519, Eighty Four, PA 15330",
        "url": "emmanuelpresby84.wixsite.com/website",
        "google_maps_url": "https://maps.google.com/?cid=6530426959266089727",
        "size_bucket": "XS",
        "affiliate": null
      }
    },
    {
      "id": "8113",
      "type": "Feature",
      "geometry": {
        "type": "Point",
        "coordinates": [
          -79.8913687,
          40.0652498
        ]
      },
      "properties": {
        "church_name": "First Presbyterian Church",
        "lib_level": 0,
        "full_address": "303 4th St, California, PA 15419",
        "url": "calpresby.com",
        "google_maps_url": "https://maps.google.com/?cid=16197397017758997739",
        "size_bucket": "XS",
        "affiliate": null
      }
    },
    {
      "id": "8114",
      "type": "Feature",
      "geometry": {
        "type": "Point",
        "coordinates": [
          -80.41852519999999,
          40.2420397
        ]
      },
      "properties": {
        "church_name": "Grove Presbyterian Church",
        "lib_level": 1,
        "full_address": "125 E Main St, West Middletown, PA 15379",
        "url": null,
        "google_maps_url": "https://maps.google.com/?cid=1831767104373487903",
        "size_bucket": "XS",
        "affiliate": null
      }
    },
    {
      "id": "8115",
      "type": "Feature",
      "geometry": {
        "type": "Point",
        "coordinates": [
          -80.3795136,
          40.159772
        ]
      },
      "properties": {
        "church_name": "Taylorstown Presbyterian Church",
        "lib_level": 0,
        "full_address": "31 Main St, Taylorstown, PA 15365",
        "url": "www.taylorstownpresbyterian.com",
        "google_maps_url": "https://maps.google.com/?cid=12098732898489435602",
        "size_bucket": "XS",
        "affiliate": null
      }
    },
    {
      "id": "8119",
      "type": "Feature",
      "geometry": {
        "type": "Point",
        "coordinates": [
          -80.3869816,
          39.9311388
        ]
      },
      "properties": {
        "church_name": "Unity Presbyterian Church",
        "lib_level": 1,
        "full_address": "109 W Church Ln, Graysville, PA 15337",
        "url": null,
        "google_maps_url": "https://maps.google.com/?cid=3770424677071169116",
        "size_bucket": "XS",
        "affiliate": null
      }
    },
    {
      "id": "8120",
      "type": "Feature",
      "geometry": {
        "type": "Point",
        "coordinates": [
          -79.9302145,
          40.2045004
        ]
      },
      "properties": {
        "church_name": "First Presbyterian Church",
        "lib_level": 1,
        "full_address": "609 Chess St, Monongahela, PA 15063",
        "url": "1stpresbyterianmonongahela.com",
        "google_maps_url": "https://maps.google.com/?cid=13727246935293733922",
        "size_bucket": "XS",
        "affiliate": null
      }
    },
    {
      "id": "8121",
      "type": "Feature",
      "geometry": {
        "type": "Point",
        "coordinates": [
          -79.9933841,
          39.9413995
        ]
      },
      "properties": {
        "church_name": "Hewitt Presbyterian Church",
        "lib_level": 1,
        "full_address": "1206 Crucible Rd, Rices Landing, PA 15357-2133",
        "url": null,
        "google_maps_url": "https://maps.google.com/?cid=7576339257435786003",
        "size_bucket": null,
        "affiliate": null
      }
    },
    {
      "id": "8124",
      "type": "Feature",
      "geometry": {
        "type": "Point",
        "coordinates": [
          -80.41128379999999,
          40.1199848
        ]
      },
      "properties": {
        "church_name": "Claysville Presbyterian Church",
        "lib_level": 0,
        "full_address": "134 Wayne St, Claysville, PA 15323",
        "url": "www.washingtonpresbytery.org/washingtonpresbytery/church/claysville.htm",
        "google_maps_url": "https://maps.google.com/?cid=14841763338660063933",
        "size_bucket": null,
        "affiliate": null
      }
    },
    {
      "id": "8127",
      "type": "Feature",
      "geometry": {
        "type": "Point",
        "coordinates": [
          -80.5087767,
          40.2529419
        ]
      },
      "properties": {
        "church_name": "Lower Buffalo Presbyterian Church",
        "lib_level": 1,
        "full_address": "335 Campground Rd, Avella, PA 15312",
        "url": null,
        "google_maps_url": null,
        "size_bucket": null,
        "affiliate": null
      }
    },
    {
      "id": "8128",
      "type": "Feature",
      "geometry": {
        "type": "Point",
        "coordinates": [
          -80.06732579999999,
          40.1017386
        ]
      },
      "properties": {
        "church_name": "Cokeburg Presbyterian Church",
        "lib_level": 0,
        "full_address": "104 Washington St, Cokeburg, PA 15324",
        "url": null,
        "google_maps_url": "https://maps.google.com/?cid=6343588581990790769",
        "size_bucket": null,
        "affiliate": null
      }
    },
    {
      "id": "8132",
      "type": "Feature",
      "geometry": {
        "type": "Point",
        "coordinates": [
          -80.1774578,
          40.2415372
        ]
      },
      "properties": {
        "church_name": "Chartiers Hill Presbyterian Church",
        "lib_level": 0,
        "full_address": "2230 Washington Rd, Canonsburg, PA 15317-4914",
        "url": "hillchurch.org",
        "google_maps_url": "https://maps.google.com/?cid=10241557488103182237",
        "size_bucket": null,
        "affiliate": null
      }
    },
    {
      "id": "8145",
      "type": "Feature",
      "geometry": {
        "type": "Point",
        "coordinates": [
          -81.3117673,
          37.3251163
        ]
      },
      "properties": {
        "church_name": "Bramwell Presbyterian Church",
        "lib_level": 1,
        "full_address": "Main St, Bramwell, WV 24715, USA",
        "url": null,
        "google_maps_url": "https://maps.google.com/?cid=12816753971957016006",
        "size_bucket": "XS",
        "affiliate": null
      }
    },
    {
      "id": "8149",
      "type": "Feature",
      "geometry": {
        "type": "Point",
        "coordinates": [
          -79.87412239999999,
          38.8431403
        ]
      },
      "properties": {
        "church_name": "Beverly Presbyterian Church",
        "lib_level": 1,
        "full_address": "560 Main St, Beverly, WV 26253",
        "url": null,
        "google_maps_url": "https://maps.google.com/?cid=6671561764916113819",
        "size_bucket": "XS",
        "affiliate": null
      }
    },
    {
      "id": "8163",
      "type": "Feature",
      "geometry": {
        "type": "Point",
        "coordinates": [
          -79.8823056,
          38.3575348
        ]
      },
      "properties": {
        "church_name": "Baxter Presbyterian Church",
        "lib_level": 1,
        "full_address": "15256 Browns Creek Rd., Dunmore, WV 24934",
        "url": null,
        "google_maps_url": null,
        "size_bucket": "XS",
        "affiliate": null
      }
    },
    {
      "id": "8175",
      "type": "Feature",
      "geometry": {
        "type": "Point",
        "coordinates": [
          -80.322441,
          39.27892
        ]
      },
      "properties": {
        "church_name": "Church of Our Saviour Presbyterian Church",
        "lib_level": 1,
        "full_address": "611 E Pike St, Clarksburg, WV 26301-2237",
        "url": null,
        "google_maps_url": "https://maps.google.com/?cid=12209897729424197215",
        "size_bucket": "XS",
        "affiliate": null
      }
    },
    {
      "id": "8177",
      "type": "Feature",
      "geometry": {
        "type": "Point",
        "coordinates": [
          -79.9384955,
          39.0267122
        ]
      },
      "properties": {
        "church_name": "Belington Presbyterian Church",
        "lib_level": 1,
        "full_address": "46 N Sturmer St, Belington, WV 26250",
        "url": null,
        "google_maps_url": "https://maps.google.com/?cid=5303945521506569060",
        "size_bucket": "XS",
        "affiliate": null
      }
    },
    {
      "id": "8178",
      "type": "Feature",
      "geometry": {
        "type": "Point",
        "coordinates": [
          -81.5482227,
          39.2891975
        ]
      },
      "properties": {
        "church_name": "Beechwood Presbyterian Church",
        "lib_level": 1,
        "full_address": "703 30th St, Parkersburg, WV 26101-1605",
        "url": null,
        "google_maps_url": "https://maps.google.com/?cid=12202171007653305766",
        "size_bucket": "XS",
        "affiliate": null
      }
    },
    {
      "id": "8180",
      "type": "Feature",
      "geometry": {
        "type": "Point",
        "coordinates": [
          -81.633106,
          38.3462988
        ]
      },
      "properties": {
        "church_name": "First Presbyterian Church",
        "lib_level": 1,
        "full_address": "16 Leon Sullivan Way, Charleston, WV 25301-2487",
        "url": "www.firstpresby.com",
        "google_maps_url": null,
        "size_bucket": "M",
        "affiliate": null
      }
    },
    {
      "id": "8182",
      "type": "Feature",
      "geometry": {
        "type": "Point",
        "coordinates": [
          -82.44091499999999,
          38.4194189
        ]
      },
      "properties": {
        "church_name": "First Presbyterian Church",
        "lib_level": 0,
        "full_address": "1015 5th Ave, Huntington, WV 25701-2202",
        "url": "www.fpcwv.org",
        "google_maps_url": "https://maps.google.com/?cid=1058070176578155734",
        "size_bucket": "M",
        "affiliate": null
      }
    },
    {
      "id": "8188",
      "type": "Feature",
      "geometry": {
        "type": "Point",
        "coordinates": [
          -80.25673069999999,
          39.2977307
        ]
      },
      "properties": {
        "church_name": "Bridgeport Presbyterian Church",
        "lib_level": 1,
        "full_address": "1 John Calvin Dr, Bridgeport, WV 26330-1179",
        "url": "www.bridgeportpresbyterian.com",
        "google_maps_url": "https://maps.google.com/?cid=17194763143423444861",
        "size_bucket": "S",
        "affiliate": null
      }
    },
    {
      "id": "8190",
      "type": "Feature",
      "geometry": {
        "type": "Point",
        "coordinates": [
          -81.454227,
          39.4005776
        ]
      },
      "properties": {
        "church_name": "First Presbyterian Church",
        "lib_level": 1,
        "full_address": "314 W 5th St, Williamstown, WV 26187",
        "url": "facebook.com/fpcwilliamstown",
        "google_maps_url": "https://maps.google.com/?cid=15150210700348767003",
        "size_bucket": "S",
        "affiliate": null
      }
    },
    {
      "id": "8191",
      "type": "Feature",
      "geometry": {
        "type": "Point",
        "coordinates": [
          -80.33780370000001,
          39.27859950000001
        ]
      },
      "properties": {
        "church_name": "First Presbyterian Church",
        "lib_level": 1,
        "full_address": "175 W Main St, Clarksburg, WV 26301",
        "url": "www.clarksburgfpc.org",
        "google_maps_url": "https://maps.google.com/?cid=2782438429632790552",
        "size_bucket": "S",
        "affiliate": null
      }
    },
    {
      "id": "8193",
      "type": "Feature",
      "geometry": {
        "type": "Point",
        "coordinates": [
          -79.8474782,
          38.9273319
        ]
      },
      "properties": {
        "church_name": "Davis Memorial Presbyterian Church",
        "lib_level": 1,
        "full_address": "450 Randolph Ave, Elkins, WV 26241-3947",
        "url": "www.dmpc.org",
        "google_maps_url": "https://maps.google.com/?cid=1552470115090153542",
        "size_bucket": "S",
        "affiliate": null
      }
    },
    {
      "id": "8194",
      "type": "Feature",
      "geometry": {
        "type": "Point",
        "coordinates": [
          -81.187102,
          37.7773515
        ]
      },
      "properties": {
        "church_name": "Beckley Presbyterian Church",
        "lib_level": 1,
        "full_address": "203 S Kanawha St, Beckley, WV 25801-5616",
        "url": "www.beckleypres.org",
        "google_maps_url": "https://maps.google.com/?cid=15972338369011238919",
        "size_bucket": "S",
        "affiliate": null
      }
    },
    {
      "id": "8196",
      "type": "Feature",
      "geometry": {
        "type": "Point",
        "coordinates": [
          -81.83255120000001,
          38.3690484
        ]
      },
      "properties": {
        "church_name": "Riverlawn Presbyterian Church",
        "lib_level": 0,
        "full_address": "2008 Pennsylvania Ave, St Albans, WV 25177-3560",
        "url": "www.riverlawnchurch.org",
        "google_maps_url": "https://maps.google.com/?cid=4303398552980863264",
        "size_bucket": "S",
        "affiliate": null
      }
    },
    {
      "id": "8203",
      "type": "Feature",
      "geometry": {
        "type": "Point",
        "coordinates": [
          -82.4313379,
          38.4047192
        ]
      },
      "properties": {
        "church_name": "Enslow Park Presbyterian Church",
        "lib_level": 1,
        "full_address": "1338 Enslow Blvd, Huntington, WV 25701",
        "url": "www.enslowpresbychurch.org",
        "google_maps_url": "https://maps.google.com/?cid=9217945044737471650",
        "size_bucket": "XS",
        "affiliate": null
      }
    },
    {
      "id": "8204",
      "type": "Feature",
      "geometry": {
        "type": "Point",
        "coordinates": [
          -82.3132361,
          38.4163001
        ]
      },
      "properties": {
        "church_name": "Bates Memorial Presbyterian Church",
        "lib_level": 1,
        "full_address": "103 Jefferson Park Dr, Huntington, WV 25705",
        "url": "www.bateschurch.org",
        "google_maps_url": "https://maps.google.com/?cid=12939943715941313538",
        "size_bucket": "XS",
        "affiliate": null
      }
    },
    {
      "id": "8206",
      "type": "Feature",
      "geometry": {
        "type": "Point",
        "coordinates": [
          -80.0181655,
          39.3414318
        ]
      },
      "properties": {
        "church_name": "Church of the Covenant Presbyterian Church",
        "lib_level": 1,
        "full_address": "16 E Washington St, Grafton, WV 26354",
        "url": "www.covenantgrafton.com",
        "google_maps_url": "https://maps.google.com/?cid=9633352680763445804",
        "size_bucket": "XS",
        "affiliate": null
      }
    },
    {
      "id": "8208",
      "type": "Feature",
      "geometry": {
        "type": "Point",
        "coordinates": [
          -81.923828,
          38.4488865
        ]
      },
      "properties": {
        "church_name": "Teays Valley Presbyterian Church",
        "lib_level": 0,
        "full_address": "5339 Teays Valley Road, Scott Depot, WV 25560",
        "url": "www.teaysvalleypresby.com",
        "google_maps_url": "https://maps.google.com/?cid=7431637987045416078",
        "size_bucket": "XS",
        "affiliate": null
      }
    },
    {
      "id": "8210",
      "type": "Feature",
      "geometry": {
        "type": "Point",
        "coordinates": [
          -80.40959529999999,
          37.8646307
        ]
      },
      "properties": {
        "church_name": "Clifton Presbyterian Church",
        "lib_level": 1,
        "full_address": "16512 Seneca Trail N, Maxwelton, WV 24957",
        "url": "www.cliftonpresbyterianchurch.com",
        "google_maps_url": "https://maps.google.com/?cid=5368631513677083034",
        "size_bucket": "XS",
        "affiliate": null
      }
    },
    {
      "id": "8213",
      "type": "Feature",
      "geometry": {
        "type": "Point",
        "coordinates": [
          -81.6342226,
          38.3474699
        ]
      },
      "properties": {
        "church_name": "Kanawha Presbyterian Church",
        "lib_level": 1,
        "full_address": "1009 Virginia St E, Charleston, WV 25301-2816",
        "url": "www.kanawha-church.org",
        "google_maps_url": "https://maps.google.com/?cid=11912013800880906",
        "size_bucket": "XS",
        "affiliate": null
      }
    },
    {
      "id": "8215",
      "type": "Feature",
      "geometry": {
        "type": "Point",
        "coordinates": [
          -80.39594090000001,
          37.8338511
        ]
      },
      "properties": {
        "church_name": "Edgewood Presbyterian Church",
        "lib_level": 1,
        "full_address": "162 Harper Rd, Lewisburg, WV 24901-9104",
        "url": null,
        "google_maps_url": "https://maps.google.com/?cid=17021908125424681324",
        "size_bucket": "XS",
        "affiliate": null
      }
    },
    {
      "id": "8219",
      "type": "Feature",
      "geometry": {
        "type": "Point",
        "coordinates": [
          -80.6420237,
          37.725954
        ]
      },
      "properties": {
        "church_name": "Alderson Presbyterian Church",
        "lib_level": 1,
        "full_address": "281 S Monroe St, Alderson, WV 24910, USA",
        "url": null,
        "google_maps_url": "https://maps.google.com/?cid=17060282309053689622",
        "size_bucket": null,
        "affiliate": null
      }
    },
    {
      "id": "8224",
      "type": "Feature",
      "geometry": {
        "type": "Point",
        "coordinates": [
          -81.5758302,
          37.4398622
        ]
      },
      "properties": {
        "church_name": "Anderson Memorial Presbyterian Church",
        "lib_level": 1,
        "full_address": "615 Stewart St, Welch, WV 24801-2123",
        "url": null,
        "google_maps_url": "https://maps.google.com/?cid=4774277228673786379",
        "size_bucket": null,
        "affiliate": null
      }
    },
    {
      "id": "8243",
      "type": "Feature",
      "geometry": {
        "type": "Point",
        "coordinates": [
          -81.1920306,
          37.87022049999999
        ]
      },
      "properties": {
        "church_name": "Bradley Presbyterian Church",
        "lib_level": 1,
        "full_address": "310 Maple Ln, Bradley, WV 25818",
        "url": null,
        "google_maps_url": "https://maps.google.com/?cid=4559938498519884696",
        "size_bucket": null,
        "affiliate": null
      }
    },
    {
      "id": "8252",
      "type": "Feature",
      "geometry": {
        "type": "Point",
        "coordinates": [
          -107.599536,
          37.225592
        ]
      },
      "properties": {
        "church_name": "Pine River Calvary Presbyterian Church",
        "lib_level": 1,
        "full_address": "89 E Mill St, Bayfield, CO 81122",
        "url": "www.bayfieldcpc.org/",
        "google_maps_url": "https://maps.google.com/?cid=11443944378050207317",
        "size_bucket": "XS",
        "affiliate": null
      }
    },
    {
      "id": "8253",
      "type": "Feature",
      "geometry": {
        "type": "Point",
        "coordinates": [
          -108.0697689,
          38.7419039
        ]
      },
      "properties": {
        "church_name": "Delta Presbyterian Church",
        "lib_level": 1,
        "full_address": "135 E 4th St, Delta, CO 81416",
        "url": "www.deltapres.org/",
        "google_maps_url": "https://maps.google.com/?cid=3605108031405834307",
        "size_bucket": "XS",
        "affiliate": null
      }
    },
    {
      "id": "8254",
      "type": "Feature",
      "geometry": {
        "type": "Point",
        "coordinates": [
          -108.5423234,
          39.1037292
        ]
      },
      "properties": {
        "church_name": "First Presbyterian Church",
        "lib_level": 0,
        "full_address": "3940 27 1/2 Rd, Grand Junction, CO 81506-4185",
        "url": "www.firstpresgj.org",
        "google_maps_url": "https://maps.google.com/?cid=1559720850161867312",
        "size_bucket": "L",
        "affiliate": null
      }
    },
    {
      "id": "8255",
      "type": "Feature",
      "geometry": {
        "type": "Point",
        "coordinates": [
          -108.6743469,
          39.0860692
        ]
      },
      "properties": {
        "church_name": "Monument Presbyterian Church",
        "lib_level": 1,
        "full_address": "2018 S Broadway, Grand Junction, CO 81507",
        "url": "www.monumentpc.org",
        "google_maps_url": "https://maps.google.com/?cid=9341163282853844541",
        "size_bucket": "M",
        "affiliate": null
      }
    },
    {
      "id": "8256",
      "type": "Feature",
      "geometry": {
        "type": "Point",
        "coordinates": [
          -107.860238,
          38.4662682
        ]
      },
      "properties": {
        "church_name": "First Presbyterian Church",
        "lib_level": 0,
        "full_address": "1840 E Niagra Rd, Montrose, CO 81401",
        "url": "www.firstpresmontrose.com",
        "google_maps_url": "https://maps.google.com/?cid=11648947912620713154",
        "size_bucket": "M",
        "affiliate": null
      }
    },
    {
      "id": "8257",
      "type": "Feature",
      "geometry": {
        "type": "Point",
        "coordinates": [
          -107.9625794,
          38.84262289999999
        ]
      },
      "properties": {
        "church_name": "Eckert Presbyterian Church",
        "lib_level": 1,
        "full_address": "13025 CO-65, Eckert, CO 81418, USA",
        "url": null,
        "google_maps_url": "https://maps.google.com/?cid=6370165231452298789",
        "size_bucket": "S",
        "affiliate": null
      }
    },
    {
      "id": "8258",
      "type": "Feature",
      "geometry": {
        "type": "Point",
        "coordinates": [
          -107.8775011,
          37.2759048
        ]
      },
      "properties": {
        "church_name": "First Presbyterian Church",
        "lib_level": 1,
        "full_address": "1159 E 3rd Ave, Durango, CO 81301",
        "url": "www.fpcdurango.org",
        "google_maps_url": "https://maps.google.com/?cid=10622091148755873693",
        "size_bucket": "S",
        "affiliate": null
      }
    },
    {
      "id": "8259",
      "type": "Feature",
      "geometry": {
        "type": "Point",
        "coordinates": [
          -107.814179,
          37.9387426
        ]
      },
      "properties": {
        "church_name": "Christ Presbyterian Church",
        "lib_level": 1,
        "full_address": "434 W Columbia, Telluride, CO 81435-0007",
        "url": null,
        "google_maps_url": "https://maps.google.com/?cid=5163312020461647513",
        "size_bucket": "S",
        "affiliate": null
      }
    },
    {
      "id": "8260",
      "type": "Feature",
      "geometry": {
        "type": "Point",
        "coordinates": [
          -108.4602816,
          39.0396606
        ]
      },
      "properties": {
        "church_name": "Covenant Presbyterian Church",
        "lib_level": 0,
        "full_address": "237 32 Rd, Grand Junction, CO 81503-9403",
        "url": "www.covpresgj.org",
        "google_maps_url": "https://maps.google.com/?cid=9806684581541509503",
        "size_bucket": "S",
        "affiliate": null
      }
    },
    {
      "id": "8261",
      "type": "Feature",
      "geometry": {
        "type": "Point",
        "coordinates": [
          -107.3234219,
          39.5435139
        ]
      },
      "properties": {
        "church_name": "First Presbyterian Church",
        "lib_level": 1,
        "full_address": "1016 Cooper Ave, Glenwood Springs, CO 81601",
        "url": "glenwoodspringsfpc.org",
        "google_maps_url": "https://maps.google.com/?cid=11481479592089397476",
        "size_bucket": "XS",
        "affiliate": null
      }
    },
    {
      "id": "8263",
      "type": "Feature",
      "geometry": {
        "type": "Point",
        "coordinates": [
          -107.7778077,
          37.2364184
        ]
      },
      "properties": {
        "church_name": "Florida Presbyterian Church",
        "lib_level": 1,
        "full_address": "1024 CR 230, Durango, CO 81301",
        "url": "floridamesachurch.org",
        "google_maps_url": "https://maps.google.com/?cid=10643677139591713127",
        "size_bucket": null,
        "affiliate": null
      }
    },
    {
      "id": "8265",
      "type": "Feature",
      "geometry": {
        "type": "Point",
        "coordinates": [
          -107.7565426,
          38.1531872
        ]
      },
      "properties": {
        "church_name": "United Church San Juans Presbyterian Church",
        "lib_level": 1,
        "full_address": "295 N Lena St, Ridgway, CO 81432-9364",
        "url": "www.ucsjridgway.org",
        "google_maps_url": null,
        "size_bucket": null,
        "affiliate": null
      }
    },
    {
      "id": "8273",
      "type": "Feature",
      "geometry": {
        "type": "Point",
        "coordinates": [
          -86.43935789999999,
          36.9950358
        ]
      },
      "properties": {
        "church_name": "Cecelia Memorial Presbyterian Church",
        "lib_level": 1,
        "full_address": "716 College St, Bowling Green, KY 42101",
        "url": null,
        "google_maps_url": null,
        "size_bucket": "XS",
        "affiliate": null
      }
    },
    {
      "id": "8276",
      "type": "Feature",
      "geometry": {
        "type": "Point",
        "coordinates": [
          -86.4423959,
          36.9921723
        ]
      },
      "properties": {
        "church_name": "The Presbyterian Church Presbyterian Church",
        "lib_level": 1,
        "full_address": "1003 State St, Bowling Green, KY 42101-2652",
        "url": "www.bgpres.org",
        "google_maps_url": "https://maps.google.com/?cid=17394963451653069383",
        "size_bucket": "M",
        "affiliate": null
      }
    },
    {
      "id": "8281",
      "type": "Feature",
      "geometry": {
        "type": "Point",
        "coordinates": [
          -87.59352419999999,
          37.8374738
        ]
      },
      "properties": {
        "church_name": "Henderson Presbyterian Church",
        "lib_level": 0,
        "full_address": "100 S Main St, Henderson, KY 42420",
        "url": "www.preschurchky.org",
        "google_maps_url": "https://maps.google.com/?cid=12857393159507697009",
        "size_bucket": "S",
        "affiliate": null
      }
    },
    {
      "id": "8294",
      "type": "Feature",
      "geometry": {
        "type": "Point",
        "coordinates": [
          -79.0607981,
          43.0868164
        ]
      },
      "properties": {
        "church_name": "First Presbyterian Church",
        "lib_level": 0,
        "full_address": "311 1stt St, Niagara Falls, NY 14303",
        "url": "www.firstpresnfny.org",
        "google_maps_url": "https://maps.google.com/?cid=10381508382402621468",
        "size_bucket": "XS",
        "affiliate": null
      }
    },
    {
      "id": "8301",
      "type": "Feature",
      "geometry": {
        "type": "Point",
        "coordinates": [
          -79.0498987,
          43.24731999999999
        ]
      },
      "properties": {
        "church_name": "First Presbyterian Church",
        "lib_level": 1,
        "full_address": "100 Church St, Youngstown, NY 14174",
        "url": "youngstownpres.org",
        "google_maps_url": "https://maps.google.com/?cid=11849984556346229490",
        "size_bucket": "M",
        "affiliate": null
      }
    },
    {
      "id": "8334",
      "type": "Feature",
      "geometry": {
        "type": "Point",
        "coordinates": [
          -78.9983184,
          43.12073669999999
        ]
      },
      "properties": {
        "church_name": "Niagara Presbyterian Church",
        "lib_level": 0,
        "full_address": "3712 Military Rd, Niagara Falls, NY 14305-3517",
        "url": "www.revmarple.com",
        "google_maps_url": "https://maps.google.com/?cid=16109263645277169584",
        "size_bucket": null,
        "affiliate": null
      }
    },
    {
      "id": "8379",
      "type": "Feature",
      "geometry": {
        "type": "Point",
        "coordinates": [
          -81.1542649,
          35.2520462
        ]
      },
      "properties": {
        "church_name": "First Presbyterian Church",
        "lib_level": 0,
        "full_address": "1621 E. Garrison Blvd, Gastonia, NC 28054",
        "url": "www.fpcgastonia.org",
        "google_maps_url": "https://maps.google.com/?cid=14191617197703588513",
        "size_bucket": "M",
        "affiliate": null
      }
    },
    {
      "id": "8385",
      "type": "Feature",
      "geometry": {
        "type": "Point",
        "coordinates": [
          -81.70250709999999,
          35.7388452
        ]
      },
      "properties": {
        "church_name": "First Presbyterian Church",
        "lib_level": 0,
        "full_address": "100 Silver Creek Rd, Morganton, NC 28655",
        "url": "www.fpcmorganton.org",
        "google_maps_url": "https://maps.google.com/?cid=8883693520596949531",
        "size_bucket": "M",
        "affiliate": null
      }
    },
    {
      "id": "8387",
      "type": "Feature",
      "geometry": {
        "type": "Point",
        "coordinates": [
          -81.92607819999999,
          36.0885533
        ]
      },
      "properties": {
        "church_name": "Newland Presbyterian Church",
        "lib_level": 0,
        "full_address": "199 Elk St, Newland, NC 28657-0579",
        "url": "newlandpresbyterianchurch.org",
        "google_maps_url": "https://maps.google.com/?cid=6596670507700044596",
        "size_bucket": "M",
        "affiliate": null
      }
    },
    {
      "id": "8389",
      "type": "Feature",
      "geometry": {
        "type": "Point",
        "coordinates": [
          -81.9573616,
          35.3711831
        ]
      },
      "properties": {
        "church_name": "Rutherfordton Presbyterian Church",
        "lib_level": 0,
        "full_address": "252 N Washington St, Rutherfordton, NC 28139",
        "url": "www.rpcnc.org",
        "google_maps_url": "https://maps.google.com/?cid=4572416356404623314",
        "size_bucket": "M",
        "affiliate": null
      }
    },
    {
      "id": "8415",
      "type": "Feature",
      "geometry": {
        "type": "Point",
        "coordinates": [
          -81.3286732,
          35.2883293
        ]
      },
      "properties": {
        "church_name": "Long Creek Presbyterian Church",
        "lib_level": 0,
        "full_address": "701 Long Creek Rd, Kings Mountain, NC 28086",
        "url": "www.facebook.com/longcreek",
        "google_maps_url": "https://maps.google.com/?cid=6656919146605760651",
        "size_bucket": "XS",
        "affiliate": null
      }
    },
    {
      "id": "8431",
      "type": "Feature",
      "geometry": {
        "type": "Point",
        "coordinates": [
          -80.6879105,
          41.90597460000001
        ]
      },
      "properties": {
        "church_name": "North Kingsville Presbyterian Church",
        "lib_level": 1,
        "full_address": "6546 Church St, North Kingsville, OH 44068",
        "url": null,
        "google_maps_url": "https://maps.google.com/?cid=6379898639293590163",
        "size_bucket": "XS",
        "affiliate": null
      }
    },
    {
      "id": "8433",
      "type": "Feature",
      "geometry": {
        "type": "Point",
        "coordinates": [
          -80.8647215,
          41.6086284
        ]
      },
      "properties": {
        "church_name": "Rome United Presbyterian Church",
        "lib_level": 1,
        "full_address": "5170 SR 45, Rome, OH 44085-5026",
        "url": null,
        "google_maps_url": "https://maps.google.com/?cid=12120657064821701789",
        "size_bucket": "XS",
        "affiliate": null
      }
    },
    {
      "id": "8434",
      "type": "Feature",
      "geometry": {
        "type": "Point",
        "coordinates": [
          -81.6277935,
          41.3379894
        ]
      },
      "properties": {
        "church_name": "Korean Central Presbyterian Church",
        "lib_level": 1,
        "full_address": "8220 Brecksville Rd, Brecksville, OH 44141",
        "url": "www.clevelandkcpc.org",
        "google_maps_url": "https://maps.google.com/?cid=8418231714725474699",
        "size_bucket": "L",
        "affiliate": null
      }
    },
    {
      "id": "8435",
      "type": "Feature",
      "geometry": {
        "type": "Point",
        "coordinates": [
          -81.9009916,
          41.4256945
        ]
      },
      "properties": {
        "church_name": "John Knox Presbyterian Church",
        "lib_level": 1,
        "full_address": "25200 Lorain Rd, N Olmsted, OH 44070-2057",
        "url": "www.johnknoxpc.org",
        "google_maps_url": "https://maps.google.com/?cid=4372683510816030841",
        "size_bucket": "M",
        "affiliate": null
      }
    },
    {
      "id": "8438",
      "type": "Feature",
      "geometry": {
        "type": "Point",
        "coordinates": [
          -81.3356441,
          41.5311214
        ]
      },
      "properties": {
        "church_name": "Christ Presbyterian Church",
        "lib_level": 1,
        "full_address": "12419 Chillicothe Rd, Chesterland, OH 44026-2117",
        "url": "www.christpcusa.org",
        "google_maps_url": "https://maps.google.com/?cid=8597917138835691462",
        "size_bucket": "M",
        "affiliate": null
      }
    },
    {
      "id": "8439",
      "type": "Feature",
      "geometry": {
        "type": "Point",
        "coordinates": [
          -81.7958536,
          41.4857531
        ]
      },
      "properties": {
        "church_name": "Lakewood Presbyterian Church",
        "lib_level": 1,
        "full_address": "14502 Detroit Ave, Lakewood, OH 44107",
        "url": "www.lakewoodpresbyterian.org",
        "google_maps_url": "https://maps.google.com/?cid=1114108632234245091",
        "size_bucket": "M",
        "affiliate": null
      }
    },
    {
      "id": "8440",
      "type": "Feature",
      "geometry": {
        "type": "Point",
        "coordinates": [
          -81.99924109999999,
          41.5108419
        ]
      },
      "properties": {
        "church_name": "Avon Lake Presbyterian Church",
        "lib_level": 1,
        "full_address": "32340 Electric Blvd, Avon Lake, OH 44012",
        "url": "www.avonlakechurch.com",
        "google_maps_url": "https://maps.google.com/?cid=11408647675556763377",
        "size_bucket": "M",
        "affiliate": null
      }
    },
    {
      "id": "8443",
      "type": "Feature",
      "geometry": {
        "type": "Point",
        "coordinates": [
          -81.8617252,
          41.4728769
        ]
      },
      "properties": {
        "church_name": "Rocky River Presbyterian Church",
        "lib_level": 1,
        "full_address": "21750 Detroit Rd, Rocky River, OH 44116-2220",
        "url": "www.riverpres.org",
        "google_maps_url": "https://maps.google.com/?cid=13107815747391923430",
        "size_bucket": "S",
        "affiliate": null
      }
    },
    {
      "id": "8446",
      "type": "Feature",
      "geometry": {
        "type": "Point",
        "coordinates": [
          -81.427987,
          41.3967475
        ]
      },
      "properties": {
        "church_name": "Pioneer Memorial Presbyterian Church",
        "lib_level": 0,
        "full_address": "35100 Solon Rd, Solon, OH 44139-2605",
        "url": "www.pioneersolon.org",
        "google_maps_url": "https://maps.google.com/?cid=3957494198477010825",
        "size_bucket": "S",
        "affiliate": null
      }
    },
    {
      "id": "8448",
      "type": "Feature",
      "geometry": {
        "type": "Point",
        "coordinates": [
          -81.8284711,
          41.1386902
        ]
      },
      "properties": {
        "church_name": "Medina Presbyterian Church",
        "lib_level": 1,
        "full_address": "5020 Burgundy Bay Blvd, Medina, OH 44256",
        "url": "www.mpcmedina.org",
        "google_maps_url": "https://maps.google.com/?cid=103234883127512916",
        "size_bucket": "S",
        "affiliate": null
      }
    },
    {
      "id": "8450",
      "type": "Feature",
      "geometry": {
        "type": "Point",
        "coordinates": [
          -80.7830922,
          41.8687406
        ]
      },
      "properties": {
        "church_name": "First Presbyterian Church",
        "lib_level": 1,
        "full_address": "4317 Park Ave, Ashtabula, OH 44004-6858",
        "url": null,
        "google_maps_url": "https://maps.google.com/?cid=18128826553523858896",
        "size_bucket": "S",
        "affiliate": null
      }
    },
    {
      "id": "8453",
      "type": "Feature",
      "geometry": {
        "type": "Point",
        "coordinates": [
          -80.8011578,
          41.8608907
        ]
      },
      "properties": {
        "church_name": "Trinity Presbyterian Church",
        "lib_level": 1,
        "full_address": "1342 W Prospect Rd, Ashtabula, OH 44004-6666",
        "url": "trinityashtabula.org",
        "google_maps_url": "https://maps.google.com/?cid=10818658796110924317",
        "size_bucket": "S",
        "affiliate": null
      }
    },
    {
      "id": "8454",
      "type": "Feature",
      "geometry": {
        "type": "Point",
        "coordinates": [
          -81.34005859999999,
          41.3918715
        ]
      },
      "properties": {
        "church_name": "Valley Presbyterian Church",
        "lib_level": 0,
        "full_address": "17560 Chillicothe Rd, Chagrin Falls, OH 44023-4732",
        "url": "www.valleypresbychurch.org",
        "google_maps_url": "https://maps.google.com/?cid=13628254974160681264",
        "size_bucket": "S",
        "affiliate": null
      }
    },
    {
      "id": "8456",
      "type": "Feature",
      "geometry": {
        "type": "Point",
        "coordinates": [
          -80.868053,
          41.5384719
        ]
      },
      "properties": {
        "church_name": "Orwell North Presbyterian Church",
        "lib_level": 1,
        "full_address": "135 N Maple, Orwell, OH 44076",
        "url": "www.orwellpresbyterianchurch.org",
        "google_maps_url": "https://maps.google.com/?cid=3413756421005028425",
        "size_bucket": "S",
        "affiliate": null
      }
    },
    {
      "id": "8460",
      "type": "Feature",
      "geometry": {
        "type": "Point",
        "coordinates": [
          -80.6770354,
          41.8883776
        ]
      },
      "properties": {
        "church_name": "Kingsville Presbyterian Church",
        "lib_level": 1,
        "full_address": "3056 Main, Kingsville, OH 44048-0041",
        "url": null,
        "google_maps_url": "https://maps.google.com/?cid=16315813019778685202",
        "size_bucket": "XS",
        "affiliate": null
      }
    },
    {
      "id": "8461",
      "type": "Feature",
      "geometry": {
        "type": "Point",
        "coordinates": [
          -80.771756,
          41.8735522
        ]
      },
      "properties": {
        "church_name": "East Side Presbyterian Church",
        "lib_level": 1,
        "full_address": "3440 Edgewood Dr, Ashtabula, OH 44004-5967",
        "url": "www.eastsidepres.org",
        "google_maps_url": "https://maps.google.com/?cid=3746228689967804151",
        "size_bucket": "XS",
        "affiliate": null
      }
    },
    {
      "id": "8468",
      "type": "Feature",
      "geometry": {
        "type": "Point",
        "coordinates": [
          -85.52756099999999,
          39.7939429
        ]
      },
      "properties": {
        "church_name": "Bethel Presbyterian Church",
        "lib_level": 0,
        "full_address": "112 S Franklin St, Knightstown, IN 46148",
        "url": null,
        "google_maps_url": "https://maps.google.com/?cid=12674277232951039085",
        "size_bucket": "XS",
        "affiliate": null
      }
    },
    {
      "id": "8473",
      "type": "Feature",
      "geometry": {
        "type": "Point",
        "coordinates": [
          -86.24221949999999,
          39.9547279
        ]
      },
      "properties": {
        "church_name": "Zionsville Presbyterian Church",
        "lib_level": 0,
        "full_address": "4775 W 116th St, Zionsville, IN 46077-9311",
        "url": "www.zpc.org",
        "google_maps_url": "https://maps.google.com/?cid=12196404683477555943",
        "size_bucket": "L",
        "affiliate": null
      }
    },
    {
      "id": "8475",
      "type": "Feature",
      "geometry": {
        "type": "Point",
        "coordinates": [
          -86.15042969999999,
          39.8180076
        ]
      },
      "properties": {
        "church_name": "Tabernacle Presbyterian Church",
        "lib_level": 0,
        "full_address": "418 E 34th St, Indianapolis, IN 46205-3795",
        "url": "www.tabpres.org",
        "google_maps_url": "https://maps.google.com/?cid=15697632946056817318",
        "size_bucket": "L",
        "affiliate": null
      }
    },
    {
      "id": "8477",
      "type": "Feature",
      "geometry": {
        "type": "Point",
        "coordinates": [
          -86.1279967,
          39.9405582
        ]
      },
      "properties": {
        "church_name": "Orchard Park Presbyterian Church",
        "lib_level": 1,
        "full_address": "1605 E 106th St, Indianapolis, IN 46280-1505",
        "url": "www.orchardpark.org",
        "google_maps_url": "https://maps.google.com/?cid=4669377671298788131",
        "size_bucket": "M",
        "affiliate": null
      }
    },
    {
      "id": "8478",
      "type": "Feature",
      "geometry": {
        "type": "Point",
        "coordinates": [
          -85.9429098,
          39.97104909999999
        ]
      },
      "properties": {
        "church_name": "New Hope Presbyterian Church",
        "lib_level": 1,
        "full_address": "12550 Brooks School Rd, Fishers, IN 46037",
        "url": "www.newhopefishers.org",
        "google_maps_url": null,
        "size_bucket": "M",
        "affiliate": null
      }
    },
    {
      "id": "8501",
      "type": "Feature",
      "geometry": {
        "type": "Point",
        "coordinates": [
          -86.05357219999999,
          39.4819518
        ]
      },
      "properties": {
        "church_name": "First Presbyterian Church",
        "lib_level": 0,
        "full_address": "100 E Madison St, Franklin, IN 46131",
        "url": "ffpc.us",
        "google_maps_url": "https://maps.google.com/?cid=9798988757707816819",
        "size_bucket": "XS",
        "affiliate": null
      }
    },
    {
      "id": "8504",
      "type": "Feature",
      "geometry": {
        "type": "Point",
        "coordinates": [
          -85.16372229999999,
          41.092213
        ]
      },
      "properties": {
        "church_name": "Grace Presbyterian Church",
        "lib_level": 1,
        "full_address": "1811 Fairhill Rd, Fort Wayne, IN 46808-3090",
        "url": "www.gpcfw.org",
        "google_maps_url": "https://maps.google.com/?cid=15610630973764644517",
        "size_bucket": "XS",
        "affiliate": null
      }
    },
    {
      "id": "8525",
      "type": "Feature",
      "geometry": {
        "type": "Point",
        "coordinates": [
          -88.40430669999999,
          43.7699429
        ]
      },
      "properties": {
        "church_name": "First Presbyterian Church",
        "lib_level": 1,
        "full_address": "1225 4th St, Fond Du Lac, WI 54935-4472",
        "url": "www.fdlpresbyterian.org",
        "google_maps_url": "https://maps.google.com/?cid=16780174270336250399",
        "size_bucket": "M",
        "affiliate": null
      }
    },
    {
      "id": "8526",
      "type": "Feature",
      "geometry": {
        "type": "Point",
        "coordinates": [
          -88.0463785,
          44.4499873
        ]
      },
      "properties": {
        "church_name": "First United Presbyterian Church",
        "lib_level": 1,
        "full_address": "605 N Webster Ave, De Pere, WI 54115-3430",
        "url": "www.firstunitedpc.org",
        "google_maps_url": "https://maps.google.com/?cid=13575474925183619944",
        "size_bucket": "M",
        "affiliate": null
      }
    },
    {
      "id": "8529",
      "type": "Feature",
      "geometry": {
        "type": "Point",
        "coordinates": [
          -89.6259718,
          44.9625503
        ]
      },
      "properties": {
        "church_name": "First Presbyterian Church",
        "lib_level": 1,
        "full_address": "406 Grant St, Wausau, WI 54403",
        "url": "www.firstpreswausau.org/",
        "google_maps_url": "https://maps.google.com/?cid=6974627674418269667",
        "size_bucket": "S",
        "affiliate": null
      }
    },
    {
      "id": "8553",
      "type": "Feature",
      "geometry": {
        "type": "Point",
        "coordinates": [
          -104.8196525,
          41.1381381
        ]
      },
      "properties": {
        "church_name": "First Presbyterian Church",
        "lib_level": 0,
        "full_address": "220 W 22nd St, Cheyenne, WY 82001",
        "url": "www.firstprescheyenne.org",
        "google_maps_url": "https://maps.google.com/?cid=11323365142797796134",
        "size_bucket": "M",
        "affiliate": null
      }
    },
    {
      "id": "8554",
      "type": "Feature",
      "geometry": {
        "type": "Point",
        "coordinates": [
          -110.8089762,
          43.4662
        ]
      },
      "properties": {
        "church_name": "Presbyterian Church of Jackson Hole Presbyterian Church",
        "lib_level": 0,
        "full_address": "1251 S Park Loop Rd, Jackson Hole, WY 83001",
        "url": "www.pcjh.org",
        "google_maps_url": "https://maps.google.com/?cid=5827335718838941574",
        "size_bucket": "M",
        "affiliate": null
      }
    },
    {
      "id": "8556",
      "type": "Feature",
      "geometry": {
        "type": "Point",
        "coordinates": [
          -109.0460743,
          44.5171793
        ]
      },
      "properties": {
        "church_name": "First Presbyterian Church",
        "lib_level": 0,
        "full_address": "2025 23rd St, Cody, WY 82414-4923",
        "url": "www.codyfirstpresbyterian.org",
        "google_maps_url": "https://maps.google.com/?cid=18409928358488296449",
        "size_bucket": "S",
        "affiliate": null
      }
    },
    {
      "id": "8558",
      "type": "Feature",
      "geometry": {
        "type": "Point",
        "coordinates": [
          -106.345573,
          42.8051197
        ]
      },
      "properties": {
        "church_name": "Shepherd of the Hills Presbyterian Church",
        "lib_level": 1,
        "full_address": "4600 S Poplar, Casper, WY 82601-6225",
        "url": "www.sothwy.org",
        "google_maps_url": "https://maps.google.com/?cid=13677697669207400574",
        "size_bucket": "S",
        "affiliate": null
      }
    },
    {
      "id": "8569",
      "type": "Feature",
      "geometry": {
        "type": "Point",
        "coordinates": [
          -110.9667868,
          41.267344
        ]
      },
      "properties": {
        "church_name": "Union Presbyterian Church",
        "lib_level": 1,
        "full_address": "224 10th St, Evanston, WY 82931",
        "url": "unionpres.net",
        "google_maps_url": "https://maps.google.com/?cid=11929296874900896475",
        "size_bucket": "XS",
        "affiliate": null
      }
    },
    {
      "id": "8581",
      "type": "Feature",
      "geometry": {
        "type": "Point",
        "coordinates": [
          -108.5493297,
          45.7943307
        ]
      },
      "properties": {
        "church_name": "First Presbyterian Church",
        "lib_level": 0,
        "full_address": "2420 13th St W, Billings, MT 59102",
        "url": "www.fpcbillings.org",
        "google_maps_url": null,
        "size_bucket": "M",
        "affiliate": null
      }
    },
    {
      "id": "8585",
      "type": "Feature",
      "geometry": {
        "type": "Point",
        "coordinates": [
          -112.5500644,
          46.0072316
        ]
      },
      "properties": {
        "church_name": "First Presbyterian Church",
        "lib_level": 1,
        "full_address": "901 W Platinum St, Butte, MT 59701-2219",
        "url": "facebook: buttepresbyterianchurch",
        "google_maps_url": "https://maps.google.com/?cid=16308314906098377092",
        "size_bucket": "S",
        "affiliate": null
      }
    },
    {
      "id": "8595",
      "type": "Feature",
      "geometry": {
        "type": "Point",
        "coordinates": [
          -111.3300955,
          45.8592552
        ]
      },
      "properties": {
        "church_name": "Manhattan Presbyterian Church",
        "lib_level": 0,
        "full_address": "214 N Broadway, Manhattan, MT 59741",
        "url": "www.manhattanpresbyterianchurch.com",
        "google_maps_url": "https://maps.google.com/?cid=9100914773788549152",
        "size_bucket": "XS",
        "affiliate": null
      }
    },
    {
      "id": "8599",
      "type": "Feature",
      "geometry": {
        "type": "Point",
        "coordinates": [
          -149.8085163,
          61.10908589999999
        ]
      },
      "properties": {
        "church_name": "Trinity Presbyterian Church",
        "lib_level": 1,
        "full_address": "12310 Lorraine St, Anchorage, AK 99516-2147",
        "url": "www.trinityalaska.org",
        "google_maps_url": "https://maps.google.com/?cid=178446621319162441",
        "size_bucket": "S",
        "affiliate": null
      }
    },
    {
      "id": "8600",
      "type": "Feature",
      "geometry": {
        "type": "Point",
        "coordinates": [
          -149.4165466,
          61.5895334
        ]
      },
      "properties": {
        "church_name": "First Presbyterian Church",
        "lib_level": 1,
        "full_address": "1375 E Bogard Rd, Wasilla, AK 99654-6524",
        "url": "www.firstpreswasilla.org",
        "google_maps_url": "https://maps.google.com/?cid=854976665443386369",
        "size_bucket": "S",
        "affiliate": null
      }
    },
    {
      "id": "8601",
      "type": "Feature",
      "geometry": {
        "type": "Point",
        "coordinates": [
          -149.1078526,
          61.59830599999999
        ]
      },
      "properties": {
        "church_name": "United Protestant Presbyterian Church",
        "lib_level": 1,
        "full_address": "713 S Denali St, Palmer, AK 99645-6614",
        "url": "www.palmerlogchurch.org",
        "google_maps_url": "https://maps.google.com/?cid=4908801331025659633",
        "size_bucket": "S",
        "affiliate": null
      }
    }
  ]
}
